Surrealism,The Big Wheel,Marc Chagall,1911-1912,https://uploads5.wikiart.org/images/marc-chagall/the-big-wheel.jpg
Surrealism,Feast Day (Rabbi with Lemon),Marc Chagall,1914,https://uploads5.wikiart.org/images/marc-chagall/feast-day-rabbi-with-lemon-1914.jpg
Surrealism,"Relief, Clock",Jean Arp,1914,https://uploads0.wikiart.org/images/jean-arp/relief-clock.jpg
Surrealism,Bookplate Bastiaan Kist,M.C. Escher,1916,https://uploads4.wikiart.org/images/m-c-escher/bookplate-bastiaan-kist.jpg
Surrealism,Invention,Man Ray,1916,https://uploads5.wikiart.org/images/man-ray/invention.jpg
Surrealism,Automatic Drawing,Jean Arp,1916,https://uploads5.wikiart.org/images/jean-arp/automatic-drawing.jpg
Surrealism,Terrestrial Forest Form,Jean Arp,1917,https://uploads7.wikiart.org/images/jean-arp/terrestrial-forest-form-1917.jpg
Surrealism,Double portrait with a glass of wine,Marc Chagall,1918,https://uploads6.wikiart.org/images/marc-chagall/double-portrait-with-a-glass-of-wine-1918.jpg
Surrealism,The Opium Smoker's Dream,Lajos Gulacsy,1918,https://uploads4.wikiart.org/images/gulacsy-lajos/the-opium-smoker-s-dream-1918.jpg
Surrealism,Asian entertainers,Paul Klee,1919,https://uploads6.wikiart.org/images/paul-klee/asian-entertainers-1919(1).jpg
Surrealism,Blocks of Basalt along the Sea,M.C. Escher,1919,https://uploads0.wikiart.org/images/m-c-escher/not_detected_204646.jpg
Surrealism,Twon Tree,M.C. Escher,1919,https://uploads8.wikiart.org/images/m-c-escher/twon-tree.jpg
Surrealism,Jazz,Man Ray,1919,https://uploads0.wikiart.org/images/man-ray/jazz.jpg
Surrealism,Family Excursions,Max Ernst,1919,https://uploads6.wikiart.org/images/max-ernst/family-excursions.jpg
Surrealism,Fruit of a Long Experience,Max Ernst,1919,https://uploads2.wikiart.org/images/max-ernst/fruit-of-a-long-experience-1919.jpg
Surrealism,Politvarus,Stanisław Szukalski,1919,https://uploads3.wikiart.org/00248/images/stanislaw-szukalski/totp.jpg
Surrealism,Before the snow,Paul Klee,1920,https://uploads3.wikiart.org/images/paul-klee/before-the-snow-1920(1).jpg
Surrealism,The Lamb,Paul Klee,1920,https://uploads5.wikiart.org/images/paul-klee/the-lamb-1920(1).jpg
Surrealism,Composition with Circles and Goat,Marc Chagall,1920,https://uploads3.wikiart.org/images/marc-chagall/composition-with-circles-and-goat-1920.jpg
Surrealism,Fall of man,M.C. Escher,1920,https://uploads1.wikiart.org/images/m-c-escher/fall-of-man.jpg
Surrealism,Female Nude I,M.C. Escher,1920,https://uploads3.wikiart.org/images/m-c-escher/female-nude-i.jpg
Surrealism,Female Nude in a Landscape,M.C. Escher,1920,https://uploads7.wikiart.org/images/m-c-escher/female-nude-in-a-landscape.jpg
Surrealism,Fairy-Tale,M.C. Escher,1920,https://uploads0.wikiart.org/images/m-c-escher/not_detected_204648.jpg
Surrealism,Birds of a Feather,Pablo Picasso,1920,https://uploads7.wikiart.org/images/pablo-picasso/birds-of-a-feather-1920.jpg
Surrealism,Studio,Pablo Picasso,1920,https://uploads4.wikiart.org/images/pablo-picasso/studio-1920.jpg
Surrealism,Two bathers,Pablo Picasso,1920,https://uploads0.wikiart.org/images/pablo-picasso/two-bathers-1920.jpg
Surrealism,Woman sitting in an armchair,Pablo Picasso,1920,https://uploads8.wikiart.org/images/pablo-picasso/woman-sitting-in-an-armchair-1920.jpg
Surrealism,A little sick horse's leg,Max Ernst,1920,https://uploads1.wikiart.org/images/max-ernst/a-little-sick-horse-s-leg-1920.jpg
Surrealism,The hat makes the man,Max Ernst,1920,https://uploads6.wikiart.org/images/max-ernst/the-hat-makes-the-man-1920.jpg
Surrealism,The slug room,Max Ernst,1920,https://uploads7.wikiart.org/images/max-ernst/the-slug-room-1920.jpg
Surrealism,Untitled,Max Ernst,1920,https://uploads2.wikiart.org/images/max-ernst/untitled-1920.jpg
Surrealism,Birds in an Aquarium,Jean Arp,1920,https://uploads5.wikiart.org/images/jean-arp/birds-in-aquarium.jpg
Surrealism,Leafage and Drops,Jean Arp,1920,https://uploads5.wikiart.org/images/jean-arp/leafage-and-drops.jpg
Surrealism,Wild West,M.C. Escher,1920,https://uploads4.wikiart.org/images/m-c-escher/wild-west-1920.jpg
Surrealism,Reptil que sube,Xul Solar,1920,https://uploads0.wikiart.org/images/xul-solar/reptil-que-sube-1920.jpg
Surrealism,Diana in the Autumn Wind,Paul Klee,1921,https://uploads3.wikiart.org/images/paul-klee/diana-in-the-autumn-wind-1921(1).jpg
Surrealism,Six species,Paul Klee,1921,https://uploads8.wikiart.org/images/paul-klee/six-species-1921(1).jpg
Surrealism,Witch scene,Paul Klee,1921,https://uploads8.wikiart.org/images/paul-klee/witch-scene-1921(1).jpg
Surrealism,Paradise,M.C. Escher,1921,https://uploads7.wikiart.org/images/m-c-escher/paradise.jpg
Surrealism,The Sphere,M.C. Escher,1921,https://uploads0.wikiart.org/images/m-c-escher/the-sphere.jpg
Surrealism,"Birds also Birds, Fish Snake and Scarecrow",Max Ernst,1921,https://uploads3.wikiart.org/images/max-ernst/birds-also-birds-fish-snake-and-scarecrow.jpg
Surrealism,Chimera,Max Ernst,1921,https://uploads1.wikiart.org/images/max-ernst/chimera-1921.jpg
Surrealism,Seascape,Max Ernst,1921,https://uploads2.wikiart.org/images/max-ernst/seascape-1921.jpg
Surrealism,The Word (Woman Bird),Max Ernst,1921,https://uploads4.wikiart.org/images/max-ernst/the-word-woman-bird-1921.jpg
Surrealism,Analysis of diverse perversities,Paul Klee,1922,https://uploads2.wikiart.org/images/paul-klee/analysis-of-diverse-perversities-1922(1).jpg
Surrealism,"Illustration for review ""Troyer/Courant""",Marc Chagall,1922,https://uploads8.wikiart.org/images/marc-chagall/illustration-for-review-troyer-courant-1922.jpg
Surrealism,"Illustration for review ""Troyer/Courant""",Marc Chagall,1922,https://uploads1.wikiart.org/images/marc-chagall/illustration-for-review-troyer-courant-1922-1.jpg
Surrealism,"Illustration for review ""Troyer/Courant""",Marc Chagall,1922,https://uploads1.wikiart.org/images/marc-chagall/illustration-for-review-troyer-courant-1922-2.jpg
Surrealism,"Illustration for review ""Troyer/Courant""",Marc Chagall,1922,https://uploads1.wikiart.org/images/marc-chagall/illustration-for-review-troyer-courant-1922-3.jpg
Surrealism,"Illustration for review ""Troyer/Courant""",Marc Chagall,1922,https://uploads1.wikiart.org/images/marc-chagall/illustration-for-review-troyer-courant-1922-4.jpg
Surrealism,"Illustration for review ""Troyer/Courant""",Marc Chagall,1922,https://uploads1.wikiart.org/images/marc-chagall/illustration-for-review-troyer-courant-1922-5.jpg
Surrealism,"Illustration for review ""Troyer/Courant""",Marc Chagall,1922,https://uploads1.wikiart.org/images/marc-chagall/illustration-for-review-troyer-courant-1922-6.jpg
Surrealism,"Illustration for review ""Troyer/Courant""",Marc Chagall,1922,https://uploads1.wikiart.org/images/marc-chagall/illustration-for-review-troyer-courant-1922-7.jpg
Surrealism,"Illustration for review ""Troyer/Courant""",Marc Chagall,1922,https://uploads1.wikiart.org/images/marc-chagall/illustration-for-review-troyer-courant-1922-8.jpg
Surrealism,St. Francis preaching to the Birds,M.C. Escher,1922,https://uploads5.wikiart.org/images/m-c-escher/st-francis-preaching-to-the-birds.jpg
Surrealism,A Friends' Reunion,Max Ernst,1922,https://uploads5.wikiart.org/images/max-ernst/a-friends-reunion-1922(1).jpg
Surrealism,"Illustration for ""The Misfortunes of the Immortals""",Max Ernst,1922,https://uploads7.wikiart.org/images/max-ernst/illustration-for-the-misfortunes-of-the-immortals-1922.jpg
Surrealism,"Illustration for ""The Misfortunes of the Immortals""",Max Ernst,1922,https://uploads0.wikiart.org/images/max-ernst/illustration-for-the-misfortunes-of-the-immortals-1922-1.jpg
Surrealism,Oedipus Rex,Max Ernst,1922,https://uploads5.wikiart.org/images/max-ernst/oedipus-rex-1922.jpg
Surrealism,"The Arrival of travellers (Illustration for ""The Misfortunes of the Immortals"")",Max Ernst,1922,https://uploads6.wikiart.org/images/max-ernst/the-arrival-of-travellers-illustration-for-the-misfortunes-of-the-immortals-1922.jpg
Surrealism,"The Harmonious Fagot (Illustration for ""The Misfortunes of the Immortals"")",Max Ernst,1922,https://uploads1.wikiart.org/images/max-ernst/the-harmonious-fagot-illustration-for-the-misfortunes-of-the-immortals-1922.jpg
Surrealism,Broderie,Francis Picabia,1922,https://uploads3.wikiart.org/images/francis-picabia/broderie.jpg
Surrealism,Pegaso de Sol,Xul Solar,1922,https://uploads7.wikiart.org/images/xul-solar/pegaso-de-sol-1922.jpg
Surrealism,Las Cuatro,Xul Solar,1922,https://uploads4.wikiart.org/images/xul-solar/las-cuatro-1922.jpg
Surrealism,Flower Piece,Franz Sedlacek,1922,https://uploads4.wikiart.org/00167/images/franz-sedlacek/flower-piece-1922.jpg
Surrealism,Ghost of a Genius,Paul Klee,1922,https://uploads8.wikiart.org/00238/images/paul-klee/382px-paul-klee-gespenst-eines-genies-ghost-of-a-genius-google-art-project.jpg
Surrealism,Battle scene from the comic fantastic opera 'The Seafarer',Paul Klee,1923,https://uploads8.wikiart.org/images/paul-klee/battle-scene-from-the-comic-fantastic-opera-the-seafarer-1923(1).jpg
Surrealism,Puppet theater,Paul Klee,1923,https://uploads2.wikiart.org/images/paul-klee/puppet-theater-1923(1).jpg
Surrealism,Seventeen,Paul Klee,1923,https://uploads6.wikiart.org/images/paul-klee/seventeen-1923(1).jpg
Surrealism,Ravello I,M.C. Escher,1923,https://uploads8.wikiart.org/images/m-c-escher/ravello-i.jpg
Surrealism,Ravello II,M.C. Escher,1923,https://uploads0.wikiart.org/images/m-c-escher/ravello-ii.jpg
Surrealism,Portrait of woman in d`hermine pass (Olga),Pablo Picasso,1923,https://uploads8.wikiart.org/images/pablo-picasso/untitled-1937-8.jpg
Surrealism,The Carbide Lamp,Joan Miro,1922-1923,https://uploads1.wikiart.org/images/joan-miro/the-carbide-lamp-1923.jpg
Surrealism,The Ear of Grain,Joan Miro,1922-1923,https://uploads0.wikiart.org/images/joan-miro/the-ear-of-corn-1923.jpg
Surrealism,The Tilled Field,Joan Miro,1923,https://uploads1.wikiart.org/images/joan-miro/the-tilled-field-1924.jpg
Surrealism,At the First Clear Word,Max Ernst,1923,https://uploads8.wikiart.org/images/max-ernst/at-the-first-clear-word-1923.jpg
Surrealism,Castor and Pollution,Max Ernst,1923,https://uploads8.wikiart.org/images/max-ernst/castor-and-pollution-1923(1).jpg
Surrealism,"Enter, Exit",Max Ernst,1923,https://uploads4.wikiart.org/images/max-ernst/enter-exit-1923.jpg
Surrealism,Long Live Love,Max Ernst,1923,https://uploads8.wikiart.org/images/max-ernst/long-live-love-1923.jpg
Surrealism,Of This Men Shall Know Nothing,Max Ernst,1923,https://uploads6.wikiart.org/images/max-ernst/of-this-men-shall-know-nothing-1923.jpg
Surrealism,Pieta (Revolution by Night),Max Ernst,1923,https://uploads1.wikiart.org/images/max-ernst/pieta-revolution-by-night-1923.jpg
Surrealism,Saint Cecilia (Invisible piano),Max Ernst,1923,https://uploads5.wikiart.org/images/max-ernst/saint-cecilia-invisible-piano-1923.jpg
Surrealism,The Wavering Woman,Max Ernst,1923,https://uploads3.wikiart.org/images/max-ernst/the-wavering-woman-1923.jpg
Surrealism,"Woman, Old Man and Flower Femme",Max Ernst,1923,https://uploads1.wikiart.org/images/max-ernst/woman-old-man-and-flower-femme.jpg
Surrealism,Self Portrait with Madame Papazoff,Georges Papazoff,1921-1923,https://uploads7.wikiart.org/images/georges-papazoff/autoportrait-avec-madame-papazoff-1923.jpg
Surrealism,Landscape with Rocks,Andre Masson,1923,https://uploads3.wikiart.org/images/andre-masson/landscape-with-rocks.jpg
Surrealism,Indestructible Object (or Object to Be Destroyed),Man Ray,1923,https://uploads3.wikiart.org/images/man-ray/indestructible-object-or-object-to-be-destroyed-1923.jpg
Surrealism,La Rochelle,Edward Wadsworth,1923,https://uploads6.wikiart.org/images/edward-wadsworth/la-rochelle-1923(1).jpg
Surrealism,Seaport,Edward Wadsworth,1923,https://uploads8.wikiart.org/images/edward-wadsworth/seaport-1923.jpg
Surrealism,Torso,Leon Underwood,1923,https://uploads4.wikiart.org/images/leon-underwood/torso-1923.jpg
Surrealism,Juzgue,Xul Solar,1923,https://uploads0.wikiart.org/images/xul-solar/juzgue-1923.jpg
Surrealism,Ña Diáfana,Xul Solar,1923,https://uploads3.wikiart.org/images/xul-solar/a-di-fana-1923.jpg
Surrealism,Tú y Yo,Xul Solar,1923,https://uploads0.wikiart.org/images/xul-solar/t-y-yo-1923.jpg
Surrealism,Aquarium,Jindrich Styrsky,1923,https://uploads5.wikiart.org/00280/images/jindrich-styrsky/jind-ich-tyrsk-aquarium.jpg
Surrealism,"Costume Représentant Parties Du Monde, Bal Louis XIV",Valentine Hugo,1923,https://uploads2.wikiart.org/00281/images/valentine-hugo/costume-repr-sentant-parties-du-monde-bal-louis-xiv-1923-3.jpg
Surrealism,"Costume Représentant Parties Du Monde, Bal Louis XIV",Valentine Hugo,1923,https://uploads0.wikiart.org/00281/images/valentine-hugo/costume-repr-sentant-parties-du-monde-bal-louis-xiv-1923.jpg
Surrealism,"Costume Représentant Parties Du Monde, Bal Louis XIV",Valentine Hugo,1923,https://uploads2.wikiart.org/00281/images/valentine-hugo/costume-repr-sentant-parties-du-monde-bal-louis-xiv-1923-2.jpg
Surrealism,"Costume Représentant Parties Du Monde, Bal Louis XIV",Valentine Hugo,1923,https://uploads2.wikiart.org/00281/images/valentine-hugo/costume-repr-sentant-parties-du-monde-bal-louis-xiv-1923-1.jpg
Surrealism,Saying Grace,Albin Egger-Lienz,1923,https://uploads0.wikiart.org/00310/images/albin-egger-lienz/20201009-180150.jpg
Surrealism,Botanical Theater,Paul Klee,1924,https://uploads5.wikiart.org/images/paul-klee/botanical-theater-1924(1).jpg
Surrealism,Portrait of Garcia Lorca,Salvador Dali,1924,https://uploads8.wikiart.org/images/salvador-dali/portrait-of-garcia-lorca.jpg
Surrealism,"Guitar, Glass and Fruit Dish with Fruit",Pablo Picasso,1924,https://uploads0.wikiart.org/images/pablo-picasso/guitar-glass-and-fruit-dish-with-fruit-1924.jpg
Surrealism,Bottle of Vine,Joan Miro,1924,https://uploads3.wikiart.org/images/joan-miro/bottle-of-vine.jpg
Surrealism,Bouquet of Flowers. Smile of My Blond,Joan Miro,1924,https://uploads7.wikiart.org/images/joan-miro/bouquet-of-flowers-smile-of-my-blond.jpg
Surrealism,Catalan Landscape (The Hunter),Joan Miro,1923-1924,https://uploads4.wikiart.org/images/joan-miro/catalan-landscape-the-hunter-1924.jpg
Surrealism,Catalan Peasant with a Guitar,Joan Miro,1924,https://uploads0.wikiart.org/images/joan-miro/catalan-peasant-with-a-guitar.jpg
Surrealism,Hermitage,Joan Miro,1924,https://uploads7.wikiart.org/images/joan-miro/hermitage.jpg
Surrealism,Maternity,Joan Miro,1924,https://uploads7.wikiart.org/images/joan-miro/maternity.jpg
Surrealism,Portrait de Mme. K.,Joan Miro,1924,https://uploads8.wikiart.org/images/joan-miro/not_detected_227966.jpg
Surrealism,The Hunter,Joan Miro,1923-1924,https://uploads4.wikiart.org/images/joan-miro/the-hunter-1924.jpg
Surrealism,Gala Éluard,Max Ernst,1924,https://uploads5.wikiart.org/images/max-ernst/gala-éluard-1924.jpg
Surrealism,The letter,Max Ernst,1924,https://uploads4.wikiart.org/images/max-ernst/the-letter-1924.jpg
Surrealism,Sunrise,Francis Picabia,1924,https://uploads2.wikiart.org/images/francis-picabia/sunrise.jpg
Surrealism,"Veglione, Cannes, 1924",Francis Picabia,1924,https://uploads2.wikiart.org/images/francis-picabia/veglione-cannes-1924-1924.jpg
Surrealism,Red Glove and White Glove,Georges Papazoff,1924,https://uploads8.wikiart.org/images/georges-papazoff/red-glove-and-white-glove-1924.jpg
Surrealism,Dunkerque,Edward Wadsworth,1924,https://uploads4.wikiart.org/images/edward-wadsworth/dunkerque-1924(1).jpg
Surrealism,"L'Avant Port, Marseilles",Edward Wadsworth,1924,https://uploads0.wikiart.org/images/edward-wadsworth/l-avant-port-marseilles-1924(1).jpg
Surrealism,"Marseilles Harbour, Quai du Port",Edward Wadsworth,1924,https://uploads5.wikiart.org/images/edward-wadsworth/marseilles-harbour-quai-du-port-1924.jpg
Surrealism,"Rue Fontaine de Caylus, Marseilles, France",Edward Wadsworth,1924,https://uploads5.wikiart.org/images/edward-wadsworth/rue-fontaine-de-caylus-marseilles-france-1924.jpg
Surrealism,Southern harbor,Sven Jonson,1924,https://uploads5.wikiart.org/images/sven-jonson/southern-harbor-1924(4).jpg
Surrealism,Flux (The Runner),Leon Underwood,1924,https://uploads5.wikiart.org/images/leon-underwood/flux-the-runner-1924.jpg
Surrealism,Dos Parejas,Xul Solar,1924,https://uploads5.wikiart.org/images/xul-solar/dos-parejas-1924.jpg
Surrealism,Still Life with Bottles and Breton Bonnets,Pierre Roy,1924,https://uploads1.wikiart.org/images/pierre-roy/still-life-with-bottles-and-breton-bonnets-1924.jpg
Surrealism,Bay,Boleslas Biegas,1924,https://uploads2.wikiart.org/00233/images/boleslas-biegas/1924-bay.jpg
Surrealism,Souvenir,Jindrich Styrsky,1924,https://uploads4.wikiart.org/00280/images/jindrich-styrsky/souvenir-1924.jpg
Surrealism,The Family,Joan Miro,1924,https://uploads8.wikiart.org/00286/images/joan-miro/the-family-1924.jpg
Surrealism,Especie inverosimil,Ramon Oviedo,XX cent.,https://uploads2.wikiart.org/images/ramon-oviedo/especie-inverosimil.jpg
Surrealism,FORMA DE PERCUSION,Ramon Oviedo,XX cent.,https://uploads4.wikiart.org/images/ramon-oviedo/forma-de-percusion(4).jpg
Surrealism,FORMA MILENARIA,Ramon Oviedo,XX cent.,https://uploads1.wikiart.org/images/ramon-oviedo/forma-milenaria(3).jpg
Surrealism,HABITANTES DEL SILENCIO,Ramon Oviedo,XX cent.,https://uploads0.wikiart.org/images/ramon-oviedo/habitantes-del-silencio(4).jpg
Surrealism,"Hombre Toro, Leon de Oro",Ramon Oviedo,XX cent.,https://uploads6.wikiart.org/images/ramon-oviedo/hombre-toro-leon-de-oro.jpg
Surrealism,Ignorantes del Tiempo,Ramon Oviedo,XX cent.,https://uploads4.wikiart.org/images/ramon-oviedo/ignorantes-del-tiempo.jpg
Surrealism,NUBARRON NOCTURNO,Ramon Oviedo,XX cent.,https://uploads3.wikiart.org/images/ramon-oviedo/nubarron-nocturno(4).jpg
Surrealism,RESTOS DE UN PRIMARIO,Ramon Oviedo,XX cent.,https://uploads7.wikiart.org/images/ramon-oviedo/restos-de-un-primario(4).jpg
Surrealism,Simulacro,Ramon Oviedo,XX cent.,https://uploads4.wikiart.org/images/ramon-oviedo/simulacro(4).jpg
Surrealism,VAINA,Ramon Oviedo,XX cent.,https://uploads0.wikiart.org/images/ramon-oviedo/vaina(4).jpg
Surrealism,FORMA BURLONA,Ramon Oviedo,XX cent.,https://uploads5.wikiart.org/images/ramon-oviedo/forma-burlona.jpg
Surrealism,FORMA DE EMITIR SONIDOS,Ramon Oviedo,XX cent.,https://uploads6.wikiart.org/images/ramon-oviedo/forma-de-emitir-sonidos.jpg
Surrealism,FORMA SEMIDEFINIDA,Ramon Oviedo,XX cent.,https://uploads1.wikiart.org/images/ramon-oviedo/forma-semidefinida.jpg
Surrealism,HABITANTES DEL SILENCIO 2,Ramon Oviedo,XX cent.,https://uploads8.wikiart.org/images/ramon-oviedo/habitantes-del-silencio-2.jpg
Surrealism,FORMA HERIDA,Ramon Oviedo,XX cent.,https://uploads4.wikiart.org/images/ramon-oviedo/forma-herida.jpg
Surrealism,Formas en transicion,Ramon Oviedo,XX cent.,https://uploads3.wikiart.org/images/ramon-oviedo/formas-en-transicion.jpg
Surrealism,Naked on a white cock,Marc Chagall,1925,https://uploads0.wikiart.org/images/marc-chagall/naked-on-a-white-cock-1925.jpg
Surrealism,Saint Vincent Martyr,M.C. Escher,1925,https://uploads1.wikiart.org/images/m-c-escher/saint-vincent-martyr.jpg
Surrealism,The 2nd Day of the Creation,M.C. Escher,1925,https://uploads8.wikiart.org/images/m-c-escher/the-2nd-day-of-the-creation.jpg
Surrealism,Vitorchiano nel Cimino,M.C. Escher,1925,https://uploads3.wikiart.org/images/m-c-escher/vitorchiano-nel-cimino.jpg
Surrealism,Nocturne,Rene Magritte,1925,https://uploads0.wikiart.org/images/rene-magritte/nocturne-1925(1).jpg
Surrealism,The window,Rene Magritte,1925,https://uploads2.wikiart.org/images/rene-magritte/the-window-1925(1).jpg
Surrealism,Untitled,Rene Magritte,1925,https://uploads4.wikiart.org/images/rene-magritte/untitled(1).jpg
Surrealism,Coupes 6,Salvador Dali,1925,https://uploads1.wikiart.org/images/salvador-dali/coupes-6.jpg
Surrealism,Female Nude,Salvador Dali,1925,https://uploads6.wikiart.org/images/salvador-dali/female-nude-1.jpg
Surrealism,Plaster head and arm,Pablo Picasso,1925,https://uploads0.wikiart.org/images/pablo-picasso/plaster-head-and-arm-1925.jpg
Surrealism,Still life with antique bust,Pablo Picasso,1925,https://uploads8.wikiart.org/images/pablo-picasso/still-life-with-antique-bust-1925.jpg
Surrealism,Still life with fishing net,Pablo Picasso,1925,https://uploads7.wikiart.org/images/pablo-picasso/still-life-with-fishing-net-1925.jpg
Surrealism,The dance,Pablo Picasso,1925,https://uploads7.wikiart.org/images/pablo-picasso/the-dance-1925.jpg
Surrealism,The Kiss,Pablo Picasso,1925,https://uploads6.wikiart.org/images/pablo-picasso/the-kiss-1925.jpg
Surrealism,The sculpture,Pablo Picasso,1925,https://uploads2.wikiart.org/images/pablo-picasso/the-sculpture-1925.jpg
Surrealism,Bathing Woman,Joan Miro,1925,https://uploads2.wikiart.org/images/joan-miro/bathing-woman.jpg
Surrealism,Dancer,Joan Miro,1925,https://uploads4.wikiart.org/images/joan-miro/dancer.jpg
Surrealism,Harlequin's Carnival,Joan Miro,1924-1925,https://uploads5.wikiart.org/images/joan-miro/harlequin-s-carnival-1925.jpg
Surrealism,Head of a Catalan Peasant (2),Joan Miro,1925,https://uploads7.wikiart.org/images/joan-miro/head-of-a-catalan-peasant-2.jpg
Surrealism,Landscape,Joan Miro,1924-1925,https://uploads3.wikiart.org/images/joan-miro/landscape-1925.jpg
Surrealism,Untitled,Joan Miro,1925,https://uploads8.wikiart.org/images/joan-miro/not_detected_227927.jpg
Surrealism,Catalan Peasant Head,Joan Miro,1924-1925,https://uploads8.wikiart.org/images/joan-miro/not_detected_227967.jpg
Surrealism,Smoker Head,Joan Miro,1925,https://uploads8.wikiart.org/images/joan-miro/not_detected_227968.jpg
Surrealism,The White Glove,Joan Miro,1925,https://uploads8.wikiart.org/images/joan-miro/not_detected_227969.jpg
Surrealism,Painting,Joan Miro,1925,https://uploads8.wikiart.org/images/joan-miro/not_detected_227970.jpg
Surrealism,Painting (Man with a Pipe),Joan Miro,1925,https://uploads8.wikiart.org/images/joan-miro/not_detected_227983.jpg
Surrealism,Siesta,Joan Miro,1925,https://uploads4.wikiart.org/images/joan-miro/siesta.jpg
Surrealism,Stars in Snails' Sexes,Joan Miro,1925,https://uploads1.wikiart.org/images/joan-miro/stars-in-snails-sexes.jpg
Surrealism,The Birth of the World,Joan Miro,1925,https://uploads2.wikiart.org/images/joan-miro/the-birth-of-the-world.jpg
Surrealism,"Eve, the Only One Left to Us",Max Ernst,1925,https://uploads3.wikiart.org/images/max-ernst/eve-the-only-one-left-to-us-1925.jpg
Surrealism,Leaf customs,Max Ernst,1925,https://uploads6.wikiart.org/images/max-ernst/leaf-customs-1925.jpg
Surrealism,Paris dream,Max Ernst,1925,https://uploads5.wikiart.org/images/max-ernst/paris-dream-1925.jpg
Surrealism,Sea and Sun,Max Ernst,1925,https://uploads5.wikiart.org/images/max-ernst/sea-and-sun-1925.jpg
Surrealism,She keeps her secret,Max Ernst,1925,https://uploads5.wikiart.org/images/max-ernst/she-keeps-her-secret-1925.jpg
Surrealism,The Beautiful Season,Max Ernst,1925,https://uploads5.wikiart.org/images/max-ernst/the-beautiful-season-1925.jpg
Surrealism,The Blue Forest,Max Ernst,1925,https://uploads0.wikiart.org/images/max-ernst/the-blue-forest-1925.jpg
Surrealism,The Couple in Lace,Max Ernst,1925,https://uploads3.wikiart.org/images/max-ernst/the-couple-in-lace-1925.jpg
Surrealism,The large forest,Max Ernst,1925,https://uploads5.wikiart.org/images/max-ernst/the-large-forest.jpg
Surrealism,Match Woman,Francis Picabia,1924-1925,https://uploads2.wikiart.org/images/francis-picabia/match-woman-1925.jpg
Surrealism,The Acrobates,Francis Picabia,1925,https://uploads8.wikiart.org/images/francis-picabia/the-acrobates.jpg
Surrealism,Dance,Jean Arp,1925,https://uploads2.wikiart.org/images/jean-arp/dance.jpg
Surrealism,Composition,Georges Papazoff,1925,https://uploads3.wikiart.org/images/georges-papazoff/composition-1925.jpg
Surrealism,Papillons,Georges Papazoff,1925,https://uploads1.wikiart.org/images/georges-papazoff/papillons-1925.jpg
Surrealism,The Sea,Georges Papazoff,1925,https://uploads8.wikiart.org/images/georges-papazoff/the-sea-1925.jpg
Surrealism,Moustaches,Jean Arp,1925,https://uploads3.wikiart.org/images/jean-arp/moustaches-1925.jpg
Surrealism,Nude,Edward Weston,1925,https://uploads2.wikiart.org/images/edward-weston/nude-1925.jpg
Surrealism,Tribute to Saint-Pol Roux,Andre Masson,1925,https://uploads8.wikiart.org/images/andre-masson/tribute-to-saint-pol-roux.jpg
Surrealism,"Knight, White Horse and Snake",Victor Brauner,1925,https://uploads0.wikiart.org/images/victor-brauner/knight-white-horse-and-snake-1925.jpg
Surrealism,Louis Pasteur,Leon Arthur Tutundjian,1925,https://uploads2.wikiart.org/images/leon-arthur-tutundjian/louis-pasteur-1925.jpg
Surrealism,Nature morte aux pommes,Leon Arthur Tutundjian,1925,https://uploads3.wikiart.org/images/leon-arthur-tutundjian/nature-morte-aux-pommes-1925.jpg
Surrealism,Marine Screw Propeller,Edward Wadsworth,1925,https://uploads5.wikiart.org/images/edward-wadsworth/marine-screw-propeller-1925.jpg
Surrealism,Proue de naivre et papillons,Pierre Roy,1925,https://uploads5.wikiart.org/images/pierre-roy/proue-de-naivre-et-papillons-1925.jpg
Surrealism,San Danza,Xul Solar,1925,https://uploads3.wikiart.org/images/xul-solar/san-danza-1925.jpg
Surrealism,Country Cemetery,Jindrich Styrsky,1925,https://uploads4.wikiart.org/00280/images/jindrich-styrsky/jind-ich-tyrsk-country-cemetery.jpg
Surrealism,Cover for Roztočené Jeviště (The Turned Staged),Jindrich Styrsky,1925,https://uploads3.wikiart.org/00280/images/jindrich-styrsky/cover-for-rozto-en-jevi-t-the-turned-staged-1925.jpg
Surrealism,I Came Like I Promised,Yves Tanguy,1926,https://uploads0.wikiart.org/images/yves-tanguy/i-came-like-i-promised-1926.jpg
Surrealism,Storm(Black Landscape),Yves Tanguy,1926,https://uploads8.wikiart.org/images/yves-tanguy/storm-black-landscape-1926.jpg
Surrealism,The Travelling Performers,Yves Tanguy,1926,https://uploads3.wikiart.org/images/yves-tanguy/the-travelling-performers-1926.jpg
Surrealism,Aroundfish,Paul Klee,1926,https://uploads7.wikiart.org/images/paul-klee/aroundfish-1926(1).jpg
Surrealism,Bella in Mourillon,Marc Chagall,1926,https://uploads6.wikiart.org/images/marc-chagall/bella-in-mourillon-1926.jpg
Surrealism,Chrysanthemums,Marc Chagall,1926,https://uploads2.wikiart.org/images/marc-chagall/chrysanthemums-1926.jpg
Surrealism,The 3rd Day of the Creation,M.C. Escher,1926,https://uploads8.wikiart.org/images/m-c-escher/the-3rd-day-of-the-creation.jpg
Surrealism,The 4th Day of the Creation,M.C. Escher,1926,https://uploads8.wikiart.org/images/m-c-escher/the-4th-day-of-the-creation.jpg
Surrealism,The 5th Day of the Creation,M.C. Escher,1926,https://uploads8.wikiart.org/images/m-c-escher/the-5th-day-of-the-creation.jpg
Surrealism,The 6th Day of the Creation,M.C. Escher,1926,https://uploads8.wikiart.org/images/m-c-escher/the-6th-day-of-the-creation.jpg
Surrealism,A famous man,Rene Magritte,1926,https://uploads4.wikiart.org/images/rene-magritte/a-famous-man-1926(1).jpg
Surrealism,"After the Water, the Clouds",Rene Magritte,1926,https://uploads0.wikiart.org/images/rene-magritte/after-the-water-the-clouds-1926(1).jpg
Surrealism,Checkmate,Rene Magritte,1926,https://uploads1.wikiart.org/images/rene-magritte/checkmate-1926(1).jpg
Surrealism,Landscape,Rene Magritte,1926,https://uploads1.wikiart.org/images/rene-magritte/landscape-1926(1).jpg
Surrealism,Midnight marriage,Rene Magritte,1926,https://uploads0.wikiart.org/images/rene-magritte/midnight-marriage-1926(1).jpg
Surrealism,Untitled,Rene Magritte,1926,https://uploads3.wikiart.org/images/rene-magritte/not_detected_211397.jpg
Surrealism,Polar light,Rene Magritte,1926,https://uploads3.wikiart.org/images/rene-magritte/polar-light-1926(1).jpg
Surrealism,Popular panorama,Rene Magritte,1926,https://uploads8.wikiart.org/images/rene-magritte/popular-panorama-1926(1).jpg
Surrealism,The birth of idol,Rene Magritte,1926,https://uploads0.wikiart.org/images/rene-magritte/the-birth-of-idol-1926(1).jpg
Surrealism,The catapult of desert,Rene Magritte,1926,https://uploads5.wikiart.org/images/rene-magritte/the-catapult-of-desert-1926(1).jpg
Surrealism,The conqueror,Rene Magritte,1926,https://uploads5.wikiart.org/images/rene-magritte/the-conqueror-1926(1).jpg
Surrealism,The dawn of Cayenne,Rene Magritte,1926,https://uploads2.wikiart.org/images/rene-magritte/the-dawn-of-cayenne-1926(1).jpg
Surrealism,The difficult crossing,Rene Magritte,1926,https://uploads5.wikiart.org/images/rene-magritte/the-difficult-crossing-1926(1).jpg
Surrealism,The face of genius,Rene Magritte,1926,https://uploads1.wikiart.org/images/rene-magritte/the-face-of-genius-1926(1).jpg
Surrealism,The lost jockey,Rene Magritte,1926,https://uploads7.wikiart.org/images/rene-magritte/the-lost-jockey-1926(1).jpg
Surrealism,The musings of the solitary walker,Rene Magritte,1926,https://uploads8.wikiart.org/images/rene-magritte/the-musings-of-the-solitary-walker-1926(1).jpg
Surrealism,The sensational news,Rene Magritte,1926,https://uploads3.wikiart.org/images/rene-magritte/the-sensational-news-1926(1).jpg
Surrealism,The silver gap,Rene Magritte,1926,https://uploads6.wikiart.org/images/rene-magritte/the-silver-gap-1926(1).jpg
Surrealism,Threshold of forest,Rene Magritte,1926,https://uploads2.wikiart.org/images/rene-magritte/threshold-of-forest-1926(1).jpg
Surrealism,Untitled,Rene Magritte,1926,https://uploads0.wikiart.org/images/rene-magritte/untitled-1926(1).jpg
Surrealism,Untitled collage,Rene Magritte,1926,https://uploads3.wikiart.org/images/rene-magritte/untitled-collage(1).jpg
Surrealism,Wreckage of the shadow,Rene Magritte,1926,https://uploads6.wikiart.org/images/rene-magritte/wreackage-of-the-shadow-1926(1).jpg
Surrealism,"Study for ""Honey is Sweeter than Blood""",Salvador Dali,1926,https://uploads2.wikiart.org/images/salvador-dali/honey-is-sweeter-than-blood.jpg
Surrealism,Artist and his model,Pablo Picasso,1926,https://uploads0.wikiart.org/images/pablo-picasso/artist-and-his-model-1926.jpg
Surrealism,Buste of young woman (Marie-Therese Walter),Pablo Picasso,1926,https://uploads3.wikiart.org/images/pablo-picasso/buste-of-young-woman-marie-therese-walter-1926.jpg
Surrealism,Dog Barking-at the Moon,Joan Miro,1926,https://uploads3.wikiart.org/images/joan-miro/dog-barking-at-the-moon.jpg
Surrealism,Nude,Joan Miro,1926,https://uploads2.wikiart.org/images/joan-miro/nude.jpg
Surrealism,Person Throwing a Stone at a Bird,Joan Miro,1926,https://uploads4.wikiart.org/images/joan-miro/person-throwing-a-stone-at-a-bird.jpg
Surrealism,Pomegranate Flower,Max Ernst,1926,https://uploads3.wikiart.org/images/max-ernst/pomegranate-flower-1926.jpg
Surrealism,The Great Lover,Max Ernst,1926,https://uploads0.wikiart.org/images/max-ernst/the-great-lover-1926.jpg
Surrealism,"The Virgin Spanking the Christ Child before Three Witnesses: Andre Breton, Paul Eluard, and the Painter",Max Ernst,1926,https://uploads5.wikiart.org/images/max-ernst/the-virgin-spanking-the-christ-child-before-three-witnesses-andre-breton-paul-eluard-and-the-1926.jpg
Surrealism,They have slept in the forest too long,Max Ernst,1926,https://uploads5.wikiart.org/images/max-ernst/they-have-slept-in-the-forest-too-long-1926.jpg
Surrealism,Cyclope,Francis Picabia,1924-1926,https://uploads2.wikiart.org/images/francis-picabia/cyclope.jpg
Surrealism,Woman with a Dog,Francis Picabia,1924-1926,https://uploads7.wikiart.org/images/francis-picabia/woman-with-a-dog-1926.jpg
Surrealism,Tete Paysage,Jean Arp,1924-1926,https://uploads5.wikiart.org/images/jean-arp/tete-paysage-1926.jpg
Surrealism,Torso,Andre Masson,1926,https://uploads6.wikiart.org/images/andre-masson/torso.jpg
Surrealism,Hot Air Balloon,Josef Sima,1926,https://uploads8.wikiart.org/images/josef-ma/hot-air-balloon-1926.jpg
Surrealism,Femme aux deux visages,Leon Arthur Tutundjian,1926,https://uploads2.wikiart.org/images/leon-arthur-tutundjian/femme-aux-deux-visages-1926.jpg
Surrealism,Nature morte a la coupe de fruits,Leon Arthur Tutundjian,1926,https://uploads4.wikiart.org/images/leon-arthur-tutundjian/nature-morte-a-la-coupe-de-fruits-1926.jpg
Surrealism,Coquillages,Edward Wadsworth,1926,https://uploads6.wikiart.org/images/edward-wadsworth/coquillages-1926(1).jpg
Surrealism,"Marseilles, France",Edward Wadsworth,1926,https://uploads0.wikiart.org/images/edward-wadsworth/marseilles-france-1926.jpg
Surrealism,"Rue de la Reynarde, Marseilles, France",Edward Wadsworth,1926,https://uploads1.wikiart.org/images/edward-wadsworth/rue-de-la-reynarde-marseilles-france-1926.jpg
Surrealism,Still Life,Edward Wadsworth,1926,https://uploads2.wikiart.org/images/edward-wadsworth/still-life-1926.jpg
Surrealism,Stilleben med fisk,Sven Jonson,1926,https://uploads5.wikiart.org/images/sven-jonson/stilleben-med-fisk-1926.jpg
Surrealism,The Cave,Jindrich Styrsky,1926,https://uploads5.wikiart.org/00280/images/jindrich-styrsky/jind-ich-tyrsk-the-cave.jpg
Surrealism,Death Awaiting his Family,Yves Tanguy,1927,https://uploads3.wikiart.org/images/yves-tanguy/death-awaiting-his-family-1927.jpg
Surrealism,Extinction of Useless Lights,Yves Tanguy,1927,https://uploads6.wikiart.org/images/yves-tanguy/extinction-of-useless-lights-1927.jpg
Surrealism,Large Painting Representing a Landscape,Yves Tanguy,1927,https://uploads8.wikiart.org/images/yves-tanguy/large-painting-representing-a-landscape-1927.jpg
Surrealism,"Mama, Papa is Wounded!",Yves Tanguy,1927,https://uploads7.wikiart.org/images/yves-tanguy/mama-papa-is-wounded-1927.jpg
Surrealism,The Hand in the Clouds,Yves Tanguy,1927,https://uploads0.wikiart.org/images/yves-tanguy/the-hand-in-the-clouds-1927.jpg
Surrealism,Wind,Yves Tanguy,1927,https://uploads0.wikiart.org/images/yves-tanguy/wind-1927.jpg
Surrealism,Part of G,Paul Klee,1927,https://uploads6.wikiart.org/images/paul-klee/part-of-g-1927(1).jpg
Surrealism,The dream (The rabbit),Marc Chagall,1927,https://uploads8.wikiart.org/images/marc-chagall/the-dream-the-rabbit-1927.jpg
Surrealism,Procession in Crypt,M.C. Escher,1927,https://uploads0.wikiart.org/images/m-c-escher/procession-in-crypt.jpg
Surrealism,Rome and the Griffin of Borgheses,M.C. Escher,1927,https://uploads5.wikiart.org/images/m-c-escher/rome-and-the-griffin-of-borgheses.jpg
Surrealism,The Fall of Man,M.C. Escher,1927,https://uploads5.wikiart.org/images/m-c-escher/the-fall-of-man.jpg
Surrealism,A panic in the Middle Ages,Rene Magritte,1927,https://uploads0.wikiart.org/images/rene-magritte/a-panic-in-the-middle-ages-1927(1).jpg
Surrealism,A taste of the invisible,Rene Magritte,1927,https://uploads7.wikiart.org/images/rene-magritte/a-taste-of-the-invisible-1927(1).jpg
Surrealism,Discovery,Rene Magritte,1927,https://uploads1.wikiart.org/images/rene-magritte/discovery-1927(1).jpg
Surrealism,Faraway looks,Rene Magritte,1927,https://uploads0.wikiart.org/images/rene-magritte/faraway-looks(1).jpg
Surrealism,Imp of the Perverse,Rene Magritte,1927,https://uploads2.wikiart.org/images/rene-magritte/imp-of-the-perverse-1927(1).jpg
Surrealism,One night museum,Rene Magritte,1927,https://uploads8.wikiart.org/images/rene-magritte/one-night-museum-1927(1).jpg
Surrealism,The beneficial promise,Rene Magritte,1927,https://uploads5.wikiart.org/images/rene-magritte/the-beneficial-promise-1927(1).jpg
Surrealism,The comic spirit,Rene Magritte,1927,https://uploads8.wikiart.org/images/rene-magritte/the-comic-spirit-1927(1).jpg
Surrealism,The cultivation of Ideas,Rene Magritte,1927,https://uploads7.wikiart.org/images/rene-magritte/the-cultivation-of-ideas-1927(1).jpg
Surrealism,The double secret,Rene Magritte,1927,https://uploads0.wikiart.org/images/rene-magritte/the-double-secret-1927(1).jpg
Surrealism,The end of contemplation,Rene Magritte,1927,https://uploads7.wikiart.org/images/rene-magritte/the-end-of-contemplation-1927(1).jpg
Surrealism,The female thief,Rene Magritte,1927,https://uploads8.wikiart.org/images/rene-magritte/the-female-thief-1927(1).jpg
Surrealism,The finery of the storm,Rene Magritte,1927,https://uploads6.wikiart.org/images/rene-magritte/the-finery-of-the-storm-1927(1).jpg
Surrealism,The forest,Rene Magritte,1927,https://uploads2.wikiart.org/images/rene-magritte/the-forest-1927(1).jpg
Surrealism,The interpretation of dreams,Rene Magritte,1927,https://uploads2.wikiart.org/images/rene-magritte/the-interpretation-of-dreams-1927(1).jpg
Surrealism,The man of the sea,Rene Magritte,1927,https://uploads1.wikiart.org/images/rene-magritte/the-man-of-the-sea-1927(1).jpg
Surrealism,The meaning of night,Rene Magritte,1927,https://uploads3.wikiart.org/images/rene-magritte/the-meaning-of-night-1927(1).jpg
Surrealism,The menaced assassin,Rene Magritte,1927,https://uploads0.wikiart.org/images/rene-magritte/the-menaced-assassin-1927.jpg
Surrealism,The muscles of the sky,Rene Magritte,1927,https://uploads5.wikiart.org/images/rene-magritte/the-muscles-of-the-sky-1927(1).jpg
Surrealism,The pipe,Rene Magritte,1927,https://uploads0.wikiart.org/images/rene-magritte/the-pipe-1927(1).jpg
Surrealism,The reckless sleeper,Rene Magritte,1927,https://uploads3.wikiart.org/images/rene-magritte/the-reckless-sleeper-1927(1).jpg
Surrealism,The secret player,Rene Magritte,1927,https://uploads0.wikiart.org/images/rene-magritte/the-secret-player-1927(1).jpg
Surrealism,Young girl eating a bird (The pleasure),Rene Magritte,1927,https://uploads2.wikiart.org/images/rene-magritte/young-girl-eating-a-bird-the-pleasure-1927(1).jpg
Surrealism,Apparatus and Hand,Salvador Dali,1927,https://uploads7.wikiart.org/images/salvador-dali/apparatus-and-hand-1927.jpg
Surrealism,Harlequin,Salvador Dali,1927,https://uploads7.wikiart.org/images/salvador-dali/harlequin-1927.jpg
Surrealism,Honey Is Sweeter Than Blood,Salvador Dali,1927,https://uploads7.wikiart.org/images/salvador-dali/honey-is-sweeter-than-blood-1(1).jpg
Surrealism,Nude Woman in an Armchair,Salvador Dali,1927,https://uploads0.wikiart.org/images/salvador-dali/nude-woman-in-an-armchair.jpg
Surrealism,Figure,Pablo Picasso,1927,https://uploads4.wikiart.org/images/pablo-picasso/figure-1927.jpg
Surrealism,Painter and his model,Pablo Picasso,1927,https://uploads1.wikiart.org/images/pablo-picasso/painter-and-his-model-1927.jpg
Surrealism,Studio,Pablo Picasso,1927,https://uploads8.wikiart.org/images/pablo-picasso/studio.jpg
Surrealism,Study of Cannes,Pablo Picasso,1927,https://uploads4.wikiart.org/images/pablo-picasso/study-of-cannes-1927.jpg
Surrealism,Landscape (The Hare),Joan Miro,1927,https://uploads7.wikiart.org/images/joan-miro/landscape-the-hare.jpg
Surrealism,Landscape with Snake,Joan Miro,1927,https://uploads0.wikiart.org/images/joan-miro/landscape-with-snake.jpg
Surrealism,Composition,Joan Miro,1927,https://uploads8.wikiart.org/images/joan-miro/not_detected_227971.jpg
Surrealism,Painting,Joan Miro,1927,https://uploads6.wikiart.org/images/joan-miro/painting.jpg
Surrealism,The Circus House,Joan Miro,1927,https://uploads5.wikiart.org/images/joan-miro/the-circus-house.jpg
Surrealism,Tirador in the Arc,Joan Miro,1927,https://uploads7.wikiart.org/images/joan-miro/tirador-in-the-arc.jpg
Surrealism,A Night of Love,Max Ernst,1927,https://uploads0.wikiart.org/images/max-ernst/a-night-of-love-1927.jpg
Surrealism,After Us Motherhood,Max Ernst,1927,https://uploads4.wikiart.org/images/max-ernst/after-us-motherhood-1927.jpg
Surrealism,"Cage, Forest and Black Sun Cage",Max Ernst,1927,https://uploads6.wikiart.org/images/max-ernst/cage-forest-and-black-sun-cage-1927.jpg
Surrealism,"Child, Horse, Flower and Snake",Max Ernst,1927,https://uploads4.wikiart.org/images/max-ernst/child-horse-flower-and-snake-1927.jpg
Surrealism,Fishbone Forest,Max Ernst,1927,https://uploads0.wikiart.org/images/max-ernst/fishbone-forest-1927.jpg
Surrealism,Forest,Max Ernst,1927,https://uploads0.wikiart.org/images/max-ernst/forest-1927.jpg
Surrealism,Forest and Dove,Max Ernst,1927,https://uploads0.wikiart.org/images/max-ernst/forest-and-dove-1927.jpg
Surrealism,Max Ernst Showing a Young Girl the Head of his Father,Max Ernst,1927,https://uploads6.wikiart.org/images/max-ernst/max-ernst-showing-a-young-girl-the-head-of-his-father.jpg
Surrealism,The Gray Forest,Max Ernst,1927,https://uploads0.wikiart.org/images/max-ernst/the-gray-forest-1927.jpg
Surrealism,The Kiss,Max Ernst,1927,https://uploads2.wikiart.org/images/max-ernst/the-kiss-1927.jpg
Surrealism,Vision Induced by the Nocturnal Aspect of the Porte St. Denis,Max Ernst,1927,https://uploads0.wikiart.org/images/max-ernst/vision-induced-by-the-nocturnal-aspect-of-the-porte-st-denis-1927.jpg
Surrealism,Breasts,Francis Picabia,1924-1927,https://uploads2.wikiart.org/images/francis-picabia/breasts.jpg
Surrealism,Carnaval,Francis Picabia,1924-1927,https://uploads3.wikiart.org/images/francis-picabia/carnaval.jpg
Surrealism,Idyll,Francis Picabia,1924-1927,https://uploads5.wikiart.org/images/francis-picabia/idyll-1927.jpg
Surrealism,Configuration,Jean Arp,1927,https://uploads1.wikiart.org/images/jean-arp/configuration.jpg
Surrealism,Avant le festin,Georges Papazoff,1927,https://uploads1.wikiart.org/images/georges-papazoff/avant-le-festin-1927(1).jpg
Surrealism,Untitled,Georges Papazoff,1927,https://uploads0.wikiart.org/images/georges-papazoff/untitled-1927.jpg
Surrealism,Atmosphere (L'Atmosphère),Jean Hugo,1927,https://uploads8.wikiart.org/images/jean-hugo/atmosphere-l-atmosph-re-1927.jpg
Surrealism,Light (La Lumière),Jean Hugo,1927,https://uploads1.wikiart.org/images/jean-hugo/light-la-lumi-re-1927.jpg
Surrealism,Magic Mirror (Le miroir magique),Jean Hugo,1927,https://uploads6.wikiart.org/images/jean-hugo/magic-mirror-le-miroir-magique-1927.jpg
Surrealism,Evropa,Josef Sima,1927,https://uploads8.wikiart.org/images/josef-ma/evropa-1927.jpg
Surrealism,Vejce,Josef Sima,1927,https://uploads7.wikiart.org/images/josef-ma/vejce-1927.jpg
Surrealism,Battle of the Fishes,Andre Masson,1927,https://uploads3.wikiart.org/images/andre-masson/battle-of-the-fishes.jpg
Surrealism,Nautilus,Edward Weston,1927,https://uploads6.wikiart.org/images/edward-weston/nautilus-1927.jpg
Surrealism,Shell,Edward Weston,1927,https://uploads3.wikiart.org/images/edward-weston/shell-1927.jpg
Surrealism,Shell,Edward Weston,1927,https://uploads6.wikiart.org/images/edward-weston/shell-1927(1).jpg
Surrealism,Portrait of Claude Sernet,Victor Brauner,1927,https://uploads6.wikiart.org/images/victor-brauner/portrait-of-claude-sernet-1927.jpg
Surrealism,Composition,Leon Arthur Tutundjian,1927,https://uploads0.wikiart.org/images/leon-arthur-tutundjian/composition-1927.jpg
Surrealism,Composition abstraite,Leon Arthur Tutundjian,1927,https://uploads1.wikiart.org/images/leon-arthur-tutundjian/composition-abstraite-1927.jpg
Surrealism,Composition cellulaire au cercle rouge,Leon Arthur Tutundjian,1927,https://uploads3.wikiart.org/images/leon-arthur-tutundjian/composition-cellulaire-au-cercle-rouge-1927(1).jpg
Surrealism,Gasteropoda,Edward Wadsworth,1927,https://uploads6.wikiart.org/images/edward-wadsworth/gasteropoda-1927(1).jpg
Surrealism,Painting (Head),Joan Miro,1927,https://uploads7.wikiart.org/images/joan-miro/painting-head-1927.jpg
Surrealism,Painting,Joan Miro,1927,https://uploads2.wikiart.org/images/joan-miro/painting-1927.jpg
Surrealism,Le grand bateau,Pierre Roy,1927,https://uploads1.wikiart.org/images/pierre-roy/le-grand-bateau-1927.jpg
Surrealism,Drago,Xul Solar,1927,https://uploads8.wikiart.org/images/xul-solar/drago-1927.jpg
Surrealism,Puerto Azul,Xul Solar,1927,https://uploads5.wikiart.org/images/xul-solar/puerto-azul-1927.jpg
Surrealism,The Fair,Maruja Mallo,1927,https://uploads5.wikiart.org/00215/images/maruja-mallo/as01985.jpg
Surrealism,DESNUDO SURREALISTA,Maruja Mallo,1927,https://uploads4.wikiart.org/00219/images/maruja-mallo/desnudo-surrealista-1927.jpg
Surrealism,Colére serpentine,Pierre Alechinsky,XX cent.,https://uploads5.wikiart.org/images/pierre-alechinsky/col-re-serpentine.jpg
Surrealism,De toutes parts,Pierre Alechinsky,XX cent.,https://uploads3.wikiart.org/images/pierre-alechinsky/de-toutes-parts.jpg
Surrealism,"One Stone, Two Passes",Pierre Alechinsky,XX cent.,https://uploads8.wikiart.org/images/pierre-alechinsky/one-stone-two-passes.jpg
Surrealism,Plate (folio 5) from Schismes,Pierre Alechinsky,XX cent.,https://uploads6.wikiart.org/images/pierre-alechinsky/plate-folio-5-from-schismes.jpg
Surrealism,The Amazon unconscious,Pierre Alechinsky,XX cent.,https://uploads1.wikiart.org/images/pierre-alechinsky/the-amazon-unconscious.jpg
Surrealism,Vocabulaire I,Pierre Alechinsky,XX cent.,https://uploads1.wikiart.org/images/pierre-alechinsky/vocabulaire-i.jpg
Surrealism,Vocabulaire II,Pierre Alechinsky,XX cent.,https://uploads2.wikiart.org/images/pierre-alechinsky/vocabulaire-ii.jpg
Surrealism,Phantoms,Yves Tanguy,1928,https://uploads4.wikiart.org/images/yves-tanguy/phantoms-1928.jpg
Surrealism,Calanques de Piana,M.C. Escher,1928,https://uploads8.wikiart.org/images/m-c-escher/calanques-de-piana.jpg
Surrealism,Castle in the Air,M.C. Escher,1928,https://uploads7.wikiart.org/images/m-c-escher/castle-in-the-air.jpg
Surrealism,Citadel of Calvi Corsica,M.C. Escher,1928,https://uploads5.wikiart.org/images/m-c-escher/citadel-of-calvi-corsica.jpg
Surrealism,"Fara San Martino, Abruzzi",M.C. Escher,1928,https://uploads5.wikiart.org/images/m-c-escher/fara-san-martino-abruzzi.jpg
Surrealism,Tower of Babel,M.C. Escher,1928,https://uploads4.wikiart.org/images/m-c-escher/tower-of-babel.jpg
Surrealism,Adulation of space,Rene Magritte,1928,https://uploads5.wikiart.org/images/rene-magritte/adulation-of-space(1).jpg
Surrealism,Attempting the Impossible,Rene Magritte,1928,https://uploads8.wikiart.org/images/rene-magritte/attempting-the-impossible-1928(1).jpg
Surrealism,Intermission,Rene Magritte,1928,https://uploads4.wikiart.org/images/rene-magritte/intermission-1928(1).jpg
Surrealism,Man reading a newspaper,Rene Magritte,1928,https://uploads6.wikiart.org/images/rene-magritte/man-reading-a-newspaper-1928(1).jpg
Surrealism,The Perfume of the Abyss,Rene Magritte,1928,https://uploads3.wikiart.org/images/rene-magritte/not_detected_211402.jpg
Surrealism,Secret Life IV,Rene Magritte,1928,https://uploads6.wikiart.org/images/rene-magritte/secret-life-iv-1928(1).jpg
Surrealism,Swift Hope,Rene Magritte,1928,https://uploads2.wikiart.org/images/rene-magritte/swift-hope-1928(1).jpg
Surrealism,The Acrobat's Exercises,Rene Magritte,1928,https://uploads6.wikiart.org/images/rene-magritte/the-acrobat-s-exercises-1928(1).jpg
Surrealism,The delights of landscape,Rene Magritte,1928,https://uploads8.wikiart.org/images/rene-magritte/the-delights-of-landscape-1928(1).jpg
Surrealism,The disguised symbol,Rene Magritte,1928,https://uploads3.wikiart.org/images/rene-magritte/the-disguised-symbol-1928(1).jpg
Surrealism,The empty mask,Rene Magritte,1928,https://uploads6.wikiart.org/images/rene-magritte/the-empty-mask-1928(1).jpg
Surrealism,The false mirror,Rene Magritte,1928,https://uploads8.wikiart.org/images/rene-magritte/the-false-mirror-1928(1).jpg
Surrealism,The familiar objects,Rene Magritte,1928,https://uploads3.wikiart.org/images/rene-magritte/the-familiar-objects-1928(1).jpg
Surrealism,The flood,Rene Magritte,1928,https://uploads1.wikiart.org/images/rene-magritte/the-flood-1928(1).jpg
Surrealism,The heart of the matter,Rene Magritte,1928,https://uploads6.wikiart.org/images/rene-magritte/the-heart-of-the-matter-1928(1).jpg
Surrealism,The hunters at the edge of night,Rene Magritte,1928,https://uploads6.wikiart.org/images/rene-magritte/the-hunters-at-the-edge-of-night-1928(1).jpg
Surrealism,The invention of life,Rene Magritte,1928,https://uploads4.wikiart.org/images/rene-magritte/the-invention-of-life-1928(1).jpg
Surrealism,The lining of sleep,Rene Magritte,1928,https://uploads2.wikiart.org/images/rene-magritte/the-lining-of-sleep-1928(1).jpg
Surrealism,The lovers,Rene Magritte,1928,https://uploads2.wikiart.org/images/rene-magritte/the-lovers-1928(1).jpg
Surrealism,The Lovers,Rene Magritte,1928,https://uploads4.wikiart.org/images/rene-magritte/the-lovers-1928-1(1).jpg
Surrealism,The obsession,Rene Magritte,1928,https://uploads5.wikiart.org/images/rene-magritte/the-obsession-1928(1).jpg
Surrealism,The six elements,Rene Magritte,1928,https://uploads8.wikiart.org/images/rene-magritte/the-six-elements-1928(1).jpg
Surrealism,The submissive reader,Rene Magritte,1928,https://uploads4.wikiart.org/images/rene-magritte/the-submissive-reader-1928(1).jpg
Surrealism,The symmetrical trick,Rene Magritte,1928,https://uploads4.wikiart.org/images/rene-magritte/the-symmetrical-trick-1928(1).jpg
Surrealism,The titanic days,Rene Magritte,1928,https://uploads8.wikiart.org/images/rene-magritte/the-titanic-days-1928(1).jpg
Surrealism,The voice of space,Rene Magritte,1928,https://uploads1.wikiart.org/images/rene-magritte/the-voice-of-space-1928(1).jpg
Surrealism,The voice of space,Rene Magritte,1928,https://uploads3.wikiart.org/images/rene-magritte/the-voice-of-space-1928-1(1).jpg
Surrealism,Big Thumb. Beach. Moon and Decaying Bird,Salvador Dali,1928,https://uploads4.wikiart.org/images/salvador-dali/big-thumb-beach-moon-and-decaying-bird.jpg
Surrealism,Bird,Salvador Dali,1928,https://uploads6.wikiart.org/images/salvador-dali/bird.jpg
Surrealism,Composition,Salvador Dali,1928,https://uploads4.wikiart.org/images/salvador-dali/composition.jpg
Surrealism,Female Bather,Salvador Dali,1928,https://uploads6.wikiart.org/images/salvador-dali/female-bather.jpg
Surrealism,Female Nude,Salvador Dali,1928,https://uploads4.wikiart.org/images/salvador-dali/female-nude.jpg
Surrealism,Inaugural Gooseflesh,Salvador Dali,1928,https://uploads4.wikiart.org/images/salvador-dali/inaugural-gooseflesh.jpg
Surrealism,Little Cinders (Senicitas),Salvador Dali,1927-1928,https://uploads4.wikiart.org/images/salvador-dali/little-cinders-senicitas-1928.jpg
Surrealism,Ocell. Peix,Salvador Dali,1927-1928,https://uploads8.wikiart.org/images/salvador-dali/ocell-peix-1928.jpg
Surrealism,Shell,Salvador Dali,1928,https://uploads7.wikiart.org/images/salvador-dali/shell.jpg
Surrealism,Soft Nude (Nude Watch),Salvador Dali,1928,https://uploads4.wikiart.org/images/salvador-dali/soft-nude-nude-watch.jpg
Surrealism,Sun,Salvador Dali,1928,https://uploads5.wikiart.org/images/salvador-dali/sun.jpg
Surrealism,Symbiotic Woman-Animal,Salvador Dali,1928,https://uploads6.wikiart.org/images/salvador-dali/symbiotic-woman-animal.jpg
Surrealism,The Bather,Salvador Dali,1928,https://uploads3.wikiart.org/images/salvador-dali/the-bather.jpg
Surrealism,The Ram (The Spectral Cow),Salvador Dali,1928,https://uploads8.wikiart.org/images/salvador-dali/the-ram-the-spectral-cow.jpg
Surrealism,The Rotting Bird,Salvador Dali,1928,https://uploads0.wikiart.org/images/salvador-dali/the-rotting-bird.jpg
Surrealism,The Rotting Donkey,Salvador Dali,1928,https://uploads2.wikiart.org/images/salvador-dali/the-rotting-donkey.jpg
Surrealism,The Spectral Cow,Salvador Dali,1928,https://uploads5.wikiart.org/images/salvador-dali/the-spectral-cow-1928.jpg
Surrealism,Unsatisfied Desires,Salvador Dali,1928,https://uploads8.wikiart.org/images/salvador-dali/unsatisfied-desires-1928.jpg
Surrealism,Ballplayers on the beach,Pablo Picasso,1928,https://uploads4.wikiart.org/images/pablo-picasso/ballplayers-on-the-beach-1928.jpg
Surrealism,Bather,Pablo Picasso,1928,https://uploads4.wikiart.org/images/pablo-picasso/bather-1928.jpg
Surrealism,Bather opening a cabin,Pablo Picasso,1928,https://uploads2.wikiart.org/images/pablo-picasso/bather-opening-a-cabin-1928.jpg
Surrealism,Bathers on the beach,Pablo Picasso,1928,https://uploads0.wikiart.org/images/pablo-picasso/bathers-on-the-beach-1928.jpg
Surrealism,"On the beach, Dinard",Pablo Picasso,1928,https://uploads8.wikiart.org/images/pablo-picasso/on-the-beach-dinard-1928.jpg
Surrealism,Painter and his model,Pablo Picasso,1928,https://uploads1.wikiart.org/images/pablo-picasso/painter-and-his-model-1928.jpg
Surrealism,The Studio,Pablo Picasso,1928,https://uploads8.wikiart.org/images/pablo-picasso/the-studio-1928.jpg
Surrealism,Dutch Interior,Joan Miro,1928,https://uploads3.wikiart.org/images/joan-miro/dutch-interior.jpg
Surrealism,Dutch Interior I,Joan Miro,1928,https://uploads5.wikiart.org/images/joan-miro/dutch-interior-i.jpg
Surrealism,Dutch Interior II,Joan Miro,1928,https://uploads0.wikiart.org/images/joan-miro/dutch-interior-ii(1).jpg
Surrealism,Landscape with shells,Max Ernst,1928,https://uploads2.wikiart.org/images/max-ernst/not_detected_234387(1).jpg
Surrealism,Barcelona,Francis Picabia,1927-1928,https://uploads4.wikiart.org/images/francis-picabia/barcelona.jpg
Surrealism,Craccae,Francis Picabia,1928,https://uploads7.wikiart.org/images/francis-picabia/craccae-1928.jpg
Surrealism,The woman of love,Francis Picabia,1927-1928,https://uploads3.wikiart.org/images/francis-picabia/the-woman-of-love.jpg
Surrealism,Tête fantastique,Georges Papazoff,1928,https://uploads8.wikiart.org/images/georges-papazoff/t-te-fantastique-1928.jpg
Surrealism,Surrealist Composition,Georges Papazoff,1928,https://uploads5.wikiart.org/images/georges-papazoff/surrealist-composition-1928.jpg
Surrealism,Tête,Georges Papazoff,1928,https://uploads5.wikiart.org/images/georges-papazoff/t-te-1928.jpg
Surrealism,The Moon,Tarsila do Amaral,1928,https://uploads1.wikiart.org/images/tarsila-do-amaral/the-moon-1928.jpg
Surrealism,The Egg,Tarsila do Amaral,1928,https://uploads0.wikiart.org/images/tarsila-do-amaral/the-egg-1928.jpg
Surrealism,Les plaisirs de la plage,Jean Hugo,1928,https://uploads0.wikiart.org/images/jean-hugo/les-plaisirs-de-la-plage-1928.jpg
Surrealism,Projet pour le miroir magique,Jean Hugo,1928,https://uploads5.wikiart.org/images/jean-hugo/projet-pour-le-miroir-magique-1928.jpg
Surrealism,Untitled Drawing,Grégoire Michonze,1928,https://uploads0.wikiart.org/images/gr-goire-michonze/untitled-drawing-1928.jpg
Surrealism,Un Chien Andalou (film still),Salvador Dali,1928,https://uploads7.wikiart.org/images/salvador-dali/un-chien-andalou-film-still-1928.jpg
Surrealism,Composition,Leon Arthur Tutundjian,1928,https://uploads0.wikiart.org/images/leon-arthur-tutundjian/composition-1928.jpg
Surrealism,Bright Intervals,Edward Wadsworth,1928,https://uploads2.wikiart.org/images/edward-wadsworth/bright-intervals-1928(1).jpg
Surrealism,Faithful Servants (Marine),Edward Wadsworth,1928,https://uploads1.wikiart.org/images/edward-wadsworth/faithful-servants-marine-1928(1).jpg
Surrealism,Floats and Afloat,Edward Wadsworth,1928,https://uploads3.wikiart.org/images/edward-wadsworth/floats-and-afloat-1928(1).jpg
Surrealism,Regalia,Edward Wadsworth,1928,https://uploads8.wikiart.org/images/edward-wadsworth/regalia-1928.jpg
Surrealism,Still Life with Lamp,Joan Miro,1928,https://uploads5.wikiart.org/images/joan-miro/still-life-with-lamp-1928.jpg
Surrealism,Le déjeuner près du phare,Le Corbusier,1928,https://uploads4.wikiart.org/images/le-corbusier/le-d-jeuner-pr-s-du-phare-1928.jpg
Surrealism,Nature morte au siphon,Le Corbusier,1928,https://uploads1.wikiart.org/images/le-corbusier/nature-morte-au-siphon-1928.jpg
Surrealism,"La salamandra, bozzetto di scena",Enrico Prampolini,1928,https://uploads6.wikiart.org/images/enrico-prampolini/la-salamandra-bozzetto-di-scena-1928.jpg
Surrealism,Le ministre de la guerre atomisé,Jacques Le Marechal,XX cent.,https://uploads3.wikiart.org/images/jacques-le-marechal/le-ministre-de-la-guerre-atomis.jpg
Surrealism,Paysage,Jacques Le Marechal,XX cent.,https://uploads6.wikiart.org/images/jacques-le-marechal/paysage.jpg
Surrealism,Untitled,Jacques Le Marechal,XX cent.,https://uploads3.wikiart.org/images/jacques-le-marechal/unknown-title.jpg
Surrealism,Untitled,Jacques Le Marechal,XX cent.,https://uploads5.wikiart.org/images/jacques-le-marechal/unknown-title-1.jpg
Surrealism,Untitled,Jacques Le Marechal,XX cent.,https://uploads5.wikiart.org/images/jacques-le-marechal/unknown-title-2.jpg
Surrealism,Untitled,Jacques Le Marechal,XX cent.,https://uploads5.wikiart.org/images/jacques-le-marechal/unknown-title-3.jpg
Surrealism,Untitled,Jacques Le Marechal,XX cent.,https://uploads5.wikiart.org/images/jacques-le-marechal/unknown-title-4.jpg
Surrealism,Untitled,Jacques Le Marechal,XX cent.,https://uploads5.wikiart.org/images/jacques-le-marechal/unknown-title-5.jpg
Surrealism,Untitled,Jacques Le Marechal,XX cent.,https://uploads5.wikiart.org/images/jacques-le-marechal/unknown-title-6.jpg
Surrealism,Untitled,Jacques Le Marechal,XX cent.,https://uploads5.wikiart.org/images/jacques-le-marechal/unknown-title-7.jpg
Surrealism,Untitled,Jacques Le Marechal,XX cent.,https://uploads5.wikiart.org/images/jacques-le-marechal/unknown-title-8.jpg
Surrealism,Fairy Pipe,Pierre Roy,1928,https://uploads5.wikiart.org/images/pierre-roy/fairy-pipe-1928.jpg
Surrealism,Couple at the seaside,Pablo Picasso,1928,https://uploads5.wikiart.org/00235/images/pablo-picasso/1828.jpg
Surrealism,Figure and profile,Pablo Picasso,1928,https://uploads7.wikiart.org/00235/images/pablo-picasso/1903-1.jpg
Surrealism,Portrait of a Lady,Pablo Picasso,1928,https://uploads4.wikiart.org/00245/images/pablo-picasso/picasso-620.jpg
Surrealism,Plage,Paul Nash,1928,https://uploads5.wikiart.org/00269/images/paul-nash/plage.jpg
Surrealism,Danger on the Stairs,Pierre Roy,1927-1928,https://uploads4.wikiart.org/00280/images/pierre-roy/danger-on-the-stairs-1927-28.jpg
Surrealism,Untitled,Claude Cahun,1928,https://uploads1.wikiart.org/00302/images/claude-cahun/untitled-1928.jpg
Surrealism,Blue Bed,Yves Tanguy,1929,https://uploads4.wikiart.org/images/yves-tanguy/blue-bed-1929.jpg
Surrealism,Outside,Yves Tanguy,1929,https://uploads3.wikiart.org/images/yves-tanguy/outside-1929.jpg
Surrealism,Fruits and Flowers,Marc Chagall,1929,https://uploads6.wikiart.org/images/marc-chagall/fruits-and-flowers-1929.jpg
Surrealism,The Rooster,Marc Chagall,1929,https://uploads8.wikiart.org/images/marc-chagall/the-rooster-1929.jpg
Surrealism,The Woman and the Roses,Marc Chagall,1929,https://uploads2.wikiart.org/images/marc-chagall/the-woman-and-the-roses-1929.jpg
Surrealism,Cimino Barbarano,M.C. Escher,1929,https://uploads6.wikiart.org/images/m-c-escher/cimino-barbarano.jpg
Surrealism,The Drowned Cathedral,M.C. Escher,1929,https://uploads2.wikiart.org/images/m-c-escher/the-drowned-cathedral.jpg
Surrealism,Courtesan's palace,Rene Magritte,1929,https://uploads1.wikiart.org/images/rene-magritte/courtesan-s-palace-1929(1).jpg
Surrealism,The giantess,Rene Magritte,1929,https://uploads4.wikiart.org/images/rene-magritte/the-giantess-1929(1).jpg
Surrealism,The living mirror,Rene Magritte,1929,https://uploads0.wikiart.org/images/rene-magritte/the-living-mirror-1929(1).jpg
Surrealism,The treachery of images (This is not a pipe),Rene Magritte,1928-1929,https://uploads7.wikiart.org/images/rene-magritte/the-treachery-of-images-this-is-not-a-pipe-1948(2).jpg
Surrealism,The tree of knowledge,Rene Magritte,1929,https://uploads4.wikiart.org/images/rene-magritte/the-tree-of-knowledge-1929(1).jpg
Surrealism,Threatening Weather,Rene Magritte,1929,https://uploads2.wikiart.org/images/rene-magritte/threatening-weather-1929(1).jpg
Surrealism,Accommodations of Desire,Salvador Dali,1929,https://uploads8.wikiart.org/images/salvador-dali/accommodations-of-desire.jpg
Surrealism,Desecration Descripti,Salvador Dali,1929,https://uploads5.wikiart.org/images/salvador-dali/desecration-descripti.jpg
Surrealism,Illumined Pleasures,Salvador Dali,1929,https://uploads3.wikiart.org/images/salvador-dali/illumined-pleasures.jpg
Surrealism,Imperial Monument of Woma-Child. Gala (Utopian Fantasy),Salvador Dali,1929,https://uploads0.wikiart.org/images/salvador-dali/imperial-monument-of-woma-child-gala-utopian-fantasy.jpg
Surrealism,Invisible Man (Study for the Painting),Salvador Dali,1929,https://uploads2.wikiart.org/images/salvador-dali/invisible-man-study-for-the-painting.jpg
Surrealism,Playing in the Dark,Salvador Dali,1929,https://uploads3.wikiart.org/images/salvador-dali/playing-in-the-dark.jpg
Surrealism,Portrait of Paul Eluard,Salvador Dali,1929,https://uploads7.wikiart.org/images/salvador-dali/portrait-of-paul-eluard.jpg
Surrealism,Profanation of the Host,Salvador Dali,1929,https://uploads7.wikiart.org/images/salvador-dali/profanation-of-the-host.jpg
Surrealism,Sometimes I Spit with Pleasure on the Portrait of my Mother (The Sacred Heart),Salvador Dali,1929,https://uploads6.wikiart.org/images/salvador-dali/sometimes-i-spit-with-pleasure-on-the-portrait-of-my-mother-the-sacred-heart.jpg
Surrealism,The Ants,Salvador Dali,1929,https://uploads1.wikiart.org/images/salvador-dali/the-ants.jpg
Surrealism,"The Enigma of My Desire or My Mother, My Mother, My Mother",Salvador Dali,1929,https://uploads0.wikiart.org/images/salvador-dali/the-enigma-of-my-desire-or-my-mother-my-mother-my-mother-1929.jpg
Surrealism,The First Days of Spring,Salvador Dali,1929,https://uploads8.wikiart.org/images/salvador-dali/the-first-days-of-spring.jpg
Surrealism,The Great Masturbator,Salvador Dali,1929,https://uploads1.wikiart.org/images/salvador-dali/the-great-masturbator-1929.jpg
Surrealism,The Lugubrious Game,Salvador Dali,1929,https://uploads2.wikiart.org/images/salvador-dali/the-lugubrious-game-1929-oil-collage-on-cardboard-1929.jpg
Surrealism,The Moon,Salvador Dali,1929,https://uploads1.wikiart.org/images/salvador-dali/the-moon.jpg
Surrealism,The Two Balconies,Salvador Dali,1929,https://uploads1.wikiart.org/images/salvador-dali/the-two-balconies.jpg
Surrealism,A blue acrobat,Pablo Picasso,1929,https://uploads3.wikiart.org/images/pablo-picasso/a-blue-acrobat-1929.jpg
Surrealism,Bather,Pablo Picasso,1929,https://uploads4.wikiart.org/images/pablo-picasso/bather-1929.jpg
Surrealism,Bust of a woman and self-portrait,Pablo Picasso,1929,https://uploads8.wikiart.org/images/pablo-picasso/bust-of-a-woman-and-self-portrait.jpg
Surrealism,Head,Pablo Picasso,1929,https://uploads2.wikiart.org/images/pablo-picasso/head-1929.jpg
Surrealism,Large nude in red armchair,Pablo Picasso,1929,https://uploads6.wikiart.org/images/pablo-picasso/large-nude-in-red-armchair-1929.jpg
Surrealism,Reclining Woman,Pablo Picasso,1929,https://uploads4.wikiart.org/images/pablo-picasso/reclining-woman-1929.jpg
Surrealism,Seated bather on the beach,Pablo Picasso,1929,https://uploads6.wikiart.org/images/pablo-picasso/seated-bather-on-the-beach-1929.jpg
Surrealism,The Swimmer,Pablo Picasso,1929,https://uploads0.wikiart.org/images/pablo-picasso/the-swimmer-1929.jpg
Surrealism,Untitled,Pablo Picasso,1929,https://uploads6.wikiart.org/images/pablo-picasso/untitled-1929.jpg
Surrealism,Woman in the Garden,Pablo Picasso,1929,https://uploads8.wikiart.org/images/pablo-picasso/woman-in-the-garden-1929.jpg
Surrealism,Portrait of Mrs Mills in 1750 (after Constable),Joan Miro,1929,https://uploads7.wikiart.org/images/joan-miro/portrait-of-mrs-mills-in-1750-after-constable.jpg
Surrealism,Flowers of seashells,Max Ernst,1929,https://uploads5.wikiart.org/images/max-ernst/flowers-of-seashells-1929.jpg
Surrealism,Petrified Forest,Max Ernst,1929,https://uploads1.wikiart.org/images/max-ernst/petrified-forest-1929.jpg
Surrealism,The Hundred-headless Woman Opens her August Sleeve,Max Ernst,1929,https://uploads8.wikiart.org/images/max-ernst/the-hundred-headless-woman-opens-her-august-sleeve-1929.jpg
Surrealism,The Inner Vision: The Egg,Max Ernst,1929,https://uploads0.wikiart.org/images/max-ernst/the-inner-vision-the-egg-1929.jpg
Surrealism,Catax,Francis Picabia,1929,https://uploads0.wikiart.org/images/francis-picabia/catax.jpg
Surrealism,Ridens,Francis Picabia,1929,https://uploads1.wikiart.org/images/francis-picabia/ridens.jpg
Surrealism,Untitled,Francis Picabia,1928-1929,https://uploads3.wikiart.org/images/francis-picabia/untitled.jpg
Surrealism,Villica safe,Francis Picabia,1929,https://uploads7.wikiart.org/images/francis-picabia/villica-safe.jpg
Surrealism,Still life with baskets,Yiannis Tsaroychis,1929,https://uploads8.wikiart.org/images/yiannis-tsaroychis/still-life-with-baskets-1929.jpg
Surrealism,Plants and Animals,Victor Brauner,1929,https://uploads8.wikiart.org/images/victor-brauner/plants-and-animals-1929.jpg
Surrealism,Composition,Georges Papazoff,1929,https://uploads3.wikiart.org/images/georges-papazoff/composition-1929.jpg
Surrealism,Les Métamorphoses,Jean Hugo,1929,https://uploads2.wikiart.org/images/jean-hugo/les-m-tamorphoses-1929.jpg
Surrealism,"Shadows, twilight",Gosta Adrian-Nilsson,1929,https://uploads3.wikiart.org/images/gosta-adrian-nilsson/shadows-twilight-1929.jpg
Surrealism,La demande en mariage,Felix Labisse,1929,https://uploads1.wikiart.org/images/felix-labisse/la-demande-en-mariage-1929.jpg
Surrealism,The Poet Geo Bogza Shows His Head to the Landscape with Drills,Victor Brauner,1929,https://uploads7.wikiart.org/images/victor-brauner/the-poet-geo-bogza-shows-his-head-to-the-landscape-with-drills-1929.jpg
Surrealism,Composition - Cones and Spirals,Edward Wadsworth,1929,https://uploads6.wikiart.org/images/edward-wadsworth/composition-cones-and-spirals-1929(1).jpg
Surrealism,Abstraccio d’un rostre,Angel Planells,1929,https://uploads6.wikiart.org/images/angel-planells/abstraccio-d-un-rostre-1929(1).jpg
Surrealism,El somni de la voluntat ferida,Angel Planells,1929,https://uploads5.wikiart.org/images/angel-planells/el-somni-de-la-voluntat-ferida-1929(1).jpg
Surrealism,Komposition med fönster,Sven Jonson,1929,https://uploads4.wikiart.org/images/sven-jonson/komposition-med-f-nster-1929(5).jpg
Surrealism,Organismo umano,Enrico Prampolini,1929,https://uploads8.wikiart.org/images/enrico-prampolini/organismo-umano-1929.jpg
Surrealism,Song of the Spikes,Maruja Mallo,1929,https://uploads5.wikiart.org/00215/images/maruja-mallo/6a014e6089cbd5970c01b7c86f3c17970b.jpg
Surrealism,Monument (Head of a Woman),Pablo Picasso,1929,https://uploads7.wikiart.org/00235/images/pablo-picasso/2023-1.jpg
Surrealism,Head in blue background,Pablo Picasso,1929,https://uploads5.wikiart.org/00235/images/pablo-picasso/1894.jpg
Surrealism,Set for Osvobozene Divadlo,Jindrich Styrsky,1929,https://uploads4.wikiart.org/00280/images/jindrich-styrsky/set-for-osvobozene-divadlo-1929.jpg
Surrealism,"Dream of December 21, 1929 (Self Portrait) 1929",Valentine Hugo,1929,https://uploads6.wikiart.org/00281/images/valentine-hugo/dream-of-december-21-1929-self-portrait-1929.jpg
Surrealism,Gant Et Flacon Sous Les Toits De Paris,Maurice Tabard,1929,https://uploads6.wikiart.org/00302/images/maurice-tabard/gant-et-flacon-sous-les-toits-de-paris-1929.jpg
Surrealism,Untitled (Hand Montage),Maurice Tabard,1929,https://uploads7.wikiart.org/00302/images/maurice-tabard/untitled-hand-montage-1929.jpg
Surrealism,Untitled (Claude Cahun in Le Mystère D’Adam),Claude Cahun,1929,https://uploads8.wikiart.org/00302/images/claude-cahun/untitled-claude-cahun-in-le-myst-re-d-adam-1929.jpg
Surrealism,Siblings,Paul Klee,1930,https://uploads5.wikiart.org/images/paul-klee/siblings-1930(1).jpg
Surrealism,Lovers in the Lilacs,Marc Chagall,1930,https://uploads8.wikiart.org/images/marc-chagall/lovers-in-the-lilacs-1930.jpg
Surrealism,The Acrobat,Marc Chagall,1930,https://uploads8.wikiart.org/images/marc-chagall/the-acrobat-1930.jpg
Surrealism,View at Peira Cava,Marc Chagall,1930,https://uploads6.wikiart.org/images/marc-chagall/view-at-peira-cava-1930.jpg
Surrealism,"Palizzi, Calabria (October 1930)",M.C. Escher,1930,https://uploads0.wikiart.org/images/m-c-escher/not_detected_204665.jpg
Surrealism,"Pentedattio, Calabria (October 1930)",M.C. Escher,1930,https://uploads0.wikiart.org/images/m-c-escher/not_detected_204666.jpg
Surrealism,"Pentedattio, Calabria (December 1930)",M.C. Escher,1930,https://uploads0.wikiart.org/images/m-c-escher/not_detected_204668.jpg
Surrealism,"Pentedattio, Calabria (January 1930)",M.C. Escher,1930,https://uploads0.wikiart.org/images/m-c-escher/not_detected_204669.jpg
Surrealism,The Bridge,M.C. Escher,1930,https://uploads0.wikiart.org/images/m-c-escher/the-bridge.jpg
Surrealism,Annunciation,Rene Magritte,1930,https://uploads4.wikiart.org/images/rene-magritte/annunciation-1930(1).jpg
Surrealism,On the Threshold of Liberty,Rene Magritte,1930,https://uploads1.wikiart.org/images/rene-magritte/on-the-threshold-of-liberty-1930(1).jpg
Surrealism,"Pink Belles, Tattered Skies",Rene Magritte,1930,https://uploads0.wikiart.org/images/rene-magritte/pink-belles-tattered-skies-1930(1).jpg
Surrealism,Portrait of E.L.T. Mesens,Rene Magritte,1930,https://uploads7.wikiart.org/images/rene-magritte/portrait-of-e-l-t-mesens-1930(1).jpg
Surrealism,The Eternal Evidence,Rene Magritte,1930,https://uploads3.wikiart.org/images/rene-magritte/the-eternal-evidence-1930(1).jpg
Surrealism,The titanic days,Rene Magritte,1930,https://uploads8.wikiart.org/images/rene-magritte/the-titanic-days-1930(1).jpg
Surrealism,Chocolate,Salvador Dali,1930,https://uploads2.wikiart.org/images/salvador-dali/chocolate.jpg
Surrealism,"Invisible  Sleeping Woman, Horse, Lion",Salvador Dali,1930,https://uploads1.wikiart.org/images/salvador-dali/invisible-sleeping-woman-horse-lion.jpg
Surrealism,"Invisible Sleeping Woman, Horse, Lion",Salvador Dali,1930,https://uploads6.wikiart.org/images/salvador-dali/invisible-sleeping-woman-horse-lion-1930.jpg
Surrealism,"Paranoiac Woman-Horse (Invisible Sleeping Woman, Lion, Horse)",Salvador Dali,1930,https://uploads5.wikiart.org/images/salvador-dali/paranoiac-woman-horse-invisible-sleeping-woman-lion-horse.jpg
Surrealism,Phantasmagoria,Salvador Dali,1930,https://uploads7.wikiart.org/images/salvador-dali/phantasmagoria.jpg
Surrealism,Portrait of Mr. Emilio Terry (unfinished),Salvador Dali,1930,https://uploads4.wikiart.org/images/salvador-dali/portrait-of-mr-emilio-terry-unfinished.jpg
Surrealism,Premature Ossification of a Railroad Station,Salvador Dali,1930,https://uploads1.wikiart.org/images/salvador-dali/premature-ossification-of-a-railroad-station.jpg
Surrealism,The Average Bureaucrat,Salvador Dali,1930,https://uploads6.wikiart.org/images/salvador-dali/the-average-bureaucrat.jpg
Surrealism,The Bleeding Roses,Salvador Dali,1930,https://uploads7.wikiart.org/images/salvador-dali/the-bleeding-roses-1930.jpg
Surrealism,The Feeling of Becoming,Salvador Dali,1930,https://uploads7.wikiart.org/images/salvador-dali/the-feeling-of-becoming.jpg
Surrealism,The Font,Salvador Dali,1930,https://uploads1.wikiart.org/images/salvador-dali/the-font.jpg
Surrealism,The Great Masturbator,Salvador Dali,1930,https://uploads5.wikiart.org/images/salvador-dali/the-great-masturbator.jpg
Surrealism,The Hand,Salvador Dali,1930,https://uploads1.wikiart.org/images/salvador-dali/the-hand.jpg
Surrealism,William Tell,Salvador Dali,1930,https://uploads5.wikiart.org/images/salvador-dali/william-tell.jpg
Surrealism,Acrobat,Pablo Picasso,1930,https://uploads5.wikiart.org/images/pablo-picasso/acrobat-1930.jpg
Surrealism,Crucifixion,Pablo Picasso,1930,https://uploads0.wikiart.org/images/pablo-picasso/crucifixion-1930.jpg
Surrealism,Crucifixion (study),Pablo Picasso,1930,https://uploads6.wikiart.org/images/pablo-picasso/crucifixion-study-1930.jpg
Surrealism,Seated bather,Pablo Picasso,1930,https://uploads2.wikiart.org/images/pablo-picasso/seated-bather-1930.jpg
Surrealism,Aello,Francis Picabia,1930,https://uploads0.wikiart.org/images/francis-picabia/aello.jpg
Surrealism,Corrida-Transparence,Francis Picabia,1927-1930,https://uploads6.wikiart.org/images/francis-picabia/corrida-transparence.jpg
Surrealism,Portrait of Sașa Pană (To My Dear Sașa Pană),Victor Brauner,1930,https://uploads3.wikiart.org/images/victor-brauner/portrait-of-sa-a-pan-to-my-dear-sa-a-pan-1930.jpg
Surrealism,Suicide at Dawn,Victor Brauner,1930,https://uploads5.wikiart.org/images/victor-brauner/suicide-at-dawn-1930.jpg
Surrealism,Composition aux mats,Georges Papazoff,1930,https://uploads3.wikiart.org/images/georges-papazoff/composition-aux-mats-1930.jpg
Surrealism,Saint-Valentin,Jean Hugo,1930,https://uploads8.wikiart.org/images/jean-hugo/saint-valentin-1930.jpg
Surrealism,Visages,Hedda Sterne,1930,https://uploads4.wikiart.org/images/hedda-sterne/visages-1930.jpg
Surrealism,Constellation According to the Laws of Chance,Jean Arp,1930,https://uploads2.wikiart.org/images/jean-arp/constellation-according-to-the-laws-of-chance-1930.jpg
Surrealism,Onion Halved,Edward Weston,1930,https://uploads1.wikiart.org/images/edward-weston/onion-halved-1930.jpg
Surrealism,Pepper No. 30,Edward Weston,1930,https://uploads1.wikiart.org/images/edward-weston/pepper-no-30-1930.jpg
Surrealism,Untitled,William Baziotes,1930,https://uploads0.wikiart.org/images/william-baziotes/untitled-1930.jpg
Surrealism,Untitled,Jules Perahim,1930,https://uploads6.wikiart.org/images/jules-perahim/untitled-1930.jpg
Surrealism,Three Symbols,Eileen Agar,1930,https://uploads0.wikiart.org/images/eileen-agar/three-symbols-1930.jpg
Surrealism,Montage with the Portrait of Lajos Szabó,Vajda Lajos,1930,https://uploads8.wikiart.org/images/vajda-lajos/montage-with-the-portrait-of-lajos-szab-1930.jpg
Surrealism,Bassin du Luxembourg,Brassai,1930,https://uploads3.wikiart.org/images/brassai/bassin-du-luxembourg-1930.jpg
Surrealism,Graffiti Parisien,Brassai,1930,https://uploads4.wikiart.org/images/brassai/graffiti-parisien.jpg
Surrealism,Woman with cat mask,Brassai,1930,https://uploads2.wikiart.org/images/brassai/woman-with-cat-mask-1930.jpg
Surrealism,Untitled (from Paris After Midnight),Brassai,1930,https://uploads8.wikiart.org/images/brassai/untitled-from-paris-after-midnight-1930.jpg
Surrealism,Untitled,Kansuke Yamamoto,1930,https://uploads0.wikiart.org/images/kansuke-yamamoto/untitled-1930.jpg
Surrealism,Untitled,Kansuke Yamamoto,1930,https://uploads2.wikiart.org/images/kansuke-yamamoto/untitled-1930-1.jpg
Surrealism,Untitled,Kansuke Yamamoto,1930,https://uploads2.wikiart.org/images/kansuke-yamamoto/untitled-1930-2.jpg
Surrealism,Untitled,Kansuke Yamamoto,1930,https://uploads2.wikiart.org/images/kansuke-yamamoto/untitled-1930-3.jpg
Surrealism,Untitled,Kansuke Yamamoto,1930,https://uploads2.wikiart.org/images/kansuke-yamamoto/untitled-1930-4.jpg
Surrealism,Untitled,Kansuke Yamamoto,1930,https://uploads2.wikiart.org/images/kansuke-yamamoto/untitled-1930-5.jpg
Surrealism,Untitled,Kansuke Yamamoto,1930,https://uploads2.wikiart.org/images/kansuke-yamamoto/untitled-1930-6.jpg
Surrealism,Untitled,Kansuke Yamamoto,1930,https://uploads2.wikiart.org/images/kansuke-yamamoto/untitled-1930-7.jpg
Surrealism,Untitled,Kansuke Yamamoto,1930,https://uploads2.wikiart.org/images/kansuke-yamamoto/untitled-1930-8.jpg
Surrealism,Balık Pazarı,Abidin Dino,1930,https://uploads7.wikiart.org/images/abidin-dino/bal-k-pazar-1930.jpg
Surrealism,Adam et Eve,Leon Arthur Tutundjian,1930,https://uploads0.wikiart.org/images/leon-arthur-tutundjian/adam-et-eve-1930.jpg
Surrealism,Crimen Perfecto,Angel Planells,1930,https://uploads8.wikiart.org/images/angel-planells/crimen-perfecto-1930(1).jpg
Surrealism,Nature morte à la racine et au cordage jaune,Le Corbusier,1930,https://uploads3.wikiart.org/images/le-corbusier/nature-morte-la-racine-et-au-cordage-jaune-1930.jpg
Surrealism,Casement to Infinity,Leon Underwood,1930,https://uploads1.wikiart.org/images/leon-underwood/casement-to-infinity-1930.jpg
Surrealism,Avantgardistische Figuren,Serge Brignoni,1930,https://uploads6.wikiart.org/images/serge-brignoni/avantgardistische-figuren-1930.jpg
Surrealism,Double Portrait,Dora Maar,1930,https://uploads0.wikiart.org/images/dora-maar/double-portrait-1930.jpg
Surrealism,Otaïti,Francis Picabia,1930,https://uploads4.wikiart.org/00172/images/francis-picabia/ota-ti.jpg
Surrealism,Den of Fossils,Maruja Mallo,1930,https://uploads7.wikiart.org/00215/images/maruja-mallo/de02125-0.jpg
Surrealism,Head in red background,Pablo Picasso,1930,https://uploads5.wikiart.org/00235/images/pablo-picasso/2126.jpg
Surrealism,Female acrobat,Pablo Picasso,1930,https://uploads5.wikiart.org/00235/images/pablo-picasso/1839.jpg
Surrealism,Adolf Hoffmeister,Jindrich Styrsky,1930,https://uploads4.wikiart.org/00280/images/jindrich-styrsky/11-adolf-hoffmeister-jind-ich-tyrsk-1930.jpg
Surrealism,Cover for Zamřižované Zrcadlo (The Mirror with Bars),Jindrich Styrsky,1930,https://uploads0.wikiart.org/00280/images/jindrich-styrsky/cover-for-zam-i-ovan-zrcadlo-the-mirror-with-bars-1930.jpg
Surrealism,Exquisite Corpse,Valentine Hugo,1930,https://uploads1.wikiart.org/00281/images/valentine-hugo/exquisite-corpse-1930.jpg
Surrealism,Cadavre Exquis,Valentine Hugo,1930,https://uploads8.wikiart.org/00281/images/valentine-hugo/cadavre-exquis-1930.jpg
Surrealism,Dangerous Dining Companions,John Heartfield,1930,https://uploads6.wikiart.org/00292/images/john-heartfield/dangerous-dining-companions-1930c.jpg
Surrealism,Self-Portrait,Maurice Tabard,1930,https://uploads6.wikiart.org/00302/images/maurice-tabard/106-001.jpg
Surrealism,Gare Montparnasse,Maurice Tabard,1930,https://uploads3.wikiart.org/00302/images/maurice-tabard/gare-montparnasse-1930.jpg
Surrealism,Funeral and Crescent,Ibrahim Salahi,XX cent.,https://uploads5.wikiart.org/images/ibrahim-salahi/funeral-and-crescent.jpg
Surrealism,Reborn Sounds of Childhood Dreams II,Ibrahim Salahi,XX cent.,https://uploads3.wikiart.org/images/ibrahim-salahi/reborn-sounds-of-childhood-dreams-ii.jpg
Surrealism,The Bull and the Mint Shrub,Ibrahim Salahi,XX cent.,https://uploads3.wikiart.org/images/ibrahim-salahi/the-bull-and-the-mint-shrub.jpg
Surrealism,Portrait of Luther Burbank,Frida Kahlo,1931,https://uploads7.wikiart.org/images/magdalena-carmen-frieda-kahlo-y-calderón-de-rivera/portrait-of-luther-burbank-1931.jpg
Surrealism,Promontory Palace,Yves Tanguy,1931,https://uploads4.wikiart.org/images/yves-tanguy/promontory-palace-1931.jpg
Surrealism,Nude Reclining on the pedestal,Georges Braque,1931,https://uploads2.wikiart.org/images/georges-braque/nude-reclining-on-the-pedestal-1931.jpg
Surrealism,The last of the mercenaries,Paul Klee,1931,https://uploads6.wikiart.org/images/paul-klee/the-last-of-the-mercenaries-1931(1).jpg
Surrealism,"Atrani, Coast of Amalfi",M.C. Escher,1931,https://uploads3.wikiart.org/images/m-c-escher/atrani-coast-of-amalfi.jpg
Surrealism,Covered Alley in Atrani,M.C. Escher,1931,https://uploads4.wikiart.org/images/m-c-escher/covered-alley-in-atrani.jpg
Surrealism,Emblemata - Lute,M.C. Escher,1931,https://uploads4.wikiart.org/images/m-c-escher/emblemata-lute.jpg
Surrealism,Emblemata - Squirrel,M.C. Escher,1931,https://uploads8.wikiart.org/images/m-c-escher/emblemata-squirrel.jpg
Surrealism,Emblemata - Vase,M.C. Escher,1931,https://uploads4.wikiart.org/images/m-c-escher/emblemata-vase.jpg
Surrealism,"Farmhouse, Ravello",M.C. Escher,1931,https://uploads7.wikiart.org/images/m-c-escher/farmhouse-ravello.jpg
Surrealism,Dilapidated Houses in Atrani,M.C. Escher,1931,https://uploads0.wikiart.org/images/m-c-escher/not_detected_204634.jpg
Surrealism,"Scilla, Calabria (January 1931)",M.C. Escher,1931,https://uploads0.wikiart.org/images/m-c-escher/not_detected_204670.jpg
Surrealism,"Santa Severina, Calabria (February 1931)",M.C. Escher,1931,https://uploads0.wikiart.org/images/m-c-escher/not_detected_204671.jpg
Surrealism,"Scilla, Calabria (February 1931)",M.C. Escher,1931,https://uploads0.wikiart.org/images/m-c-escher/not_detected_204673.jpg
Surrealism,Scholastica,M.C. Escher,1931,https://uploads1.wikiart.org/images/m-c-escher/scholastica.jpg
Surrealism,Weather Vane,M.C. Escher,1931,https://uploads2.wikiart.org/images/m-c-escher/weather-vane.jpg
Surrealism,Copper handcuffs,Rene Magritte,1931,https://uploads8.wikiart.org/images/rene-magritte/copper-handcuffs-1931(1).jpg
Surrealism,"Project for a mural, Norine House, Brussels",Rene Magritte,1931,https://uploads1.wikiart.org/images/rene-magritte/project-for-a-mural-norine-house-brussels(1).jpg
Surrealism,"Project for a mural, Norine House, Brussels",Rene Magritte,1931,https://uploads3.wikiart.org/images/rene-magritte/project-for-a-mural-norine-house-brussels-1(1).jpg
Surrealism,The fair captive,Rene Magritte,1931,https://uploads8.wikiart.org/images/rene-magritte/the-fair-captive-1931(1).jpg
Surrealism,Board of Demented Associations (Fireworks),Salvador Dali,1931,https://uploads6.wikiart.org/images/salvador-dali/board-of-demented-associations-fireworks.jpg
Surrealism,"Combinations (or The Combined Dalinian Phantasms; Ants, Keys, Nails)",Salvador Dali,1931,https://uploads2.wikiart.org/images/salvador-dali/combinations-or-the-combined-dalinian-phantasms-ants-keys-nails.jpg
Surrealism,Gradiva,Salvador Dali,1931,https://uploads0.wikiart.org/images/salvador-dali/gradiva.jpg
Surrealism,Gradiva Finds the Anthropomorphic Ruins,Salvador Dali,1931,https://uploads5.wikiart.org/images/salvador-dali/gradiva-finds-the-anthropomorphic-ruins.jpg
Surrealism,Landscape,Salvador Dali,1931,https://uploads2.wikiart.org/images/salvador-dali/landscape.jpg
Surrealism,Loneliness,Salvador Dali,1931,https://uploads3.wikiart.org/00344/images/salvador-dali/4.jpg
Surrealism,Mme. Reese,Salvador Dali,1931,https://uploads2.wikiart.org/images/salvador-dali/mme-reese.jpg
Surrealism,On the Seashore,Salvador Dali,1931,https://uploads8.wikiart.org/images/salvador-dali/on-the-seashore.jpg
Surrealism,Partial Hallucination: Six Apparitions of Lenin on a Piano,Salvador Dali,1931,https://uploads1.wikiart.org/images/salvador-dali/partial-hallucination-six-apparitions-of-lenin-on-a-piano-1931.jpg
Surrealism,Plant transformation,Salvador Dali,1931,https://uploads3.wikiart.org/00344/images/salvador-dali/3.jpg
Surrealism,Portrait of Gala,Salvador Dali,1931,https://uploads0.wikiart.org/images/salvador-dali/portrait-of-gala.jpg
Surrealism,"Remorse, or Sphinx Embedded in the Sand",Salvador Dali,1931,https://uploads4.wikiart.org/images/salvador-dali/remorse-or-sphinx-embedded-in-the-sand.jpg
Surrealism,Scatalogical Object Functioning Symbolically (The Surrealist Shoe),Salvador Dali,1931,https://uploads3.wikiart.org/images/salvador-dali/scatalogical-object-functioning-symbolically-the-surrealist-shoe.jpg
Surrealism,Shades of Night Descending,Salvador Dali,1931,https://uploads1.wikiart.org/images/salvador-dali/shades-of-night-descending.jpg
Surrealism,Symbiosis Between the Head and Shell,Salvador Dali,1931,https://uploads3.wikiart.org/00344/images/salvador-dali/symbiosis-between-the-head-and-shell-jpg-large.jpg
Surrealism,The Dream,Salvador Dali,1931,https://uploads2.wikiart.org/images/salvador-dali/the-dream.jpg
Surrealism,The Dream Approaches,Salvador Dali,1931,https://uploads3.wikiart.org/00344/images/salvador-dali/2.jpg
Surrealism,The Old Age of William Tell,Salvador Dali,1931,https://uploads2.wikiart.org/images/salvador-dali/the-old-age-of-william-tell.jpg
Surrealism,The Persistence of Memory,Salvador Dali,1931,https://uploads5.wikiart.org/images/salvador-dali/the-persistence-of-memory-1931.jpg
Surrealism,The Sense of Speed,Salvador Dali,1931,https://uploads2.wikiart.org/images/salvador-dali/the-sense-of-speed.jpg
Surrealism,The Spectre and the Phantom,Salvador Dali,1931,https://uploads3.wikiart.org/00344/images/salvador-dali/1.jpg
Surrealism,They Were There,Salvador Dali,1931,https://uploads8.wikiart.org/images/salvador-dali/they-were-there.jpg
Surrealism,Untided (William Tell and Gradiva),Salvador Dali,1931,https://uploads7.wikiart.org/images/salvador-dali/untided-william-tell-and-gradiva.jpg
Surrealism,Woman Sleeping in a Landscape,Salvador Dali,1931,https://uploads4.wikiart.org/images/salvador-dali/woman-sleeping-in-a-landscape.jpg
Surrealism,A lamp,Pablo Picasso,1931,https://uploads4.wikiart.org/images/pablo-picasso/a-lamp-1931.jpg
Surrealism,Bather,Pablo Picasso,1931,https://uploads4.wikiart.org/images/pablo-picasso/bather-1931.jpg
Surrealism,Bust of woman,Pablo Picasso,1931,https://uploads2.wikiart.org/images/pablo-picasso/bust-of-woman-1931.jpg
Surrealism,Figures at the Seaside,Pablo Picasso,1931,https://uploads2.wikiart.org/images/pablo-picasso/figures-at-the-seaside-1931.jpg
Surrealism,Great Still life on pedestal,Pablo Picasso,1931,https://uploads8.wikiart.org/images/pablo-picasso/great-still-life-on-pedestal-1931.jpg
Surrealism,Seated Woman in a Red Armchair,Pablo Picasso,1931,https://uploads1.wikiart.org/images/pablo-picasso/seated-woman-in-a-red-armchair-1931.jpg
Surrealism,Still life,Pablo Picasso,1931,https://uploads8.wikiart.org/images/pablo-picasso/still-life-1931.jpg
Surrealism,The sculptor,Pablo Picasso,1931,https://uploads1.wikiart.org/images/pablo-picasso/the-sculptor-1931.jpg
Surrealism,Woman with yellow hair,Pablo Picasso,1931,https://uploads2.wikiart.org/images/pablo-picasso/woman-with-yellow-hair-1931.jpg
Surrealism,Young girl throwing a rock,Pablo Picasso,1931,https://uploads6.wikiart.org/images/pablo-picasso/young-girl-throwing-a-rock-1931.jpg
Surrealism,Human Form,Max Ernst,1931,https://uploads4.wikiart.org/images/max-ernst/human-form-1931.jpg
Surrealism,Adam and Eve,Francis Picabia,1931,https://uploads7.wikiart.org/images/francis-picabia/adam-and-eve.jpg
Surrealism,Lodola,Francis Picabia,1930-1931,https://uploads6.wikiart.org/images/francis-picabia/lodola-1931.jpg
Surrealism,Nocturnes,Paul Delvaux,1931,https://uploads6.wikiart.org/images/paul-delvaux/nocturnes-1931.jpg
Surrealism,Untitled,Jacques Hérold,1931,https://uploads7.wikiart.org/images/jacques-h-rold/untitled-1931.jpg
Surrealism,The Big Silence,Jacques Hérold,1931,https://uploads5.wikiart.org/images/jacques-h-rold/the-big-silence-1931.jpg
Surrealism,Love on the Beach,Georges Papazoff,1931,https://uploads0.wikiart.org/images/georges-papazoff/love-on-the-beach-1931.jpg
Surrealism,Paysage surréaliste,Josef Sima,1931,https://uploads3.wikiart.org/images/josef-ma/paysage-surr-aliste-1931.jpg
Surrealism,Cabbage Leaf,Edward Weston,1931,https://uploads1.wikiart.org/images/edward-weston/cabbage-leaf-1931.jpg
Surrealism,Shell and Rocks Arrangement,Edward Weston,1931,https://uploads7.wikiart.org/images/edward-weston/shell-and-rocks-arrangement-1931.jpg
Surrealism,A Monastic Brothel,Brassai,1931,https://uploads1.wikiart.org/images/brassai/a-monastic-brothel-1931.jpg
Surrealism,Henry Miller,Brassai,1931,https://uploads4.wikiart.org/images/brassai/henry-miller-1931.jpg
Surrealism,Paris street fair,Brassai,1931,https://uploads0.wikiart.org/images/brassai/paris-street-fair-1931.jpg
Surrealism,The Balloon Merchant,Brassai,1931,https://uploads3.wikiart.org/images/brassai/the-balloon-merchant-1931.jpg
Surrealism,"Kiki dans un bar, Montparnasse",Brassai,1931,https://uploads3.wikiart.org/images/brassai/kiki-dans-un-bar-montparnasse-1931.jpg
Surrealism,Angel on Horseback,Carlos Merida,1931,https://uploads7.wikiart.org/images/carlos-merida/angel-on-horseback-1931.jpg
Surrealism,Composition on a Red Ground,Edward Wadsworth,1931,https://uploads4.wikiart.org/images/edward-wadsworth/composition-on-a-red-ground-1931(1).jpg
Surrealism,Dona i cap d’home,Angel Planells,1931,https://uploads1.wikiart.org/images/angel-planells/dona-i-cap-d-home-1931(1).jpg
Surrealism,Detail,Serge Brignoni,1931,https://uploads5.wikiart.org/images/serge-brignoni/detail-1931.jpg
Surrealism,Cage,Alberto Giacometti,1930-1931,https://uploads2.wikiart.org/images/alberto-giacometti/cage.jpg
Surrealism,Fanciful Ink Drawing II,Franz Sedlacek,1931,https://uploads6.wikiart.org/00167/images/franz-sedlacek/fanciful-ink-drawing-ii-1931.jpg
Surrealism,Blue House on the Shore,Paul Nash,1930-1931,https://uploads2.wikiart.org/00269/images/paul-nash/blue-house-on-the-shore-30-31.jpg
Surrealism,Acacia,Jindrich Styrsky,1931,https://uploads2.wikiart.org/00280/images/jindrich-styrsky/acacia-1931.jpg
Surrealism,Olšany,Jindrich Styrsky,1931,https://uploads2.wikiart.org/00280/images/jindrich-styrsky/ol-any-1931.jpg
Surrealism,Untitled,Jindrich Styrsky,1931,https://uploads4.wikiart.org/00280/images/jindrich-styrsky/untitled-1931.jpg
Surrealism,Untitled,Jindrich Styrsky,1931,https://uploads6.wikiart.org/00280/images/jindrich-styrsky/untitled-c-1931.jpg
Surrealism,Vilém Tell,Jindrich Styrsky,1931,https://uploads6.wikiart.org/00280/images/jindrich-styrsky/vil-m-tell-1931.jpg
Surrealism,Cobblestones and Snow,Maurice Tabard,1931,https://uploads7.wikiart.org/00302/images/maurice-tabard/cobblestones-and-snow-1931.jpg
Surrealism,To Space,František Hudeček,1931,https://uploads2.wikiart.org/00320/images/frantisek-hudecek/do-prostoru-1931.jpg
Surrealism,Monument,František Hudeček,1931,https://uploads7.wikiart.org/00320/images/frantisek-hudecek/pomn-k-1931.jpeg!PinterestSmall.jpeg
Surrealism,Tabouret,Fabio de Sanctis,XX cent.,https://uploads4.wikiart.org/images/fabio-de-sanctis/tabouret.jpg
Surrealism,Untitled,Fabio de Sanctis,XX cent.,https://uploads4.wikiart.org/images/fabio-de-sanctis/untitled.jpg
Surrealism,Henry Ford Hospital (The Flying Bed),Frida Kahlo,1932,https://uploads6.wikiart.org/images/magdalena-carmen-frieda-kahlo-y-calderón-de-rivera/henry-ford-hospital-the-flying-bed-1932.jpg
Surrealism,Self-Portrait Along the Border Line Between Mexico and the United States,Frida Kahlo,1932,https://uploads0.wikiart.org/images/magdalena-carmen-frieda-kahlo-y-calderón-de-rivera/self-portrait-along-the-boarder-line-between-mexico-and-the-united-states-1932.jpg
Surrealism,The Ribbon of Extremes,Yves Tanguy,1932,https://uploads0.wikiart.org/images/yves-tanguy/the-ribbon-of-extremes-1932.jpg
Surrealism,"Nighttime, Enigma and Nostalgia",Arshile Gorky,1931-1932,https://uploads5.wikiart.org/images/arshile-gorky/nighttime-enigma-and-nostalgia.jpg
Surrealism,Brown Still Life,Georges Braque,1932,https://uploads6.wikiart.org/images/georges-braque/brown-still-life-1932.jpg
Surrealism,Lying Nude (The Bather IX),Georges Braque,1932,https://uploads5.wikiart.org/images/georges-braque/lying-nude-the-bather-ix-1932.jpg
Surrealism,The Bather,Fernand Leger,1932,https://uploads8.wikiart.org/images/fernand-leger/the-bather-1932.jpg
Surrealism,Promenade in the Orient,Paul Klee,1932,https://uploads2.wikiart.org/images/paul-klee/promenade-in-the-orient-1932(1).jpg
Surrealism,Bride with Blue Face,Marc Chagall,1932,https://uploads3.wikiart.org/images/marc-chagall/bride-with-blue-face.jpg
Surrealism,"Atrani, Coast of Amalfi",M.C. Escher,1932,https://uploads5.wikiart.org/images/m-c-escher/atrani-coast-of-amalfi-1.jpg
Surrealism,Italian Town,M.C. Escher,1932,https://uploads2.wikiart.org/images/m-c-escher/italian-town.jpg
Surrealism,Lion of The Fountain in The Piazza al Ravello,M.C. Escher,1932,https://uploads8.wikiart.org/images/m-c-escher/lion-of-the-fountain-in-the-piazza-al-ravello.jpg
Surrealism,"San Cosimo, Ravello (January 1932)",M.C. Escher,1932,https://uploads0.wikiart.org/images/m-c-escher/not_detected_204678.jpg
Surrealism,"San Giovanni, Ravello (February 1932)",M.C. Escher,1932,https://uploads0.wikiart.org/images/m-c-escher/not_detected_204682.jpg
Surrealism,"Castel Mola and Mount Etna, Sicily (December 1932)",M.C. Escher,1932,https://uploads0.wikiart.org/images/m-c-escher/not_detected_204684.jpg
Surrealism,Porta Maria Dell' Ospidale,M.C. Escher,1932,https://uploads6.wikiart.org/images/m-c-escher/porta-maria-dell-ospidale.jpg
Surrealism,"San Cosimo, Ravello",M.C. Escher,1932,https://uploads8.wikiart.org/images/m-c-escher/san-cosimo-ravello.jpg
Surrealism,"Temple of Segeste, Sicily",M.C. Escher,1932,https://uploads5.wikiart.org/images/m-c-escher/temple-of-segeste-sicily.jpg
Surrealism,A storm,Rene Magritte,1932,https://uploads8.wikiart.org/images/rene-magritte/a-storm-1932(1).jpg
Surrealism,Act of violence,Rene Magritte,1932,https://uploads7.wikiart.org/images/rene-magritte/act-of-violence-1932(1).jpg
Surrealism,Agnostic Symbol,Salvador Dali,1932,https://uploads8.wikiart.org/images/salvador-dali/agnostic-symbol.jpg
Surrealism,Angelus,Salvador Dali,1932,https://uploads0.wikiart.org/images/salvador-dali/angelus.jpg
Surrealism,Anthropomorphic Bread,Salvador Dali,1932,https://uploads5.wikiart.org/images/salvador-dali/anthropomorphic-bread.jpg
Surrealism,Anthropomorphic Bread,Salvador Dali,1932,https://uploads7.wikiart.org/images/salvador-dali/anthropomorphic-bread-1.jpg
Surrealism,Automatic Beginning of a Portrait of Gala (unfinished),Salvador Dali,1932,https://uploads0.wikiart.org/images/salvador-dali/automatic-beginning-of-a-portrait-of-gala-unfinished.jpg
Surrealism,Babaouo - Publicity Announcement for the Publication of the Scenario of the Film,Salvador Dali,1932,https://uploads8.wikiart.org/images/salvador-dali/babaouo-publicity-announcement-for-the-publication-of-the-scenario-of-the-film.jpg
Surrealism,Diurnal Fantasies,Salvador Dali,1932,https://uploads1.wikiart.org/images/salvador-dali/diurnal-fantasies.jpg
Surrealism,Eggs on Plate without the Flat,Salvador Dali,1932,https://uploads5.wikiart.org/images/salvador-dali/eggs-on-plate-without-the-flat.jpg
Surrealism,Fried Egg on the Plate without the Plate,Salvador Dali,1932,https://uploads2.wikiart.org/images/salvador-dali/fried-egg-on-the-plate-without-the-plate-1932.jpg
Surrealism,Glow of Laport,Salvador Dali,1932,https://uploads7.wikiart.org/images/salvador-dali/glow-of-laport.jpg
Surrealism,Memory of the Child Woman,Salvador Dali,1932,https://uploads0.wikiart.org/images/salvador-dali/memory-of-the-child-woman.jpg
Surrealism,Memory of the Child-Woman,Salvador Dali,1932,https://uploads2.wikiart.org/images/salvador-dali/memory-of-the-child-woman-1.jpg
Surrealism,Nostalgia of the Cannibal,Salvador Dali,1932,https://uploads5.wikiart.org/images/salvador-dali/nostalgia-of-the-cannibal-1932.jpg
Surrealism,Ordinary French Loaf with Two Fried Eggs,Salvador Dali,1932,https://uploads6.wikiart.org/images/salvador-dali/ordinary-french-loaf-with-two-fried-eggs.jpg
Surrealism,Paranoic Metamorphosis of Gala's Face,Salvador Dali,1932,https://uploads3.wikiart.org/images/salvador-dali/paranoic-metamorphosis-of-gala-s-face.jpg
Surrealism,Phosphene of Laporte,Salvador Dali,1932,https://uploads4.wikiart.org/images/salvador-dali/phosphene-of-laporte.jpg
Surrealism,Surrealist Architecture,Salvador Dali,1932,https://uploads7.wikiart.org/images/salvador-dali/surrealist-architecture.jpg
Surrealism,Surrealist Essay,Salvador Dali,1932,https://uploads0.wikiart.org/images/salvador-dali/surrealist-essay.jpg
Surrealism,Surrealist Object Gauge of Instantaneous Memory,Salvador Dali,1932,https://uploads4.wikiart.org/images/salvador-dali/surrealist-object-gauge-of-instantaneous-memory.jpg
Surrealism,The Birth of Liquid Desires,Salvador Dali,1932,https://uploads2.wikiart.org/images/salvador-dali/the-birth-of-liquid-desires.jpg
Surrealism,The Birth of Liquid Fears,Salvador Dali,1932,https://uploads0.wikiart.org/images/salvador-dali/the-birth-of-liquid-fears.jpg
Surrealism,"The Invisible Harp, Fine and Medium./Harpe invisible fine et moyenne",Salvador Dali,1932,https://uploads5.wikiart.org/images/salvador-dali/the-invisible-harp-fine-and-medium-harpe-invisible-fine-et-moyenne.jpg
Surrealism,The Invisible Man,Salvador Dali,1932,https://uploads1.wikiart.org/images/salvador-dali/the-invisible-man.jpg
Surrealism,The Knight at the Tower,Salvador Dali,1932,https://uploads7.wikiart.org/images/salvador-dali/the-knight-at-the-tower.jpg
Surrealism,The Meeting of the Illusion and the Arrested Moment - Fried Eggs Presented in a Spoon,Salvador Dali,1932,https://uploads4.wikiart.org/images/salvador-dali/the-meeting-of-the-illusion-and-the-arrested-moment-fried-eggs-presented-in-a-spoon.jpg
Surrealism,"The True Painting of the ""Isle of the Dead"" by Arnold Böcklin at the Hour of the Angelus",Salvador Dali,1932,https://uploads7.wikiart.org/images/salvador-dali/the-true-painting-of-the-isle-of-the-dead-by-arnold-böcklin-at-the-hour-of-the-angelus.jpg
Surrealism,The Veiled Heart,Salvador Dali,1932,https://uploads0.wikiart.org/images/salvador-dali/the-veiled-heart.jpg
Surrealism,Untitled - Female Figure with Catalonian Bread,Salvador Dali,1932,https://uploads1.wikiart.org/images/salvador-dali/untitled-female-figure-with-catalonian-bread.jpg
Surrealism,Bather with beach ball,Pablo Picasso,1932,https://uploads2.wikiart.org/images/pablo-picasso/bather-with-beach-ball-1932.jpg
Surrealism,Beach game and rescue,Pablo Picasso,1932,https://uploads1.wikiart.org/images/pablo-picasso/beach-game-and-rescue-1932.jpg
Surrealism,Girl in Front of Mirror,Pablo Picasso,1932,https://uploads3.wikiart.org/images/pablo-picasso/girl-in-front-of-mirror-1932.jpg
Surrealism,Girl in front of mirror,Pablo Picasso,1932,https://uploads5.wikiart.org/images/pablo-picasso/girl-in-front-of-mirror-1932-1.jpg
Surrealism,Lying female nude,Pablo Picasso,1932,https://uploads8.wikiart.org/images/pablo-picasso/lying-female-nude-1932-1.jpg
Surrealism,Naked woman,Pablo Picasso,1932,https://uploads0.wikiart.org/images/pablo-picasso/naked-woman-1932.jpg
Surrealism,Reading,Pablo Picasso,1932,https://uploads5.wikiart.org/images/pablo-picasso/reading-1932.jpg
Surrealism,Reclining nude,Pablo Picasso,1932,https://uploads3.wikiart.org/images/pablo-picasso/reclining-nude-1932.jpg
Surrealism,Reclining woman,Pablo Picasso,1932,https://uploads4.wikiart.org/images/pablo-picasso/reclining-woman-1932.jpg
Surrealism,Reclining woman,Pablo Picasso,1932,https://uploads6.wikiart.org/images/pablo-picasso/reclining-woman-1932-1.jpg
Surrealism,Seated female nude,Pablo Picasso,1932,https://uploads7.wikiart.org/images/pablo-picasso/seated-female-nude-1932.jpg
Surrealism,Sleep,Pablo Picasso,1932,https://uploads3.wikiart.org/images/pablo-picasso/sleep-1932.jpg
Surrealism,The mirror,Pablo Picasso,1932,https://uploads8.wikiart.org/images/pablo-picasso/the-mirror-1932.jpg
Surrealism,The rescue,Pablo Picasso,1932,https://uploads8.wikiart.org/images/pablo-picasso/the-rescue-1932.jpg
Surrealism,The yellow belt,Pablo Picasso,1932,https://uploads8.wikiart.org/images/pablo-picasso/the-yellow-belt.jpg
Surrealism,Woman in red armchair,Pablo Picasso,1932,https://uploads1.wikiart.org/images/pablo-picasso/woman-in-red-armchair-1932.jpg
Surrealism,Woman on the beach,Pablo Picasso,1932,https://uploads7.wikiart.org/images/pablo-picasso/woman-on-the-beach-1932.jpg
Surrealism,Woman with book,Pablo Picasso,1932,https://uploads4.wikiart.org/images/pablo-picasso/woman-with-book-1932.jpg
Surrealism,Woman with flower,Pablo Picasso,1932,https://uploads6.wikiart.org/images/pablo-picasso/woman-with-flower-1932.jpg
Surrealism,Cap d'home,Joan Miro,1932,https://uploads8.wikiart.org/images/joan-miro/cap-d-home.jpg
Surrealism,Constellation with 5 White Forms & 2 Black,Jean Arp,1932,https://uploads1.wikiart.org/images/jean-arp/constellation-with-5-white-forms-2-black.jpg
Surrealism,Man and woman,Max Beckmann,1932,https://uploads1.wikiart.org/images/max-beckmann/man-and-woman-1932.jpg
Surrealism,Composition,Georges Papazoff,1932,https://uploads3.wikiart.org/images/georges-papazoff/composition-1932.jpg
Surrealism,Portrait of Vítězslav Nezval,Josef Sima,1932,https://uploads3.wikiart.org/images/josef-ma/portrait-of-v-t-zslav-nezval-1932.jpg
Surrealism,Untitled,William Baziotes,1932,https://uploads0.wikiart.org/images/william-baziotes/untitled-1932.jpg
Surrealism,Organic Landscape,Jules Perahim,1932,https://uploads6.wikiart.org/images/jules-perahim/organic-landscape-1932.jpg
Surrealism,Portrait of Gherasim Luca,Jules Perahim,1932,https://uploads5.wikiart.org/images/jules-perahim/portrait-of-gherasim-luca-1932.jpg
Surrealism,Ripolin. The tree prisoner,Maria Helena Vieira da Silva,1932,https://uploads2.wikiart.org/images/maria-helena-vieira-da-silva/ripolin-the-tree-prisoner-1932.jpg
Surrealism,Cedar,Maria Helena Vieira da Silva,1932,https://uploads0.wikiart.org/images/maria-helena-vieira-da-silva/cedar-1932.jpg
Surrealism,Self-Portrait,M. H. Maxy,1932,https://uploads4.wikiart.org/images/max-herman-maxy/self-portrait-1932.jpg
Surrealism,Self-Portrait with Gun,Man Ray,1932,https://uploads5.wikiart.org/images/man-ray/self-portrait-with-gun-1922.jpg
Surrealism,"An opium den, Avenue Bosquet, Paris",Brassai,1932,https://uploads7.wikiart.org/images/brassai/an-opium-den-avenue-bosquet-paris-1932.jpg
Surrealism,Au cirque Medrano,Brassai,1932,https://uploads0.wikiart.org/images/brassai/au-cirque-medrano-1932.jpg
Surrealism,"Autoportrait - Boulevard Saint-Jacques, Paris 14ème",Brassai,1932,https://uploads4.wikiart.org/images/brassai/autoportrait-boulevard-saint-jacques-paris-14-me-1932.jpg
Surrealism,"Avenue du Maine (14th arr.), Paris",Brassai,1932,https://uploads4.wikiart.org/images/brassai/avenue-du-maine-14th-arr-paris-1932.jpg
Surrealism,"Couple d’amoureux, Place d’Italie",Brassai,1932,https://uploads6.wikiart.org/images/brassai/couple-d-amoureux-place-d-italie-1932.jpg
Surrealism,Façades rue de l’Hôtel de Ville,Brassai,1932,https://uploads5.wikiart.org/images/brassai/fa-ades-rue-de-l-h-tel-de-ville-1932.jpg
Surrealism,Girls in Paris,Brassai,1932,https://uploads6.wikiart.org/images/brassai/girls-in-paris-1932.jpg
Surrealism,Kiki et ses amies (Thérèze Treize et Lily),Brassai,1932,https://uploads5.wikiart.org/images/brassai/kiki-et-ses-amies-th-r-ze-treize-et-lily-1932.jpg
Surrealism,Le Pont Neuf à Paris,Brassai,1932,https://uploads1.wikiart.org/images/brassai/le-pont-neuf-paris-1932.jpg
Surrealism,Paris de nuit,Brassai,1932,https://uploads5.wikiart.org/images/brassai/paris-de-nuit-1932.jpg
Surrealism,Sans titre (Le Vin est la plus saine),Brassai,1932,https://uploads0.wikiart.org/images/brassai/sans-titre-le-vin-est-la-plus-saine-1932.jpg
Surrealism,Lovers in the Latin Quarter,Brassai,1932,https://uploads1.wikiart.org/images/brassai/lovers-in-the-latin-quarter-1932.jpg
Surrealism,Portrait de Gala,Brassai,1932,https://uploads8.wikiart.org/images/brassai/portrait-de-gala-1932.jpg
Surrealism,Anaïs Nin drapée dans un châle,Brassai,1932,https://uploads4.wikiart.org/images/brassai/ana-s-nin-drap-e-dans-un-ch-le-1932.jpg
Surrealism,Illustration for Sașa Pană's „the romanticised life of god”,Jean David,1932,https://uploads4.wikiart.org/images/jean-david/illustration-for-sa-a-pan-s-the-romanticised-life-of-god(1).jpg
Surrealism,The Developing Thought of a Human,Kansuke Yamamoto,1932,https://uploads7.wikiart.org/images/kansuke-yamamoto/the-developing-thought-of-a-human-1932.jpg
Surrealism,Untitled,Le Corbusier,1932,https://uploads5.wikiart.org/images/le-corbusier/untitled-1932.jpg
Surrealism,"Wols Dans le sable (enlisé, une seule main surgit)",Wols,1932,https://uploads8.wikiart.org/images/wols/wols-dans-le-sable-enlis-une-seule-main-surgit-1932.jpg
Surrealism,Hypergenese de la reapparition,Victor Brauner,1932,https://uploads2.wikiart.org/images/victor-brauner/hypergenese-de-la-reapparition-1932.jpg
Surrealism,Composition surréaliste,Victor Brauner,1932,https://uploads4.wikiart.org/images/victor-brauner/composition-surr-aliste-1932.jpg
Surrealism,Dux et Comes I,Edward Wadsworth,1932,https://uploads0.wikiart.org/images/edward-wadsworth/dux-et-comes-i-1932(1).jpg
Surrealism,Dux et Comes IV,Edward Wadsworth,1932,https://uploads1.wikiart.org/images/edward-wadsworth/dux-et-comes-iv-1932(1).jpg
Surrealism,Dolor de mediodía,Angel Planells,1932,https://uploads1.wikiart.org/images/angel-planells/dolor-de-mediod-a-1932(1).jpg
Surrealism,La casa fantasmal,Angel Planells,1932,https://uploads1.wikiart.org/images/angel-planells/la-casa-fantasmal-1932(1).jpg
Surrealism,La danseuse et le petit félin,Le Corbusier,1932,https://uploads8.wikiart.org/images/le-corbusier/la-danseuse-et-le-petit-f-lin-1932.jpg
Surrealism,Figur i landskap IV,Sven Jonson,1932,https://uploads0.wikiart.org/images/sven-jonson/figur-i-landskap-iv-1932(5).jpg
Surrealism,Palacios en Bría,Xul Solar,1932,https://uploads1.wikiart.org/images/xul-solar/palacios-en-br-a-1932.jpg
Surrealism,Superamento terrestre,Enrico Prampolini,1932,https://uploads5.wikiart.org/images/enrico-prampolini/superamento-terrestre-1932.jpg
Surrealism,Barcelona,Dora Maar,1932,https://uploads3.wikiart.org/images/dora-maar/barcelona-1932.jpg
Surrealism,Portrait of the Viscountess Marie Laure de Noailles,Salvador Dali,1932,https://uploads7.wikiart.org/00156/images/salvador-dali/zzzzz-dali-portrait-of-the-viscountess-marie-laure-de-noailles-1932.jpg
Surrealism,SPACE TUNNEL,Alexander Calder,1932,https://uploads0.wikiart.org/00209/images/alexander-calder/space-tunnel-1932.jpg
Surrealism,UNTITLED,Alexander Calder,1932,https://uploads5.wikiart.org/00209/images/alexander-calder/untitled-1932.png!PinterestSmall.png
Surrealism,UNTITLED,Alexander Calder,1932,https://uploads7.wikiart.org/00209/images/alexander-calder/untitled-1932-1.jpg
Surrealism,UNTITLED,Alexander Calder,1932,https://uploads5.wikiart.org/00209/images/alexander-calder/untitled-1932.jpg
Surrealism,Tierra Y Excrementos,Maruja Mallo,1932,https://uploads5.wikiart.org/00219/images/maruja-mallo/tierra-y-excrementos-1932.jpg
Surrealism,"The Rye Marshes, East Sussex",Paul Nash,1932,https://uploads5.wikiart.org/00269/images/paul-nash/the-rye-marshes-east-sussex-1932.jpg
Surrealism,Obraz,Jindrich Styrsky,1932,https://uploads4.wikiart.org/00280/images/jindrich-styrsky/jind-ich-tyrsk-1899-1942-obraz-1932-ajg-hlubok-nad-vltavou.jpg
Surrealism,Untitled,Jindrich Styrsky,1932,https://uploads6.wikiart.org/00280/images/jindrich-styrsky/untitled-c-1932.jpg
Surrealism,Cadavre Exquis (Exquisite Cadaver),Valentine Hugo,1932,https://uploads8.wikiart.org/00281/images/valentine-hugo/cadavre-exquis-exquisite-cadaver-1932.jpg
Surrealism,Portrait De Paul Eluard,Valentine Hugo,1932,https://uploads8.wikiart.org/00281/images/valentine-hugo/portrait-de-paul-eluard-1932.jpg
Surrealism,"Portraits of Paul Eluard, André Breton, Tristan Tzara, René Char, Benjamin Péret, René Crevel",Valentine Hugo,1932,https://uploads7.wikiart.org/00281/images/valentine-hugo/portraits-of-paul-eluard-andr-breton-tristan-tzara-ren-char-benjamin-p-ret-ren-crevel-1932.jpg
Surrealism,Frida and the Miscarriage,Frida Kahlo,1932,https://uploads3.wikiart.org/00299/images/frida-kahlo/frida-kahlo-abortivo-main.jpg
Surrealism,Untitled (Aztec figurine of the goddess Tlazoteotl),Man Ray,1932,https://uploads7.wikiart.org/00299/images/man-ray/images.jpg
Surrealism,Composition Aux Guitares,Maurice Tabard,1932,https://uploads1.wikiart.org/00302/images/maurice-tabard/composition-aux-guitares-1932.jpg
Surrealism,Untitled (portrait Montage),Maurice Tabard,1932,https://uploads2.wikiart.org/00302/images/maurice-tabard/untitled-portrait-montage-1932.jpg
Surrealism,I Extend My Arms,Claude Cahun,1932,https://uploads0.wikiart.org/00302/images/claude-cahun/i-extend-my-arms-1932.jpg
Surrealism,Pharaoh's Dancer,František Hudeček,1932,https://uploads2.wikiart.org/00320/images/frantisek-hudecek/faraonovy-tane-nice-1932.jpeg!PinterestSmall.jpeg
Surrealism,My Dress Hangs There,Frida Kahlo,1933,https://uploads1.wikiart.org/images/magdalena-carmen-frieda-kahlo-y-calderón-de-rivera/my-dress-hangs-there-1933.jpg
Surrealism,The Pink Napkin,Georges Braque,1933,https://uploads5.wikiart.org/images/georges-braque/the-pink-napkin-1933.jpg
Surrealism,Nude over Vitebsk,Marc Chagall,1933,https://uploads5.wikiart.org/images/marc-chagall/nude-over-vitebsk-1933.jpg
Surrealism,"Cloister of Monreale, Sicily",M.C. Escher,1933,https://uploads8.wikiart.org/images/m-c-escher/cloister-of-monreale-sicily.jpg
Surrealism,Fluorescent Sea,M.C. Escher,1933,https://uploads5.wikiart.org/images/m-c-escher/fluorescent-sea.jpg
Surrealism,Lava Flow from Etna,M.C. Escher,1933,https://uploads0.wikiart.org/images/m-c-escher/lava-flow-from-etna.jpg
Surrealism,"Old Lava From Mount Etna Near Bronte, Sicily",M.C. Escher,1933,https://uploads0.wikiart.org/images/m-c-escher/not_detected_204687.jpg
Surrealism,"Scáfani, sicilie",M.C. Escher,1933,https://uploads0.wikiart.org/images/m-c-escher/not_detected_204688.jpg
Surrealism,Cesarò and Mount Etna,M.C. Escher,1933,https://uploads0.wikiart.org/images/m-c-escher/not_detected_204689.jpg
Surrealism,"Church at Corte, Corsica",M.C. Escher,1933,https://uploads0.wikiart.org/images/m-c-escher/not_detected_204695.jpg
Surrealism,Views of the Citadel Calvi (Corsica),M.C. Escher,1933,https://uploads0.wikiart.org/images/m-c-escher/not_detected_204696.jpg
Surrealism,Elective Affinities,Rene Magritte,1933,https://uploads2.wikiart.org/images/rene-magritte/elective-affinities-1933(1).jpg
Surrealism,The Human Condition,Rene Magritte,1933,https://uploads2.wikiart.org/images/rene-magritte/the-human-condition-1933(1).jpg
Surrealism,The light of coincidence,Rene Magritte,1933,https://uploads7.wikiart.org/images/rene-magritte/the-light-of-coincidence-1933(1).jpg
Surrealism,Unexpected answer,Rene Magritte,1933,https://uploads0.wikiart.org/images/rene-magritte/unexpected-answer-1933(1).jpg
Surrealism,Ambivalent Image,Salvador Dali,1933,https://uploads0.wikiart.org/images/salvador-dali/ambivalent-image.jpg
Surrealism,Gala and The Angelus of Millet Before the Imminent Arrival of the Conical Anamorphoses,Salvador Dali,1933,https://uploads7.wikiart.org/images/salvador-dali/gala-and-the-angelus-of-millet-before-the-imminent-arrival-of-the-conical-anamorphoses.jpg
Surrealism,Geological evolution,Salvador Dali,1933,https://uploads0.wikiart.org/images/salvador-dali/geological-evolution-1933.jpg
Surrealism,Myself at the Age of Ten When I Was the Grasshopper Child,Salvador Dali,1933,https://uploads5.wikiart.org/images/salvador-dali/myself-at-the-age-of-ten-when-i-was-the-grasshopper-child.jpg
Surrealism,Necrophiliac Fountain Flowing from a Grand Piano,Salvador Dali,1933,https://uploads1.wikiart.org/images/salvador-dali/necrophiliac-fountain-flowing-from-a-grand-piano-1933.jpg
Surrealism,Portrait of Gala,Salvador Dali,1932-1933,https://uploads5.wikiart.org/images/salvador-dali/portrait-of-gala-1933.jpg
Surrealism,Portrait of Gala with Two Lamb Chops Balanced on Her Shoulder,Salvador Dali,1933,https://uploads0.wikiart.org/images/salvador-dali/portrait-of-gala-with-two-lamb-chops-balanced-on-her-shoulder.jpg
Surrealism,Retrospective Bust of a Woman,Salvador Dali,1933,https://uploads4.wikiart.org/images/salvador-dali/retrospective-bust-of-a-woman.jpg
Surrealism,Sugar Sphinx,Salvador Dali,1933,https://uploads5.wikiart.org/images/salvador-dali/sugar-sphinx.jpg
Surrealism,The Architectonic Angelus of Millet,Salvador Dali,1933,https://uploads1.wikiart.org/images/salvador-dali/the-architectonic-angelus-of-millet.jpg
Surrealism,The Enigma of William Tell,Salvador Dali,1933,https://uploads1.wikiart.org/images/salvador-dali/the-enigma-of-william-tell.jpg
Surrealism,The Invisible Man,Salvador Dali,1929-1933,https://uploads6.wikiart.org/images/salvador-dali/the-invisible-man-1933.jpg
Surrealism,The Phantom Cart,Salvador Dali,1933,https://uploads5.wikiart.org/images/salvador-dali/the-phantom-cart-1933.jpg
Surrealism,The Phantom Wagon,Salvador Dali,1933,https://uploads1.wikiart.org/images/salvador-dali/the-phantom-wagon.jpg
Surrealism,The Phenomenon of Ecstasy,Salvador Dali,1933,https://uploads0.wikiart.org/images/salvador-dali/the-phenomenon-of-ecstasy.jpg
Surrealism,The Triangular Hour,Salvador Dali,1933,https://uploads8.wikiart.org/images/salvador-dali/the-triangular-hour-1933.jpg
Surrealism,Untitled - Death Outside the Head - Paul Eluard,Salvador Dali,1933,https://uploads0.wikiart.org/images/salvador-dali/untitled-death-outside-the-head-paul-eluard.jpg
Surrealism,"Bullfight, the death of the torero",Pablo Picasso,1933,https://uploads8.wikiart.org/images/pablo-picasso/bullfight-the-death-of-the-torero.jpg
Surrealism,Farmer's wife on a stepladder,Pablo Picasso,1933,https://uploads0.wikiart.org/images/pablo-picasso/farmer-s-wife-on-a-stepladder-1933.jpg
Surrealism,Minotaur and woman behind a curtain,Pablo Picasso,1933,https://uploads1.wikiart.org/images/pablo-picasso/minotaur-and-woman-behind-a-curtain.jpg
Surrealism,"Minotaur,drinker and women",Pablo Picasso,1933,https://uploads1.wikiart.org/images/pablo-picasso/minotaur-drinker-and-women.jpg
Surrealism,Nudes and bust,Pablo Picasso,1933,https://uploads3.wikiart.org/images/pablo-picasso/nudes-and-bust-1933.jpg
Surrealism,Silenus dancing in company,Pablo Picasso,1933,https://uploads6.wikiart.org/images/pablo-picasso/silenus-dancing-in-company-1933.jpg
Surrealism,"Model for the cover of ""Minotaur""",Pablo Picasso,1933,https://uploads2.wikiart.org/images/pablo-picasso/model-for-the-cover-of-minotaur-1933.jpg
Surrealism,Composition,Joan Miro,1933,https://uploads0.wikiart.org/images/joan-miro/composition.jpg
Surrealism,Drawing-Collage with a Hat,Joan Miro,1933,https://uploads6.wikiart.org/images/joan-miro/drawing-collage-with-a-hat.jpg
Surrealism,Painting,Joan Miro,1933,https://uploads8.wikiart.org/images/joan-miro/painting-1.jpg
Surrealism,Painting,Joan Miro,1933,https://uploads8.wikiart.org/images/joan-miro/painting-2.jpg
Surrealism,Birth of Zoomorphic Couple,Max Ernst,1933,https://uploads0.wikiart.org/images/max-ernst/birth-of-zoomorph-couple-1933.jpg
Surrealism,Europe after the Rain I,Max Ernst,1933,https://uploads8.wikiart.org/images/max-ernst/europe-after-the-rain-i-1933.jpg
Surrealism,The Embalmed Forest,Max Ernst,1933,https://uploads4.wikiart.org/images/max-ernst/the-embalmed-forest-1933.jpg
Surrealism,Human Concretion,Jean Arp,1933,https://uploads4.wikiart.org/images/jean-arp/human-concretion.jpg
Surrealism,The Barracks,Balthus,1933,https://uploads4.wikiart.org/images/balthus/the-barracks-1933.jpg
Surrealism,The Fear of Ghosts,Balthus,1933,https://uploads1.wikiart.org/images/balthus/the-fear-of-ghosts-1933.jpg
Surrealism,The Strange Case of Monsieur K,Victor Brauner,1933,https://uploads2.wikiart.org/images/victor-brauner/the-strange-case-of-monsieur-k-1933.jpg
Surrealism,Au clair de lune,Georges Papazoff,1933,https://uploads8.wikiart.org/images/georges-papazoff/au-clair-de-lune-1933.jpg
Surrealism,Portrét Zuzky Zgurišky,Josef Sima,1933,https://uploads6.wikiart.org/images/josef-ma/portr-t-zuzky-zguri-ky-1933.jpg
Surrealism,Retrato de Roma,Oscar Dominguez,1933,https://uploads6.wikiart.org/images/oscar-dominguez/retrato-de-roma-1933.jpg
Surrealism,Kô & Kô,Maria Helena Vieira da Silva,1933,https://uploads7.wikiart.org/images/maria-helena-vieira-da-silva/k-k-1933.jpg
Surrealism,Tiger and Lillies,Vajda Lajos,1933,https://uploads4.wikiart.org/images/vajda-lajos/tiger-and-lillies-1933.jpg
Surrealism,Nicole Boubant,Wols,1933,https://uploads3.wikiart.org/images/wols/nicole-boubant-1933.jpg
Surrealism,Chinese Execution,Vajda Lajos,1933,https://uploads4.wikiart.org/images/vajda-lajos/chinese-execution-1933.jpg
Surrealism,Gustave Fleury,Vajda Lajos,1933,https://uploads1.wikiart.org/images/vajda-lajos/gustave-fleury-1933.jpg
Surrealism,Tolstoj and Gandhi,Vajda Lajos,1933,https://uploads5.wikiart.org/images/vajda-lajos/tolstoj-and-gandhi-1933.jpg
Surrealism,"Allumeur de réverbères, place de la Concorde",Brassai,1933,https://uploads8.wikiart.org/images/brassai/allumeur-de-r-verb-res-place-de-la-concorde-1933.jpg
Surrealism,The Fortune Teller,Brassai,1933,https://uploads1.wikiart.org/images/brassai/the-fortune-teller-1933.jpg
Surrealism,Notre Dame De Paris,Brassai,1933,https://uploads2.wikiart.org/images/brassai/notre-dame-de-paris-1933.jpg
Surrealism,Procession en Flandres II,Felix Labisse,1933,https://uploads5.wikiart.org/images/felix-labisse/procession-en-flandres-ii-1933.jpg
Surrealism,Trois Masques,Felix Labisse,1933,https://uploads2.wikiart.org/images/felix-labisse/trois-masques-1933.jpg
Surrealism,La señora impúdica,Angel Planells,1933,https://uploads2.wikiart.org/images/angel-planells/la-se-ora-imp-dica-1933(1).jpg
Surrealism,Herald of New Day,Leon Underwood,1933,https://uploads7.wikiart.org/images/leon-underwood/herald-of-new-day-1933.jpg
Surrealism,Giacometti's Ear,Meret Oppenheim,1933,https://uploads7.wikiart.org/images/meret-oppenheim/giacometti-s-ear-1933.jpg
Surrealism,Sitting Figure with Folded Hands,Meret Oppenheim,1933,https://uploads5.wikiart.org/images/meret-oppenheim/sitting-figure-with-folded-hands-1933.jpg
Surrealism,Holz,Serge Brignoni,1933,https://uploads3.wikiart.org/images/serge-brignoni/holz-1933.jpg
Surrealism,After the Rain,Dora Maar,1933,https://uploads8.wikiart.org/images/dora-maar/after-the-rain-1933.jpg
Surrealism,Surrealist Table,Alberto Giacometti,1933,https://uploads5.wikiart.org/images/alberto-giacometti/surrealist-table.jpg
Surrealism,Ghosts on a Tree,Franz Sedlacek,1933,https://uploads8.wikiart.org/00167/images/franz-sedlacek/ghosts-on-a-tree-1933.jpg
Surrealism,Ghosts on a Tree,Franz Sedlacek,1933,https://uploads1.wikiart.org/00167/images/franz-sedlacek/ghosts-on-a-tree-1933-1.jpg
Surrealism,Double Heads,Franz Sedlacek,1933,https://uploads4.wikiart.org/00167/images/franz-sedlacek/double-heads-1933.jpg
Surrealism,Portrait of Edward Wassermann,Salvador Dali,1933,https://uploads7.wikiart.org/00175/images/salvador-dali/portrait-of-edward-wassermann.jpg
Surrealism,THE PLANET,Alexander Calder,1933,https://uploads7.wikiart.org/00209/images/alexander-calder/the-planet-1933.png!PinterestSmall.png
Surrealism,Composicion,Maruja Mallo,1933,https://uploads5.wikiart.org/00219/images/maruja-mallo/composicion-1933.jpg
Surrealism,From My Diary,Jindrich Styrsky,1933,https://uploads1.wikiart.org/00280/images/jindrich-styrsky/jind-ich-tyrsk-from-my-diary.jpg
Surrealism,Cadavre Exquis,Valentine Hugo,1933,https://uploads8.wikiart.org/00281/images/valentine-hugo/cadavre-exquis-1933.png!PinterestSmall.png
Surrealism,Glória Do Artista,Alberto da Veiga Guignard,1933,https://uploads0.wikiart.org/00312/images/guignard/gl-ria-do-artista-1933-cole-o-s-rgio-fadel.jpg
Surrealism,Eternal Return,Samuel Bak,XX cent.,https://uploads4.wikiart.org/images/samuel-bak/eternal-return.jpg
Surrealism,King,Samuel Bak,XX cent.,https://uploads3.wikiart.org/images/samuel-bak/king.jpg
Surrealism,Surrealist Landscape,Samuel Bak,XX cent.,https://uploads1.wikiart.org/images/samuel-bak/surrealist-landscape.jpg
Surrealism,Transcribed,Samuel Bak,XX cent.,https://uploads1.wikiart.org/images/samuel-bak/transcribed.jpg
Surrealism,"Night-time, Enigma, and Nostalgia",Arshile Gorky,1932-1934,https://uploads2.wikiart.org/images/arshile-gorky/night-time-enigma-and-nostalgia-1934.jpg
Surrealism,Leaf as a protection,David Burliuk,1934,https://uploads3.wikiart.org/images/david-burliuk/leaf-as-a-protection-1934(1).jpg
Surrealism,Candle Mirror,M.C. Escher,1934,https://uploads3.wikiart.org/images/m-c-escher/candle-mirror.jpg
Surrealism,Nocturnal Rome,M.C. Escher,1934,https://uploads4.wikiart.org/images/m-c-escher/nocturnal-rome.jpg
Surrealism,Nocturnal Rome,M.C. Escher,1934,https://uploads6.wikiart.org/images/m-c-escher/nocturnal-rome-1.jpg
Surrealism,Nocturnal Rome,M.C. Escher,1934,https://uploads6.wikiart.org/images/m-c-escher/nocturnal-rome-3.jpg
Surrealism,Nocturnal Rome,M.C. Escher,1934,https://uploads6.wikiart.org/images/m-c-escher/nocturnal-rome-4.jpg
Surrealism,"Nocturnal Rome, Basilica of Constantine",M.C. Escher,1934,https://uploads1.wikiart.org/images/m-c-escher/nocturnal-rome-basilica-of-constantine.jpg
Surrealism,"Nocturnal Rome, Castel Sant' Angelo",M.C. Escher,1934,https://uploads5.wikiart.org/images/m-c-escher/nocturnal-rome-castel-sant-angelo.jpg
Surrealism,"Nocturnal Rome, Colonade of St. Peter's",M.C. Escher,1934,https://uploads0.wikiart.org/images/m-c-escher/nocturnal-rome-colonade-of-st-peter-s.jpg
Surrealism,"Nocturnal Rome, Colosseum",M.C. Escher,1934,https://uploads5.wikiart.org/images/m-c-escher/nocturnal-rome-colosseum.jpg
Surrealism,"Nonza, Corsica",M.C. Escher,1934,https://uploads3.wikiart.org/images/m-c-escher/nonza-corsica.jpg
Surrealism,"Tugboat, Old Harbor of Bastia (January 1934)",M.C. Escher,1934,https://uploads0.wikiart.org/images/m-c-escher/not_detected_204698.jpg
Surrealism,"Calanche of Piana, Corsica (February 1934)",M.C. Escher,1934,https://uploads0.wikiart.org/images/m-c-escher/not_detected_204699.jpg
Surrealism,Old Houses in Positano (August 1934),M.C. Escher,1934,https://uploads0.wikiart.org/images/m-c-escher/not_detected_204702.jpg
Surrealism,Still Life with Spherical Mirror,M.C. Escher,1934,https://uploads4.wikiart.org/images/m-c-escher/still-life-with-spherical-mirror.jpg
Surrealism,Black Magic,Rene Magritte,1934,https://uploads3.wikiart.org/images/rene-magritte/black-magic-1934(1).jpg
Surrealism,Collective Invention,Rene Magritte,1934,https://uploads3.wikiart.org/images/rene-magritte/collective-invention-1934(1).jpg
Surrealism,Georgette Magritte,Rene Magritte,1934,https://uploads1.wikiart.org/images/rene-magritte/georgette-magritte-1934(1).jpg
Surrealism,Homage to Mack Sennett,Rene Magritte,1934,https://uploads5.wikiart.org/images/rene-magritte/homage-to-mack-sennett-1934(1).jpg
Surrealism,Rape,Rene Magritte,1934,https://uploads5.wikiart.org/images/rene-magritte/rape-1934(1).jpg
Surrealism,The red model,Rene Magritte,1934,https://uploads5.wikiart.org/images/rene-magritte/the-red-model-1934(1).jpg
Surrealism,Aerodynamic Chair,Salvador Dali,1934,https://uploads1.wikiart.org/images/salvador-dali/aerodynamic-chair.jpg
Surrealism,Allegory of an American Christmas,Salvador Dali,1934,https://uploads4.wikiart.org/images/salvador-dali/allegory-of-an-american-christmas-1934.jpg
Surrealism,Apparition of My Cousin Carolinetta on the Beach at Rosas,Salvador Dali,1934,https://uploads5.wikiart.org/images/salvador-dali/apparition-of-my-cousin-carolinetta-on-the-beach-at-rosas.jpg
Surrealism,Atavism at Twilight,Salvador Dali,1934,https://uploads3.wikiart.org/images/salvador-dali/atavism-at-twilight.jpg
Surrealism,Atavistic Vestiges After the Rain,Salvador Dali,1934,https://uploads4.wikiart.org/images/salvador-dali/atavistic-vestiges-after-the-rain-1934.jpg
Surrealism,Atmospheric Skull Sodomizing a Grand Piano,Salvador Dali,1934,https://uploads8.wikiart.org/images/salvador-dali/atmospheric-skull-sodomizing-a-grand-piano.jpg
Surrealism,Barber Saddened by the Persistence of Good Weather (The Anguished Barber),Salvador Dali,1934,https://uploads6.wikiart.org/images/salvador-dali/barber-saddened-by-the-persistence-of-good-weather-the-anguished-barber-1934.jpg
Surrealism,Cannibalism of the Praying Mantis of Lautreamont,Salvador Dali,1934,https://uploads5.wikiart.org/images/salvador-dali/cannibalism-of-the-praying-mantis-of-lautreamont.jpg
Surrealism,"Cardinal, Cardinal",Salvador Dali,1934,https://uploads1.wikiart.org/images/salvador-dali/cardinal-cardinal.jpg
Surrealism,Dreams on a Beach,Salvador Dali,1934,https://uploads1.wikiart.org/images/salvador-dali/dreams-on-a-beach.jpg
Surrealism,Eclipse and Vegetable Osmosis,Salvador Dali,1934,https://uploads4.wikiart.org/images/salvador-dali/eclipse-and-vegetable-osmosis.jpg
Surrealism,Enigmatic Elements in the Landscape,Salvador Dali,1934,https://uploads1.wikiart.org/images/salvador-dali/enigmatic-elements-in-the-landscape.jpg
Surrealism,Figure and Drapery in a Landscape,Salvador Dali,1934,https://uploads8.wikiart.org/images/salvador-dali/figure-and-drapery-in-a-landscape.jpg
Surrealism,Figure with Drawers for a Four-part Screen,Salvador Dali,1934,https://uploads8.wikiart.org/images/salvador-dali/figure-with-drawers-for-a-four-part-screen.jpg
Surrealism,Ghost of Vermeer Van Delft,Salvador Dali,1934,https://uploads1.wikiart.org/images/salvador-dali/ghost-of-vermeer-van-delft.jpg
Surrealism,"Illustration to the 'Songs of Maldoror' Isidore Ducasse, Count Lautréamont",Salvador Dali,1933-1934,https://uploads6.wikiart.org/images/salvador-dali/illustration-to-the-songs-of-maldoror-isidore-ducasse-count-lautréamont-1934.jpg
Surrealism,Javanese Mannequin,Salvador Dali,1934,https://uploads2.wikiart.org/images/salvador-dali/javanese-mannequin.jpg
Surrealism,Landscape with Mysterious Details,Salvador Dali,1934,https://uploads8.wikiart.org/images/salvador-dali/landscape-with-mysterious-details.jpg
Surrealism,La Tour,Salvador Dali,1934,https://uploads8.wikiart.org/images/salvador-dali/latour.jpg
Surrealism,Masochistic Instrument,Salvador Dali,1934,https://uploads6.wikiart.org/images/salvador-dali/masochistic-instrument.jpg
Surrealism,Meditation on the Harp,Salvador Dali,1932-1934,https://uploads2.wikiart.org/images/salvador-dali/meditation-on-the-harp-1934.jpg
Surrealism,Melancholy - to Marcel Remy in Friendship,Salvador Dali,1934,https://uploads5.wikiart.org/images/salvador-dali/melancholy-to-marcel-remy-in-friendship.jpg
Surrealism,Moment de Transition,Salvador Dali,1934,https://uploads0.wikiart.org/images/salvador-dali/moment-de-transition-1934.jpg
Surrealism,Morning Ossification of the Cypress,Salvador Dali,1934,https://uploads6.wikiart.org/images/salvador-dali/morning-ossification-of-the-cypress-1934.jpg
Surrealism,Night Spectre on the Beach,Salvador Dali,1934,https://uploads1.wikiart.org/images/salvador-dali/night-spectre-on-the-beach.jpg
Surrealism,Paranoiac-Astral Image,Salvador Dali,1934,https://uploads8.wikiart.org/images/salvador-dali/paranoiac-astral-image-1.jpg
Surrealism,Persistence of Fair Weather,Salvador Dali,1934,https://uploads2.wikiart.org/images/salvador-dali/persistence-of-fair-weather.jpg
Surrealism,Portrait of Gala with a Lobster (Portrait of Gala with Aeroplane Nose),Salvador Dali,1934,https://uploads7.wikiart.org/images/salvador-dali/portrait-of-gala-with-a-lobster-portrait-of-gala-with-aeroplane-nose.jpg
Surrealism,Sad Barber of Good Times Cruelty,Salvador Dali,1934,https://uploads7.wikiart.org/images/salvador-dali/sad-barber-of-good-times-cruelty.jpg
Surrealism,Skull with its Lyric Appendage Leaning on a Bedside Table which should have the Exact Temperature of a Cardinal's Nest,Salvador Dali,1934,https://uploads2.wikiart.org/images/salvador-dali/skull-with-its-lyric-appendage-leaning-on-a-bedside-table-which-should-have-the-exact-1934.jpg
Surrealism,Surrealist Knight for a Four-part Screen,Salvador Dali,1934,https://uploads6.wikiart.org/images/salvador-dali/surrealist-knight-for-a-four-part-screen.jpg
Surrealism,"Surrealist Knights for a Four-part Screen, Centre Right,",Salvador Dali,1934,https://uploads2.wikiart.org/images/salvador-dali/surrealist-knights-for-a-four-part-screen-centre-right.jpg
Surrealism,Surrealist Poster,Salvador Dali,1934,https://uploads1.wikiart.org/images/salvador-dali/surrealist-poster.jpg
Surrealism,"Surrealist Warriors for a Four-part Screen, Centre Left",Salvador Dali,1934,https://uploads2.wikiart.org/images/salvador-dali/surrealist-warriors-for-a-four-part-screen-centre-left.jpg
Surrealism,The Ghost of Vermeer Van Delft,Salvador Dali,1934,https://uploads5.wikiart.org/images/salvador-dali/the-ghost-of-vermeer-van-delft.jpg
Surrealism,The Ghost of Vermeer van Delft which Can Be Used as a Table,Salvador Dali,1934,https://uploads7.wikiart.org/images/salvador-dali/the-ghost-of-vermeer-van-delft-which-can-be-used-as-a-table.jpg
Surrealism,The Hour of the Crackled Visage,Salvador Dali,1934,https://uploads6.wikiart.org/images/salvador-dali/the-hour-of-the-crackled-visage.jpg
Surrealism,The Invisible Harp,Salvador Dali,1934,https://uploads2.wikiart.org/images/salvador-dali/the-invisible-harp.jpg
Surrealism,"The Isle of the Dead - Centre, Section",Salvador Dali,1934,https://uploads1.wikiart.org/images/salvador-dali/the-isle-of-the-dead-centre-section.jpg
Surrealism,The Knight of Death,Salvador Dali,1934,https://uploads3.wikiart.org/images/salvador-dali/the-knight-of-death.jpg
Surrealism,The Mysterious Source of Harmony,Salvador Dali,1934,https://uploads7.wikiart.org/images/salvador-dali/the-mysterious-source-of-harmony.jpg
Surrealism,The Spectre of the Angelus,Salvador Dali,1934,https://uploads1.wikiart.org/images/salvador-dali/the-spectre-of-the-angelus.jpg
Surrealism,The Tower,Salvador Dali,1934,https://uploads2.wikiart.org/images/salvador-dali/the-tower.jpg
Surrealism,Untitled (Desert Landscape),Salvador Dali,1934,https://uploads0.wikiart.org/images/salvador-dali/untitled-desert-landscape.jpg
Surrealism,Untitled (Dreams on the Beach),Salvador Dali,1934,https://uploads3.wikiart.org/images/salvador-dali/untitled-dreams-on-the-beach.jpg
Surrealism,West Side of the Isle of the Dead,Salvador Dali,1934,https://uploads8.wikiart.org/images/salvador-dali/west-side-of-the-isle-of-the-dead.jpg
Surrealism,A bullfight,Pablo Picasso,1934,https://uploads0.wikiart.org/images/pablo-picasso/a-bullfight-1934.jpg
Surrealism,A bullfight,Pablo Picasso,1934,https://uploads2.wikiart.org/images/pablo-picasso/a-bullfight-1934-1.jpg
Surrealism,Blind Minotaur is guided by girl,Pablo Picasso,1934,https://uploads3.wikiart.org/images/pablo-picasso/blind-minotaur-is-guided-by-girl-1934.jpg
Surrealism,Blind Minotaur is guided by girl,Pablo Picasso,1934,https://uploads5.wikiart.org/images/pablo-picasso/blind-minotaur-is-guided-by-girl-1934-1.jpg
Surrealism,Blind Minotaur is guided by girl,Pablo Picasso,1934,https://uploads5.wikiart.org/images/pablo-picasso/blind-minotaur-is-guided-by-girl-1934-2.jpg
Surrealism,Blind Minotaur is guided by girl through the night,Pablo Picasso,1934,https://uploads3.wikiart.org/images/pablo-picasso/blind-minotaur-is-guided-by-girl-through-the-night-1934.jpg
Surrealism,Bullfight,Pablo Picasso,1934,https://uploads7.wikiart.org/images/pablo-picasso/bullfight-1934.jpg
Surrealism,Bullfight,Pablo Picasso,1934,https://uploads2.wikiart.org/images/pablo-picasso/bullfight.jpg
Surrealism,Bullfight,Pablo Picasso,1934,https://uploads4.wikiart.org/images/pablo-picasso/bullfight-1.jpg
Surrealism,Dying bull,Pablo Picasso,1934,https://uploads8.wikiart.org/images/pablo-picasso/dying-bull-1934.jpg
Surrealism,Female nude in the garden,Pablo Picasso,1934,https://uploads5.wikiart.org/images/pablo-picasso/female-nude-in-the-garden-1934.jpg
Surrealism,Nudes,Pablo Picasso,1934,https://uploads3.wikiart.org/images/pablo-picasso/nudes-1934.jpg
Surrealism,Two figures,Pablo Picasso,1934,https://uploads0.wikiart.org/images/pablo-picasso/two-figures-1934.jpg
Surrealism,Woman turned right,Pablo Picasso,1934,https://uploads7.wikiart.org/images/pablo-picasso/woman-turned-right-1934.jpg
Surrealism,Woman with cap,Pablo Picasso,1934,https://uploads3.wikiart.org/images/pablo-picasso/woman-with-cap-1934.jpg
Surrealism,Woman with red hat,Pablo Picasso,1934,https://uploads7.wikiart.org/images/pablo-picasso/woman-with-red-hat-1934.jpg
Surrealism,Woman writing,Pablo Picasso,1934,https://uploads2.wikiart.org/images/pablo-picasso/woman-writing-1934.jpg
Surrealism,Character,Joan Miro,1934,https://uploads7.wikiart.org/images/joan-miro/character.jpg
Surrealism,Snail Woman Flower Star,Joan Miro,1934,https://uploads7.wikiart.org/images/joan-miro/fleur-femme-etoile-escargot.jpg
Surrealism,Rhythmic Characters,Joan Miro,1934,https://uploads8.wikiart.org/images/joan-miro/not_detected_227978.jpg
Surrealism,Woman (Opera Singer),Joan Miro,1934,https://uploads8.wikiart.org/images/joan-miro/not_detected_227987.jpg
Surrealism,"Swallow, Love",Joan Miro,1934,https://uploads1.wikiart.org/images/joan-miro/swallow-love.jpg
Surrealism,Blind swimmers (Effect of a touch),Max Ernst,1934,https://uploads8.wikiart.org/images/max-ernst/blind-swimmers-effect-of-a-touch-1934.jpg
Surrealism,"Illustration to ""A Week of Kindness""",Max Ernst,1934,https://uploads1.wikiart.org/images/max-ernst/illustration-to-a-week-of-kindness-1934.jpg
Surrealism,"Illustration to ""A Week of Kindness""",Max Ernst,1934,https://uploads3.wikiart.org/images/max-ernst/illustration-to-a-week-of-kindness-1934-1.jpg
Surrealism,"Illustration to ""A Week of Kindness""",Max Ernst,1934,https://uploads3.wikiart.org/images/max-ernst/illustration-to-a-week-of-kindness-1934-2.jpg
Surrealism,"Illustration to ""A Week of Kindness""",Max Ernst,1934,https://uploads3.wikiart.org/images/max-ernst/illustration-to-a-week-of-kindness-1934-3.jpg
Surrealism,"Illustration to ""A Week of Kindness""",Max Ernst,1934,https://uploads3.wikiart.org/images/max-ernst/illustration-to-a-week-of-kindness-1934-4.jpg
Surrealism,"Illustration to ""A Week of Kindness""",Max Ernst,1934,https://uploads3.wikiart.org/images/max-ernst/illustration-to-a-week-of-kindness-1934-5.jpg
Surrealism,"Illustration to ""A Week of Kindness""",Max Ernst,1934,https://uploads3.wikiart.org/images/max-ernst/illustration-to-a-week-of-kindness-1934-6.jpg
Surrealism,"Illustration to ""A Week of Kindness""",Max Ernst,1934,https://uploads3.wikiart.org/images/max-ernst/illustration-to-a-week-of-kindness-1934-7.jpg
Surrealism,"Illustration to ""A Week of Kindness""",Max Ernst,1934,https://uploads3.wikiart.org/images/max-ernst/illustration-to-a-week-of-kindness-1934-8.jpg
Surrealism,"Illustration to ""A Week of Kindness""",Max Ernst,1934,https://uploads3.wikiart.org/images/max-ernst/illustration-to-a-week-of-kindness-1934-9.jpg
Surrealism,"Illustration to ""A Week of Kindness""",Max Ernst,1934,https://uploads4.wikiart.org/images/max-ernst/illustration-to-a-week-of-kindness-1934-10.jpg
Surrealism,"Illustration to ""A Week of Kindness""",Max Ernst,1934,https://uploads4.wikiart.org/images/max-ernst/illustration-to-a-week-of-kindness-1934-11.jpg
Surrealism,"Illustration to ""A Week of Kindness""",Max Ernst,1934,https://uploads4.wikiart.org/images/max-ernst/illustration-to-a-week-of-kindness-1934-12.jpg
Surrealism,"Illustration to ""A Week of Kindness""",Max Ernst,1934,https://uploads4.wikiart.org/images/max-ernst/illustration-to-a-week-of-kindness-1934-13.jpg
Surrealism,"Illustration to ""A Week of Kindness""",Max Ernst,1934,https://uploads4.wikiart.org/images/max-ernst/illustration-to-a-week-of-kindness-1934-14.jpg
Surrealism,"Illustration to ""A Week of Kindness""",Max Ernst,1934,https://uploads4.wikiart.org/images/max-ernst/illustration-to-a-week-of-kindness-1934-15.jpg
Surrealism,"Illustration to ""A Week of Kindness""",Max Ernst,1934,https://uploads4.wikiart.org/images/max-ernst/illustration-to-a-week-of-kindness-1934-16.jpg
Surrealism,"Illustration to ""A Week of Kindness""",Max Ernst,1934,https://uploads4.wikiart.org/images/max-ernst/illustration-to-a-week-of-kindness-1934-17.jpg
Surrealism,"Illustration to ""A Week of Kindness""",Max Ernst,1934,https://uploads4.wikiart.org/images/max-ernst/illustration-to-a-week-of-kindness-1934-18.jpg
Surrealism,"Illustration to ""A Week of Kindness""",Max Ernst,1934,https://uploads4.wikiart.org/images/max-ernst/illustration-to-a-week-of-kindness-1934-19.jpg
Surrealism,"Illustration to ""A Week of Kindness""",Max Ernst,1934,https://uploads4.wikiart.org/images/max-ernst/illustration-to-a-week-of-kindness-1934-20.jpg
Surrealism,"Illustration to ""A Week of Kindness""",Max Ernst,1934,https://uploads4.wikiart.org/images/max-ernst/illustration-to-a-week-of-kindness-1934-21.jpg
Surrealism,"Illustration to ""A Week of Kindness""",Max Ernst,1934,https://uploads4.wikiart.org/images/max-ernst/illustration-to-a-week-of-kindness-1934-22.jpg
Surrealism,"Illustration to ""A Week of Kindness""",Max Ernst,1934,https://uploads4.wikiart.org/images/max-ernst/illustration-to-a-week-of-kindness-1934-23.jpg
Surrealism,"Illustration to ""A Week of Kindness""",Max Ernst,1934,https://uploads4.wikiart.org/images/max-ernst/illustration-to-a-week-of-kindness-1934-24.jpg
Surrealism,"Illustration to ""A Week of Kindness""",Max Ernst,1934,https://uploads4.wikiart.org/images/max-ernst/illustration-to-a-week-of-kindness-1934-25.jpg
Surrealism,"Illustration to ""A Week of Kindness""",Max Ernst,1934,https://uploads4.wikiart.org/images/max-ernst/illustration-to-a-week-of-kindness-1934-26.jpg
Surrealism,"Illustration to ""A Week of Kindness""",Max Ernst,1934,https://uploads4.wikiart.org/images/max-ernst/illustration-to-a-week-of-kindness-1934-27.jpg
Surrealism,"Illustration to ""A Week of Kindness""",Max Ernst,1934,https://uploads4.wikiart.org/images/max-ernst/illustration-to-a-week-of-kindness-1934-28.jpg
Surrealism,"Illustration to ""A Week of Kindness""",Max Ernst,1934,https://uploads4.wikiart.org/images/max-ernst/illustration-to-a-week-of-kindness-1934-29.jpg
Surrealism,"Illustration to ""A Week of Kindness""",Max Ernst,1934,https://uploads4.wikiart.org/images/max-ernst/illustration-to-a-week-of-kindness-1934-30.jpg
Surrealism,"Illustration to ""A Week of Kindness""",Max Ernst,1934,https://uploads4.wikiart.org/images/max-ernst/illustration-to-a-week-of-kindness-1934-31.jpg
Surrealism,"Illustration to ""A Week of Kindness""",Max Ernst,1934,https://uploads4.wikiart.org/images/max-ernst/illustration-to-a-week-of-kindness-1934-32.jpg
Surrealism,"Illustration to ""A Week of Kindness""",Max Ernst,1934,https://uploads4.wikiart.org/images/max-ernst/illustration-to-a-week-of-kindness-1934-33.jpg
Surrealism,"Illustration to ""A Week of Kindness""",Max Ernst,1934,https://uploads4.wikiart.org/images/max-ernst/illustration-to-a-week-of-kindness-1934-34.jpg
Surrealism,"Illustration to ""A Week of Kindness""",Max Ernst,1934,https://uploads4.wikiart.org/images/max-ernst/illustration-to-a-week-of-kindness-1934-35.jpg
Surrealism,"Illustration to ""A Week of Kindness""",Max Ernst,1934,https://uploads4.wikiart.org/images/max-ernst/illustration-to-a-week-of-kindness-1934-36.jpg
Surrealism,"Illustration to ""A Week of Kindness""",Max Ernst,1934,https://uploads4.wikiart.org/images/max-ernst/illustration-to-a-week-of-kindness-1934-37.jpg
Surrealism,"Illustration to ""A Week of Kindness""",Max Ernst,1934,https://uploads4.wikiart.org/images/max-ernst/illustration-to-a-week-of-kindness-1934-38.jpg
Surrealism,"Illustration to ""A Week of Kindness""",Max Ernst,1934,https://uploads4.wikiart.org/images/max-ernst/illustration-to-a-week-of-kindness-1934-39.jpg
Surrealism,"Illustration to ""A Week of Kindness""",Max Ernst,1934,https://uploads4.wikiart.org/images/max-ernst/illustration-to-a-week-of-kindness-1934-40.jpg
Surrealism,"Illustration to ""A Week of Kindness""",Max Ernst,1934,https://uploads4.wikiart.org/images/max-ernst/illustration-to-a-week-of-kindness-1934-41.jpg
Surrealism,"Illustration to ""A Week of Kindness""",Max Ernst,1934,https://uploads4.wikiart.org/images/max-ernst/illustration-to-a-week-of-kindness-1934-42.jpg
Surrealism,"Illustration to ""A Week of Kindness""",Max Ernst,1934,https://uploads4.wikiart.org/images/max-ernst/illustration-to-a-week-of-kindness-1934-43.jpg
Surrealism,"Illustration to ""A Week of Kindness""",Max Ernst,1934,https://uploads4.wikiart.org/images/max-ernst/illustration-to-a-week-of-kindness-1934-44.jpg
Surrealism,"Illustration to ""A Week of Kindness""",Max Ernst,1934,https://uploads4.wikiart.org/images/max-ernst/illustration-to-a-week-of-kindness-1934-45.jpg
Surrealism,"Illustration to ""A Week of Kindness""",Max Ernst,1934,https://uploads4.wikiart.org/images/max-ernst/illustration-to-a-week-of-kindness-1934-46.jpg
Surrealism,"Illustration to ""A Week of Kindness""",Max Ernst,1934,https://uploads4.wikiart.org/images/max-ernst/illustration-to-a-week-of-kindness-1934-47.jpg
Surrealism,"Illustration to ""A Week of Kindness""",Max Ernst,1934,https://uploads4.wikiart.org/images/max-ernst/illustration-to-a-week-of-kindness-1934-48.jpg
Surrealism,"Illustration to ""A Week of Kindness""",Max Ernst,1934,https://uploads4.wikiart.org/images/max-ernst/illustration-to-a-week-of-kindness-1934-49.jpg
Surrealism,"Illustration to ""A Week of Kindness""",Max Ernst,1934,https://uploads4.wikiart.org/images/max-ernst/illustration-to-a-week-of-kindness-1934-50.jpg
Surrealism,"Illustration to ""A Week of Kindness""",Max Ernst,1934,https://uploads4.wikiart.org/images/max-ernst/illustration-to-a-week-of-kindness-1934-51.jpg
Surrealism,"Illustration to ""A Week of Kindness""",Max Ernst,1934,https://uploads4.wikiart.org/images/max-ernst/illustration-to-a-week-of-kindness-1934-52.jpg
Surrealism,"Illustration to ""A Week of Kindness""",Max Ernst,1934,https://uploads4.wikiart.org/images/max-ernst/illustration-to-a-week-of-kindness-1934-53.jpg
Surrealism,"Illustration to ""A Week of Kindness""",Max Ernst,1934,https://uploads4.wikiart.org/images/max-ernst/illustration-to-a-week-of-kindness-1934-54.jpg
Surrealism,"Illustration to ""A Week of Kindness""",Max Ernst,1934,https://uploads4.wikiart.org/images/max-ernst/illustration-to-a-week-of-kindness-1934-55.jpg
Surrealism,"Illustration to ""A Week of Kindness""",Max Ernst,1934,https://uploads4.wikiart.org/images/max-ernst/illustration-to-a-week-of-kindness-1934-56.jpg
Surrealism,"Illustration to ""A Week of Kindness""",Max Ernst,1934,https://uploads4.wikiart.org/images/max-ernst/illustration-to-a-week-of-kindness-1934-57.jpg
Surrealism,"Illustration to ""A Week of Kindness""",Max Ernst,1934,https://uploads4.wikiart.org/images/max-ernst/illustration-to-a-week-of-kindness-1934-58.jpg
Surrealism,"Illustration to ""A Week of Kindness""",Max Ernst,1934,https://uploads4.wikiart.org/images/max-ernst/illustration-to-a-week-of-kindness-1934-59.jpg
Surrealism,"Illustration to ""A Week of Kindness""",Max Ernst,1934,https://uploads4.wikiart.org/images/max-ernst/illustration-to-a-week-of-kindness-1934-60.jpg
Surrealism,"Illustration to ""A Week of Kindness""",Max Ernst,1934,https://uploads4.wikiart.org/images/max-ernst/illustration-to-a-week-of-kindness-1934-61.jpg
Surrealism,"Illustration to ""A Week of Kindness""",Max Ernst,1934,https://uploads4.wikiart.org/images/max-ernst/illustration-to-a-week-of-kindness-1934-62.jpg
Surrealism,"Illustration to ""A Week of Kindness""",Max Ernst,1934,https://uploads4.wikiart.org/images/max-ernst/illustration-to-a-week-of-kindness-1934-63.jpg
Surrealism,"Illustration to ""A Week of Kindness""",Max Ernst,1934,https://uploads4.wikiart.org/images/max-ernst/illustration-to-a-week-of-kindness-1934-64.jpg
Surrealism,"Illustration to ""A Week of Kindness""",Max Ernst,1934,https://uploads4.wikiart.org/images/max-ernst/illustration-to-a-week-of-kindness-1934-65.jpg
Surrealism,"Illustration to ""A Week of Kindness""",Max Ernst,1934,https://uploads4.wikiart.org/images/max-ernst/illustration-to-a-week-of-kindness-1934-66.jpg
Surrealism,"Illustration to ""A Week of Kindness""",Max Ernst,1934,https://uploads4.wikiart.org/images/max-ernst/illustration-to-a-week-of-kindness-1934-67.jpg
Surrealism,"Illustration to ""A Week of Kindness""",Max Ernst,1934,https://uploads4.wikiart.org/images/max-ernst/illustration-to-a-week-of-kindness-1934-68.jpg
Surrealism,"Illustration to ""A Week of Kindness""",Max Ernst,1934,https://uploads4.wikiart.org/images/max-ernst/illustration-to-a-week-of-kindness-1934-69.jpg
Surrealism,"Illustration to ""A Week of Kindness""",Max Ernst,1934,https://uploads4.wikiart.org/images/max-ernst/illustration-to-a-week-of-kindness-1934-70.jpg
Surrealism,"Illustration to ""A Week of Kindness""",Max Ernst,1934,https://uploads4.wikiart.org/images/max-ernst/illustration-to-a-week-of-kindness-1934-71.jpg
Surrealism,"Illustration to ""A Week of Kindness""",Max Ernst,1934,https://uploads4.wikiart.org/images/max-ernst/illustration-to-a-week-of-kindness-1934-72.jpg
Surrealism,"Illustration to ""A Week of Kindness""",Max Ernst,1934,https://uploads4.wikiart.org/images/max-ernst/illustration-to-a-week-of-kindness-1934-73.jpg
Surrealism,"Illustration to ""A Week of Kindness""",Max Ernst,1934,https://uploads4.wikiart.org/images/max-ernst/illustration-to-a-week-of-kindness-1934-74.jpg
Surrealism,"Illustration to ""A Week of Kindness""",Max Ernst,1934,https://uploads4.wikiart.org/images/max-ernst/illustration-to-a-week-of-kindness-1934-75.jpg
Surrealism,"Illustration to ""A Week of Kindness""",Max Ernst,1934,https://uploads4.wikiart.org/images/max-ernst/illustration-to-a-week-of-kindness-1934-76.jpg
Surrealism,"Illustration to ""A Week of Kindness""",Max Ernst,1934,https://uploads4.wikiart.org/images/max-ernst/illustration-to-a-week-of-kindness-1934-77.jpg
Surrealism,"Illustration to ""A Week of Kindness""",Max Ernst,1934,https://uploads4.wikiart.org/images/max-ernst/illustration-to-a-week-of-kindness-1934-78.jpg
Surrealism,"Illustration to ""A Week of Kindness""",Max Ernst,1934,https://uploads4.wikiart.org/images/max-ernst/illustration-to-a-week-of-kindness-1934-79.jpg
Surrealism,"Illustration to ""A Week of Kindness""",Max Ernst,1934,https://uploads4.wikiart.org/images/max-ernst/illustration-to-a-week-of-kindness-1934-80.jpg
Surrealism,"Illustration to ""A Week of Kindness""",Max Ernst,1934,https://uploads4.wikiart.org/images/max-ernst/illustration-to-a-week-of-kindness-1934-81.jpg
Surrealism,"Illustration to ""A Week of Kindness""",Max Ernst,1934,https://uploads4.wikiart.org/images/max-ernst/illustration-to-a-week-of-kindness-1934-82.jpg
Surrealism,"Illustration to ""A Week of Kindness""",Max Ernst,1934,https://uploads4.wikiart.org/images/max-ernst/illustration-to-a-week-of-kindness-1934-83.jpg
Surrealism,"Illustration to ""A Week of Kindness""",Max Ernst,1934,https://uploads4.wikiart.org/images/max-ernst/illustration-to-a-week-of-kindness-1934-84.jpg
Surrealism,"Illustration to ""A Week of Kindness""",Max Ernst,1934,https://uploads4.wikiart.org/images/max-ernst/illustration-to-a-week-of-kindness-1934-85.jpg
Surrealism,"Illustration to ""A Week of Kindness""",Max Ernst,1934,https://uploads4.wikiart.org/images/max-ernst/illustration-to-a-week-of-kindness-1934-86.jpg
Surrealism,"Illustration to ""A Week of Kindness""",Max Ernst,1934,https://uploads4.wikiart.org/images/max-ernst/illustration-to-a-week-of-kindness-1934-87.jpg
Surrealism,"Illustration to ""A Week of Kindness""",Max Ernst,1934,https://uploads4.wikiart.org/images/max-ernst/illustration-to-a-week-of-kindness-1934-88.jpg
Surrealism,"Illustration to ""A Week of Kindness""",Max Ernst,1934,https://uploads4.wikiart.org/images/max-ernst/illustration-to-a-week-of-kindness-1934-89.jpg
Surrealism,"Illustration to ""A Week of Kindness""",Max Ernst,1934,https://uploads4.wikiart.org/images/max-ernst/illustration-to-a-week-of-kindness-1934-90.jpg
Surrealism,"Illustration to ""A Week of Kindness""",Max Ernst,1934,https://uploads4.wikiart.org/images/max-ernst/illustration-to-a-week-of-kindness-1934-91.jpg
Surrealism,"Illustration to ""A Week of Kindness""",Max Ernst,1934,https://uploads4.wikiart.org/images/max-ernst/illustration-to-a-week-of-kindness-1934-92.jpg
Surrealism,"Illustration to ""A Week of Kindness""",Max Ernst,1934,https://uploads4.wikiart.org/images/max-ernst/illustration-to-a-week-of-kindness-1934-93.jpg
Surrealism,"Illustration to ""A Week of Kindness""",Max Ernst,1934,https://uploads4.wikiart.org/images/max-ernst/illustration-to-a-week-of-kindness-1934-94.jpg
Surrealism,"Illustration to ""A Week of Kindness""",Max Ernst,1934,https://uploads4.wikiart.org/images/max-ernst/illustration-to-a-week-of-kindness-1934-95.jpg
Surrealism,"Illustration to ""A Week of Kindness""",Max Ernst,1934,https://uploads4.wikiart.org/images/max-ernst/illustration-to-a-week-of-kindness-1934-96.jpg
Surrealism,"Illustration to ""A Week of Kindness""",Max Ernst,1934,https://uploads4.wikiart.org/images/max-ernst/illustration-to-a-week-of-kindness-1934-97.jpg
Surrealism,"Illustration to ""A Week of Kindness""",Max Ernst,1934,https://uploads4.wikiart.org/images/max-ernst/illustration-to-a-week-of-kindness-1934-98.jpg
Surrealism,"Illustration to ""A Week of Kindness""",Max Ernst,1934,https://uploads4.wikiart.org/images/max-ernst/illustration-to-a-week-of-kindness-1934-99.jpg
Surrealism,"Illustration to ""A Week of Kindness""",Max Ernst,1934,https://uploads5.wikiart.org/images/max-ernst/illustration-to-a-week-of-kindness-1934-100.jpg
Surrealism,"Illustration to ""A Week of Kindness""",Max Ernst,1934,https://uploads5.wikiart.org/images/max-ernst/illustration-to-a-week-of-kindness-1934-101.jpg
Surrealism,"Illustration to ""A Week of Kindness""",Max Ernst,1934,https://uploads5.wikiart.org/images/max-ernst/illustration-to-a-week-of-kindness-1934-102.jpg
Surrealism,"Illustration to ""A Week of Kindness""",Max Ernst,1934,https://uploads5.wikiart.org/images/max-ernst/illustration-to-a-week-of-kindness-1934-103.jpg
Surrealism,"Illustration to ""A Week of Kindness""",Max Ernst,1934,https://uploads5.wikiart.org/images/max-ernst/illustration-to-a-week-of-kindness-1934-104.jpg
Surrealism,"Illustration to ""A Week of Kindness""",Max Ernst,1934,https://uploads5.wikiart.org/images/max-ernst/illustration-to-a-week-of-kindness-1934-105.jpg
Surrealism,"Illustration to ""A Week of Kindness""",Max Ernst,1934,https://uploads5.wikiart.org/images/max-ernst/illustration-to-a-week-of-kindness-1934-106.jpg
Surrealism,"Illustration to ""A Week of Kindness""",Max Ernst,1934,https://uploads5.wikiart.org/images/max-ernst/illustration-to-a-week-of-kindness-1934-107.jpg
Surrealism,"Illustration to ""A Week of Kindness""",Max Ernst,1934,https://uploads5.wikiart.org/images/max-ernst/illustration-to-a-week-of-kindness-1934-108.jpg
Surrealism,"Illustration to ""A Week of Kindness""",Max Ernst,1934,https://uploads5.wikiart.org/images/max-ernst/illustration-to-a-week-of-kindness-1934-109.jpg
Surrealism,"Illustration to ""A Week of Kindness""",Max Ernst,1934,https://uploads5.wikiart.org/images/max-ernst/illustration-to-a-week-of-kindness-1934-110.jpg
Surrealism,"Illustration to ""A Week of Kindness""",Max Ernst,1934,https://uploads5.wikiart.org/images/max-ernst/illustration-to-a-week-of-kindness-1934-111.jpg
Surrealism,"Illustration to ""A Week of Kindness""",Max Ernst,1934,https://uploads5.wikiart.org/images/max-ernst/illustration-to-a-week-of-kindness-1934-112.jpg
Surrealism,"Illustration to ""A Week of Kindness""",Max Ernst,1934,https://uploads5.wikiart.org/images/max-ernst/illustration-to-a-week-of-kindness-1934-113.jpg
Surrealism,"Illustration to ""A Week of Kindness""",Max Ernst,1934,https://uploads5.wikiart.org/images/max-ernst/illustration-to-a-week-of-kindness-1934-114.jpg
Surrealism,"Illustration to ""A Week of Kindness""",Max Ernst,1934,https://uploads5.wikiart.org/images/max-ernst/illustration-to-a-week-of-kindness-1934-115.jpg
Surrealism,"Illustration to ""A Week of Kindness""",Max Ernst,1934,https://uploads5.wikiart.org/images/max-ernst/illustration-to-a-week-of-kindness-1934-116.jpg
Surrealism,"Illustration to ""A Week of Kindness""",Max Ernst,1934,https://uploads5.wikiart.org/images/max-ernst/illustration-to-a-week-of-kindness-1934-117.jpg
Surrealism,"Illustration to ""A Week of Kindness""",Max Ernst,1934,https://uploads5.wikiart.org/images/max-ernst/illustration-to-a-week-of-kindness-1934-118.jpg
Surrealism,"Illustration to ""A Week of Kindness""",Max Ernst,1934,https://uploads5.wikiart.org/images/max-ernst/illustration-to-a-week-of-kindness-1934-119.jpg
Surrealism,"Illustration to ""A Week of Kindness""",Max Ernst,1934,https://uploads5.wikiart.org/images/max-ernst/illustration-to-a-week-of-kindness-1934-120.jpg
Surrealism,"Illustration to ""A Week of Kindness""",Max Ernst,1934,https://uploads5.wikiart.org/images/max-ernst/illustration-to-a-week-of-kindness-1934-121.jpg
Surrealism,"Illustration to ""A Week of Kindness""",Max Ernst,1934,https://uploads5.wikiart.org/images/max-ernst/illustration-to-a-week-of-kindness-1934-122.jpg
Surrealism,"Illustration to ""A Week of Kindness""",Max Ernst,1934,https://uploads5.wikiart.org/images/max-ernst/illustration-to-a-week-of-kindness-1934-123.jpg
Surrealism,"Illustration to ""A Week of Kindness""",Max Ernst,1934,https://uploads5.wikiart.org/images/max-ernst/illustration-to-a-week-of-kindness-1934-124.jpg
Surrealism,"Illustration to ""A Week of Kindness""",Max Ernst,1934,https://uploads5.wikiart.org/images/max-ernst/illustration-to-a-week-of-kindness-1934-125.jpg
Surrealism,"Illustration to ""A Week of Kindness""",Max Ernst,1934,https://uploads5.wikiart.org/images/max-ernst/illustration-to-a-week-of-kindness-1934-126.jpg
Surrealism,"Illustration to ""A Week of Kindness""",Max Ernst,1934,https://uploads5.wikiart.org/images/max-ernst/illustration-to-a-week-of-kindness-1934-127.jpg
Surrealism,"Illustration to ""A Week of Kindness""",Max Ernst,1934,https://uploads5.wikiart.org/images/max-ernst/illustration-to-a-week-of-kindness-1934-128.jpg
Surrealism,"Illustration to ""A Week of Kindness""",Max Ernst,1934,https://uploads5.wikiart.org/images/max-ernst/illustration-to-a-week-of-kindness-1934-129.jpg
Surrealism,"Illustration to ""A Week of Kindness""",Max Ernst,1934,https://uploads5.wikiart.org/images/max-ernst/illustration-to-a-week-of-kindness-1934-130.jpg
Surrealism,"Illustration to ""A Week of Kindness""",Max Ernst,1934,https://uploads5.wikiart.org/images/max-ernst/illustration-to-a-week-of-kindness-1934-131.jpg
Surrealism,"Illustration to ""A Week of Kindness""",Max Ernst,1934,https://uploads5.wikiart.org/images/max-ernst/illustration-to-a-week-of-kindness-1934-132.jpg
Surrealism,"Illustration to ""A Week of Kindness""",Max Ernst,1934,https://uploads5.wikiart.org/images/max-ernst/illustration-to-a-week-of-kindness-1934-133.jpg
Surrealism,"Illustration to ""A Week of Kindness""",Max Ernst,1934,https://uploads5.wikiart.org/images/max-ernst/illustration-to-a-week-of-kindness-1934-134.jpg
Surrealism,"Illustration to ""A Week of Kindness""",Max Ernst,1934,https://uploads5.wikiart.org/images/max-ernst/illustration-to-a-week-of-kindness-1934-135.jpg
Surrealism,"Illustration to ""A Week of Kindness""",Max Ernst,1934,https://uploads5.wikiart.org/images/max-ernst/illustration-to-a-week-of-kindness-1934-136.jpg
Surrealism,"Illustration to ""A Week of Kindness""",Max Ernst,1934,https://uploads5.wikiart.org/images/max-ernst/illustration-to-a-week-of-kindness-1934-137.jpg
Surrealism,"Illustration to ""A Week of Kindness""",Max Ernst,1934,https://uploads5.wikiart.org/images/max-ernst/illustration-to-a-week-of-kindness-1934-138.jpg
Surrealism,"Illustration to ""A Week of Kindness""",Max Ernst,1934,https://uploads5.wikiart.org/images/max-ernst/illustration-to-a-week-of-kindness-1934-139.jpg
Surrealism,"Illustration to ""A Week of Kindness""",Max Ernst,1934,https://uploads5.wikiart.org/images/max-ernst/illustration-to-a-week-of-kindness-1934-140.jpg
Surrealism,"Illustration to ""A Week of Kindness""",Max Ernst,1934,https://uploads5.wikiart.org/images/max-ernst/illustration-to-a-week-of-kindness-1934-141.jpg
Surrealism,"Illustration to ""A Week of Kindness""",Max Ernst,1934,https://uploads5.wikiart.org/images/max-ernst/illustration-to-a-week-of-kindness-1934-142.jpg
Surrealism,"Illustration to ""A Week of Kindness""",Max Ernst,1934,https://uploads5.wikiart.org/images/max-ernst/illustration-to-a-week-of-kindness-1934-143.jpg
Surrealism,"Illustration to ""A Week of Kindness""",Max Ernst,1934,https://uploads5.wikiart.org/images/max-ernst/illustration-to-a-week-of-kindness-1934-144.jpg
Surrealism,"Illustration to ""A Week of Kindness""",Max Ernst,1934,https://uploads5.wikiart.org/images/max-ernst/illustration-to-a-week-of-kindness-1934-145.jpg
Surrealism,"Illustration to ""A Week of Kindness""",Max Ernst,1934,https://uploads5.wikiart.org/images/max-ernst/illustration-to-a-week-of-kindness-1934-146.jpg
Surrealism,"Illustration to ""A Week of Kindness""",Max Ernst,1934,https://uploads5.wikiart.org/images/max-ernst/illustration-to-a-week-of-kindness-1934-147.jpg
Surrealism,"Illustration to ""A Week of Kindness""",Max Ernst,1934,https://uploads5.wikiart.org/images/max-ernst/illustration-to-a-week-of-kindness-1934-148.jpg
Surrealism,"Illustration to ""A Week of Kindness""",Max Ernst,1934,https://uploads5.wikiart.org/images/max-ernst/illustration-to-a-week-of-kindness-1934-149.jpg
Surrealism,"Illustration to ""A Week of Kindness""",Max Ernst,1934,https://uploads5.wikiart.org/images/max-ernst/illustration-to-a-week-of-kindness-1934-150.jpg
Surrealism,"Illustration to ""A Week of Kindness""",Max Ernst,1934,https://uploads5.wikiart.org/images/max-ernst/illustration-to-a-week-of-kindness-1934-151.jpg
Surrealism,"Illustration to ""A Week of Kindness""",Max Ernst,1934,https://uploads5.wikiart.org/images/max-ernst/illustration-to-a-week-of-kindness-1934-152.jpg
Surrealism,"Illustration to ""A Week of Kindness""",Max Ernst,1934,https://uploads5.wikiart.org/images/max-ernst/illustration-to-a-week-of-kindness-1934-153.jpg
Surrealism,"Illustration to ""A Week of Kindness""",Max Ernst,1934,https://uploads5.wikiart.org/images/max-ernst/illustration-to-a-week-of-kindness-1934-154.jpg
Surrealism,"Illustration to ""A Week of Kindness""",Max Ernst,1934,https://uploads5.wikiart.org/images/max-ernst/illustration-to-a-week-of-kindness-1934-155.jpg
Surrealism,"Illustration to ""A Week of Kindness""",Max Ernst,1934,https://uploads5.wikiart.org/images/max-ernst/illustration-to-a-week-of-kindness-1934-156.jpg
Surrealism,"Illustration to ""A Week of Kindness""",Max Ernst,1934,https://uploads5.wikiart.org/images/max-ernst/illustration-to-a-week-of-kindness-1934-157.jpg
Surrealism,"Illustration to ""A Week of Kindness""",Max Ernst,1934,https://uploads5.wikiart.org/images/max-ernst/illustration-to-a-week-of-kindness-1934-158.jpg
Surrealism,"Illustration to ""A Week of Kindness""",Max Ernst,1934,https://uploads5.wikiart.org/images/max-ernst/illustration-to-a-week-of-kindness-1934-159.jpg
Surrealism,"Illustration to ""A Week of Kindness""",Max Ernst,1934,https://uploads5.wikiart.org/images/max-ernst/illustration-to-a-week-of-kindness-1934-160.jpg
Surrealism,"Illustration to ""A Week of Kindness""",Max Ernst,1934,https://uploads5.wikiart.org/images/max-ernst/illustration-to-a-week-of-kindness-1934-161.jpg
Surrealism,"Illustration to ""A Week of Kindness""",Max Ernst,1934,https://uploads5.wikiart.org/images/max-ernst/illustration-to-a-week-of-kindness-1934-162.jpg
Surrealism,"Illustration to ""A Week of Kindness""",Max Ernst,1934,https://uploads5.wikiart.org/images/max-ernst/illustration-to-a-week-of-kindness-1934-163.jpg
Surrealism,"Illustration to ""A Week of Kindness""",Max Ernst,1934,https://uploads5.wikiart.org/images/max-ernst/illustration-to-a-week-of-kindness-1934-164.jpg
Surrealism,"Illustration to ""A Week of Kindness""",Max Ernst,1934,https://uploads5.wikiart.org/images/max-ernst/illustration-to-a-week-of-kindness-1934-165.jpg
Surrealism,"Illustration to ""A Week of Kindness""",Max Ernst,1934,https://uploads5.wikiart.org/images/max-ernst/illustration-to-a-week-of-kindness-1934-166.jpg
Surrealism,"Illustration to ""A Week of Kindness""",Max Ernst,1934,https://uploads5.wikiart.org/images/max-ernst/illustration-to-a-week-of-kindness-1934-167.jpg
Surrealism,"Illustration to ""A Week of Kindness""",Max Ernst,1934,https://uploads5.wikiart.org/images/max-ernst/illustration-to-a-week-of-kindness-1934-168.jpg
Surrealism,"Illustration to ""A Week of Kindness""",Max Ernst,1934,https://uploads5.wikiart.org/images/max-ernst/illustration-to-a-week-of-kindness-1934-169.jpg
Surrealism,"Illustration to ""A Week of Kindness""",Max Ernst,1934,https://uploads5.wikiart.org/images/max-ernst/illustration-to-a-week-of-kindness-1934-170.jpg
Surrealism,"Illustration to ""A Week of Kindness""",Max Ernst,1934,https://uploads5.wikiart.org/images/max-ernst/illustration-to-a-week-of-kindness-1934-171.jpg
Surrealism,"Illustration to ""A Week of Kindness""",Max Ernst,1934,https://uploads5.wikiart.org/images/max-ernst/illustration-to-a-week-of-kindness-1934-172.jpg
Surrealism,"Illustration to ""A Week of Kindness""",Max Ernst,1934,https://uploads5.wikiart.org/images/max-ernst/illustration-to-a-week-of-kindness-1934-173.jpg
Surrealism,"Illustration to ""A Week of Kindness""",Max Ernst,1934,https://uploads5.wikiart.org/images/max-ernst/illustration-to-a-week-of-kindness-1934-174.jpg
Surrealism,Eve,Francis Picabia,1934,https://uploads7.wikiart.org/images/francis-picabia/eve.jpg
Surrealism,Guitar lesson,Balthus,1934,https://uploads5.wikiart.org/images/balthus/guitar-lesson-1934.jpg
Surrealism,Woman’s Head,Pablo Picasso,1934,https://uploads1.wikiart.org/images/pablo-picasso/woman-s-head-1934.jpg
Surrealism,Mementos of the Dead Fiancee,Yiannis Tsaroychis,1934,https://uploads4.wikiart.org/images/yiannis-tsaroychis/mementos-of-the-dead-fiancee-1934.jpg
Surrealism,Abstract,Dimitris Mytaras,XX cent.,https://uploads4.wikiart.org/images/dimitris-mytaras/abstract.jpg
Surrealism,Greek landscape,Dimitris Mytaras,XX cent.,https://uploads2.wikiart.org/images/dimitris-mytaras/greek-landscape.jpg
Surrealism,Sleeping Woman under the Moonlight,Dimitris Mytaras,XX cent.,https://uploads3.wikiart.org/images/dimitris-mytaras/sleeping-woman-under-the-moonlight.jpg
Surrealism,Composition,Henry Moore,1934,https://uploads7.wikiart.org/images/henry-moore/composition-1934.jpg
Surrealism,The Turning Point of Thirst,Victor Brauner,1934,https://uploads8.wikiart.org/images/victor-brauner/the-turning-point-of-thirst-1934.jpg
Surrealism,Conspiration,Victor Brauner,1934,https://uploads2.wikiart.org/images/victor-brauner/conspiration-1934.jpg
Surrealism,L'abreuvoir,Jacques Hérold,1934,https://uploads1.wikiart.org/images/jacques-h-rold/l-abreuvoir-1934.jpg
Surrealism,Surrealist Personages by the Sea,Jacques Hérold,1934,https://uploads4.wikiart.org/images/jacques-h-rold/surrealist-personages-by-the-sea-1934.jpg
Surrealism,Composition,Georges Papazoff,1934,https://uploads3.wikiart.org/images/georges-papazoff/composition-1934.jpg
Surrealism,Portrait astrologique,Jacques Hérold,1934,https://uploads2.wikiart.org/images/jacques-h-rold/portrait-astrologique-1934.jpg
Surrealism,Crystal amoureux,Jacques Hérold,1934,https://uploads6.wikiart.org/images/jacques-h-rold/crystal-amoureux-1934.jpg
Surrealism,Surimpression,Raoul Ubac,1934,https://uploads8.wikiart.org/images/raoul-ubac/surimpression-1934.jpg
Surrealism,"Sand Dunes, Oceano",Edward Weston,1934,https://uploads6.wikiart.org/images/edward-weston/sand-dunes-oceano-1934.jpg
Surrealism,Désir d'été,Oscar Dominguez,1934,https://uploads0.wikiart.org/images/oscar-dominguez/d-sir-d-t-1934.jpg
Surrealism,Máquina de coser electro-sexual,Oscar Dominguez,1934,https://uploads4.wikiart.org/images/oscar-dominguez/m-quina-de-coser-electro-sexual-1934.jpg
Surrealism,Observatory Time: The Lovers,Man Ray,1932-1934,https://uploads5.wikiart.org/images/man-ray/observatory-time-the-lovers.jpg
Surrealism,Diana,Alexander Calder,1934,https://uploads6.wikiart.org/images/alexander-calder/diana-1934.jpg
Surrealism,The Blue Flame,Victor Brauner,1934,https://uploads4.wikiart.org/images/victor-brauner/the-blue-flame-1934.jpg
Surrealism,The Autobiography of an Embryo,Eileen Agar,1933-1934,https://uploads8.wikiart.org/images/eileen-agar/the-autobiography-of-an-embryo-1934.jpg
Surrealism,The Sphinx of the Green Mill,Georges Hugnet,1934,https://uploads0.wikiart.org/images/georges-hugnet/the-sphinx-of-the-green-mill-1934.jpg
Surrealism,Untitled,Georges Hugnet,1934,https://uploads7.wikiart.org/images/georges-hugnet/untitled-1934.jpg
Surrealism,A Girl Head behind Spider Web,Toyen,1934,https://uploads1.wikiart.org/images/toyen/a-girl-head-behind-spider-web-1934.jpg
Surrealism,A Girl in the Scarf,Toyen,1934,https://uploads0.wikiart.org/images/toyen/a-girl-in-the-scarf-1934.jpg
Surrealism,"The Bride, After Duchamp",Jacques Villon,1934,https://uploads4.wikiart.org/images/jacques-villon/the-bride-after-duchamp-1934.jpg
Surrealism,Still-life on a Table of Horseshoe Form,Vajda Lajos,1934,https://uploads8.wikiart.org/images/vajda-lajos/still-life-on-a-table-of-horseshoe-form-1934.jpg
Surrealism,The Man With White Umbrella,Brassai,1934,https://uploads1.wikiart.org/images/brassai/the-man-with-white-umbrella-1934.jpg
Surrealism,Staircase in the rue Rollin,Brassai,1934,https://uploads1.wikiart.org/images/brassai/staircase-in-the-rue-rollin-1934.jpg
Surrealism,TJURFÄKTNINGSSCEN,Gosta Adrian-Nilsson,1934,https://uploads4.wikiart.org/images/gosta-adrian-nilsson/tjurf-ktningsscen-1934.jpg
Surrealism,Genesis #2,Lorser Feitelson,1934,https://uploads1.wikiart.org/images/lorser-feitelson/genesis-2-1934.jpg
Surrealism,Grand carnival Ostendais,Felix Labisse,1934,https://uploads4.wikiart.org/images/felix-labisse/grand-carnival-ostendais-1934.jpg
Surrealism,Untitled,Victor Brauner,1934,https://uploads7.wikiart.org/images/victor-brauner/untitled-1934.jpg
Surrealism,Dancing Girl,Victor Brauner,1934,https://uploads2.wikiart.org/images/victor-brauner/dancing-girl-1934.jpg
Surrealism,The Funeral of Romanticism: Aesthetic Transfiguration,Enrico Prampolini,1934,https://uploads0.wikiart.org/images/enrico-prampolini/the-funeral-of-romanticism-aesthetic-transfiguration-1934.jpg
Surrealism,Ritratto di Marinetti poeta del Golfo della Spezia,Enrico Prampolini,1934,https://uploads7.wikiart.org/images/enrico-prampolini/ritratto-di-marinetti-poeta-del-golfo-della-spezia-1934.jpg
Surrealism,Composition on a Pink Background,Edward Wadsworth,1934,https://uploads0.wikiart.org/images/edward-wadsworth/composition-on-a-pink-background-1934(1).jpg
Surrealism,Conversation,Edward Wadsworth,1934,https://uploads7.wikiart.org/images/edward-wadsworth/conversation-1934(1).jpg
Surrealism,Imaginary Harbour II,Edward Wadsworth,1934,https://uploads6.wikiart.org/images/edward-wadsworth/imaginary-harbour-ii-1934(1).jpg
Surrealism,Visibility Moderate,Edward Wadsworth,1934,https://uploads2.wikiart.org/images/edward-wadsworth/visibility-moderate-1934.jpg
Surrealism,Visión en fin al Camino,Xul Solar,1934,https://uploads8.wikiart.org/images/xul-solar/visi-n-en-fin-al-camino-1934.jpg
Surrealism,Mindslave,Leon Underwood,1934,https://uploads8.wikiart.org/images/leon-underwood/mindslave-1934.jpg
Surrealism,Composición,Esteban Frances,1934,https://uploads2.wikiart.org/images/esteban-frances/composici-n-1934.jpg
Surrealism,Composición surrealista,Esteban Frances,1934,https://uploads5.wikiart.org/images/esteban-frances/composici-n-surrealista-1934.jpg
Surrealism,Arums,Dora Maar,1934,https://uploads8.wikiart.org/images/dora-maar/arums-1934.jpg
Surrealism,Sans Titre (Main-coquillage),Dora Maar,1934,https://uploads2.wikiart.org/images/dora-maar/sans-titre-main-coquillage-1934.jpg
Surrealism,Untitled (hand and mirror),Dora Maar,1934,https://uploads0.wikiart.org/images/dora-maar/untitled-hand-and-mirror-1934.jpg
Surrealism,Minotaur,Man Ray,1934,https://uploads0.wikiart.org/images/man-ray/minotaur-1934.jpg
Surrealism,Portrait of Dali Carisse Crosby(1934),Salvador Dali,1934,https://uploads4.wikiart.org/00152/images/salvador-dali/zzz-salvadore-dali-carisse-crosby1934.jpg
Surrealism,Ghost With Butcher Knife,Franz Sedlacek,1934,https://uploads7.wikiart.org/00167/images/franz-sedlacek/ghost-with-butcher-knife-1934.jpg
Surrealism,portrait of René Crevel The man with a cigar,Salvador Dali,1934,https://uploads6.wikiart.org/00175/images/salvador-dali/portrait-of-rene-crevel-1934.jpg
Surrealism,Event on the Downs,Paul Nash,1934,https://uploads2.wikiart.org/00269/images/paul-nash/event-on-the-downs-1.jpg
Surrealism,Landscape of the Megaliths,Paul Nash,1934,https://uploads1.wikiart.org/00269/images/paul-nash/landscape-of-the-megaliths-1.jpg
Surrealism,Landscape Composition (Objects in Relation),Paul Nash,1934,https://uploads7.wikiart.org/00269/images/paul-nash/landscape-composition-objects-in-relation-1.jpg
Surrealism,"View from a Window, Nice",Paul Nash,1934,https://uploads7.wikiart.org/00269/images/paul-nash/view-from-a-window-nice-1.jpg
Surrealism,The angel embarrasses the torso,Jindrich Styrsky,1934,https://uploads7.wikiart.org/00280/images/jindrich-styrsky/jindrich-styrsky-l-angelo-mette-in-imbarazzo-il-torso-1934-ca.jpg
Surrealism,Kořeny,Jindrich Styrsky,1934,https://uploads8.wikiart.org/00280/images/jindrich-styrsky/jind-ich-tyrsk-ko-eny-1934.jpg
Surrealism,Koreny,Jindrich Styrsky,1934,https://uploads2.wikiart.org/00280/images/jindrich-styrsky/koreny-1934.jpg
Surrealism,Statue of Liberty,Jindrich Styrsky,1934,https://uploads4.wikiart.org/00280/images/jindrich-styrsky/statue-of-liberty-1934.jpg
Surrealism,Stěhovaci Kabinet,Jindrich Styrsky,1934,https://uploads6.wikiart.org/00280/images/jindrich-styrsky/st-hovaci-kabinet-1934-1.jpg
Surrealism,Stěhovaci Kabinet,Jindrich Styrsky,1934,https://uploads4.wikiart.org/00280/images/jindrich-styrsky/st-hovaci-kabinet-1934.jpg
Surrealism,Cadavre Exquis,Valentine Hugo,1934,https://uploads8.wikiart.org/00281/images/valentine-hugo/cadavre-exquis-1934.jpg
Surrealism,Spirit of the Sunflower,Valentine Hugo,1934,https://uploads8.wikiart.org/00281/images/valentine-hugo/spirit-of-the-sunflower-1934.jpg
Surrealism,Sleeping Head,František Hudeček,1934,https://uploads2.wikiart.org/00320/images/frantisek-hudecek/hlava-sp-e-1934.jpeg!PinterestSmall.jpeg
Surrealism,Spiral,Anton Prinner,1934,https://uploads3.wikiart.org/00333/images/anton-prinner/spiral-1934.jpg
Surrealism,The Yellow Napkin,Georges Braque,1935,https://uploads7.wikiart.org/images/georges-braque/the-yellow-napkin-1935.jpg
Surrealism,Evening shows,Paul Klee,1935,https://uploads1.wikiart.org/images/paul-klee/evening-shows-1935(1).jpg
Surrealism,Dream,M.C. Escher,1935,https://uploads4.wikiart.org/images/m-c-escher/dream.jpg
Surrealism,Grasshopper,M.C. Escher,1935,https://uploads1.wikiart.org/images/m-c-escher/grasshopper.jpg
Surrealism,Hand with Reflecting Sphere,M.C. Escher,1935,https://uploads8.wikiart.org/images/m-c-escher/hand-with-reflecting-sphere.jpg
Surrealism,"Inside St. Peter's, Rome",M.C. Escher,1935,https://uploads3.wikiart.org/images/m-c-escher/inside-st-peter-s-rome.jpg
Surrealism,"Selinunte, Sicily (October 1935)",M.C. Escher,1935,https://uploads0.wikiart.org/images/m-c-escher/not_detected_204705.jpg
Surrealism,Portrait of G.A. Escher,M.C. Escher,1935,https://uploads3.wikiart.org/images/m-c-escher/portrait-of-g-a-escher.jpg
Surrealism,Scarabs,M.C. Escher,1935,https://uploads6.wikiart.org/images/m-c-escher/scarabs.jpg
Surrealism,"Sengela, Malta",M.C. Escher,1935,https://uploads3.wikiart.org/images/m-c-escher/sengela-malta.jpg
Surrealism,Bather between Light and Darkness,Rene Magritte,1935,https://uploads7.wikiart.org/images/rene-magritte/bather-between-light-and-darkness-1935(1).jpg
Surrealism,Composition on a seashore,Rene Magritte,1935,https://uploads8.wikiart.org/images/rene-magritte/composition-on-a-seashore-1935(1).jpg
Surrealism,Eternity,Rene Magritte,1935,https://uploads0.wikiart.org/images/rene-magritte/eternity-1935(1).jpg
Surrealism,Perpetual motion,Rene Magritte,1935,https://uploads8.wikiart.org/images/rene-magritte/perpetual-motion-1935(1).jpg
Surrealism,Portrait,Rene Magritte,1935,https://uploads0.wikiart.org/images/rene-magritte/portrait-1935(1).jpg
Surrealism,"Poster for cigarettes ""Belga""",Rene Magritte,1935,https://uploads1.wikiart.org/images/rene-magritte/poster-for-cigarettes-belga-1935(1).jpg
Surrealism,Rape,Rene Magritte,1935,https://uploads5.wikiart.org/images/rene-magritte/rape-1935(1).jpg
Surrealism,The amorous perpective,Rene Magritte,1935,https://uploads5.wikiart.org/images/rene-magritte/the-amorous-perpective-1935(1).jpg
Surrealism,The discovery of fire,Rene Magritte,1935,https://uploads4.wikiart.org/images/rene-magritte/the-discovery-of-fire-1935(1).jpg
Surrealism,The human condition,Rene Magritte,1935,https://uploads2.wikiart.org/images/rene-magritte/the-human-condition-1935(1).jpg
Surrealism,The red model,Rene Magritte,1935,https://uploads5.wikiart.org/images/rene-magritte/the-red-model-1935(1).jpg
Surrealism,Archeological Reminiscence Millet's Angelus,Salvador Dali,1935,https://uploads0.wikiart.org/images/salvador-dali/archeological-reminiscence-millet-s-angelus.jpg
Surrealism,Exquisite Cadaver,Salvador Dali,1935,https://uploads1.wikiart.org/images/salvador-dali/exquisite-cadaver.jpg
Surrealism,Face of Mae West Which May Be Used as a Surrealist Apartment,Salvador Dali,1935,https://uploads7.wikiart.org/images/salvador-dali/face-of-mae-west-which-may-be-used-as-an-apartment.jpg
Surrealism,Gangsterism and Goofy Vision of New York,Salvador Dali,1935,https://uploads6.wikiart.org/images/salvador-dali/gangsterism-and-goofy-vision-of-new-york.jpg
Surrealism,Mediumnistic-Paranoiac Image,Salvador Dali,1935,https://uploads3.wikiart.org/images/salvador-dali/mediumnistic-paranoiac-image.jpg
Surrealism,Nostalgic Echo,Salvador Dali,1935,https://uploads7.wikiart.org/images/salvador-dali/nostalgic-echo.jpg
Surrealism,Paranoiac Critical Solitude,Salvador Dali,1935,https://uploads7.wikiart.org/images/salvador-dali/paranoiac-critical-solitude-1935.jpg
Surrealism,Paranoiac Visage,Salvador Dali,1935,https://uploads0.wikiart.org/images/salvador-dali/paranoiac-visage.jpg
Surrealism,Poster Project,Salvador Dali,1935,https://uploads7.wikiart.org/images/salvador-dali/poster-project.jpg
Surrealism,Puzzle of Autumn,Salvador Dali,1935,https://uploads0.wikiart.org/images/salvador-dali/puzzle-of-autumn.jpg
Surrealism,Solitude - Anthropomorphic Echo,Salvador Dali,1935,https://uploads4.wikiart.org/images/salvador-dali/solitude-anthropomorphic-echo.jpg
Surrealism,The Angelus of Gala,Salvador Dali,1935,https://uploads3.wikiart.org/images/salvador-dali/the-angelus-of-gala.jpg
Surrealism,The Echo of the Vold,Salvador Dali,1935,https://uploads4.wikiart.org/images/salvador-dali/the-echo-of-the-vold.jpg
Surrealism,The Horseman of Death,Salvador Dali,1935,https://uploads5.wikiart.org/images/salvador-dali/the-horseman-of-death.jpg
Surrealism,The Ship,Salvador Dali,1934-1935,https://uploads6.wikiart.org/images/salvador-dali/the-ship-1935.jpg
Surrealism,The Surrealist Mystery of New York,Salvador Dali,1935,https://uploads0.wikiart.org/images/salvador-dali/the-surrealist-mystery-of-new-york.jpg
Surrealism,Woman with a Head of Roses,Salvador Dali,1935,https://uploads1.wikiart.org/images/salvador-dali/woman-with-a-head-of-roses.jpg
Surrealism,A muse,Pablo Picasso,1935,https://uploads4.wikiart.org/images/pablo-picasso/a-muse-1935.jpg
Surrealism,Bust of a woman,Pablo Picasso,1935,https://uploads4.wikiart.org/images/pablo-picasso/bust-of-a-woman-1935.jpg
Surrealism,Head of a woman (Olga Picasso),Pablo Picasso,1935,https://uploads8.wikiart.org/images/pablo-picasso/head-of-a-woman-olga-picasso-1935.jpg
Surrealism,Minotauromachy,Pablo Picasso,1935,https://uploads8.wikiart.org/images/pablo-picasso/the-minotauromachie-1935.jpg
Surrealism,Woman reading,Pablo Picasso,1935,https://uploads2.wikiart.org/images/pablo-picasso/woman-reading-1935.jpg
Surrealism,Woman with hat (Olga),Pablo Picasso,1935,https://uploads8.wikiart.org/images/pablo-picasso/woman-with-hat-olga-1935.jpg
Surrealism,Head of a Man,Joan Miro,1935,https://uploads2.wikiart.org/images/joan-miro/head-of-a-man.jpg
Surrealism,Woman and Dog in Front of the Moon,Joan Miro,1935,https://uploads8.wikiart.org/images/joan-miro/not_detected_227972.jpg
Surrealism,Rope and People I,Joan Miro,1935,https://uploads6.wikiart.org/images/joan-miro/rope-and-people-i.jpg
Surrealism,Three gifts,Joan Miro,1935,https://uploads0.wikiart.org/images/joan-miro/three-gifts.jpg
Surrealism,Flying Horse Garden,Max Ernst,1935,https://uploads4.wikiart.org/images/max-ernst/flying-horse-garden-1935.jpg
Surrealism,Garden Airplane Trap,Max Ernst,1935,https://uploads5.wikiart.org/images/max-ernst/garden-airplane-trap-1935.jpg
Surrealism,The Entire City,Max Ernst,1935,https://uploads4.wikiart.org/images/max-ernst/the-entire-city.jpg
Surrealism,The Giant Snake,Max Ernst,1935,https://uploads4.wikiart.org/images/max-ernst/the-giant-snake.jpg
Surrealism,Human Concretion,Jean Arp,1935,https://uploads6.wikiart.org/images/jean-arp/human-concretion-1.jpg
Surrealism,Ruined palace,Paul Delvaux,1935,https://uploads1.wikiart.org/images/paul-delvaux/ruined-palace-1935.jpg
Surrealism,The Screen,Paul Delvaux,1935,https://uploads7.wikiart.org/images/paul-delvaux/the-screen-1935.jpg
Surrealism,The King of Cats,Balthus,1935,https://uploads8.wikiart.org/images/balthus/the-king-of-cats-1935.jpg
Surrealism,Ibdes in Aragon,Andre Masson,1935,https://uploads7.wikiart.org/images/andre-masson/ibdes-in-aragon.jpg
Surrealism,Pupae to Toledo,Andre Masson,1935,https://uploads4.wikiart.org/images/andre-masson/no-name-1(6).jpg
Surrealism,The Andalusian Reapers,Andre Masson,1935,https://uploads4.wikiart.org/images/andre-masson/no-name-1(8).jpg
Surrealism,The Message,Remedios Varo,1935,https://uploads0.wikiart.org/images/remedios-varo/the-message-1935.jpg
Surrealism,Courteous Passivity,Victor Brauner,1929-1935,https://uploads0.wikiart.org/images/victor-brauner/courteous-passivity-1935.jpg
Surrealism,Composition with Portrait,Victor Brauner,1930-1935,https://uploads6.wikiart.org/images/victor-brauner/composition-with-portrait-1935.jpg
Surrealism,A Pool,Josef Sima,1935,https://uploads8.wikiart.org/images/josef-ma/a-pool-1935.jpg
Surrealism,"Nude on Sand, Oceano",Edward Weston,1935,https://uploads8.wikiart.org/images/edward-weston/nude-on-sand-oceano-1935.jpg
Surrealism,Dawn in Montserrat,Andre Masson,1935,https://uploads1.wikiart.org/images/andre-masson/dawn-in-montserrat.jpg
Surrealism,Les Dieux marins,Alfred Manessier,1935,https://uploads8.wikiart.org/images/alfred-manessier/les-dieux-marins-1935.jpg
Surrealism,Untitled,Hans Bellmer,1935,https://uploads5.wikiart.org/images/hans-bellmer/untitled-1935.jpg
Surrealism,Le mystère est exempt de pudeur,Georges Hugnet,1935,https://uploads3.wikiart.org/images/georges-hugnet/le-myst-re-est-exempt-de-pudeur-1935.jpg
Surrealism,Untitled,Georges Hugnet,1935,https://uploads7.wikiart.org/images/georges-hugnet/untitled-1935.jpg
Surrealism,Le rendez - vous,Georges Hugnet,1935,https://uploads4.wikiart.org/images/georges-hugnet/le-rendez-vous-1935.jpg
Surrealism,"Couple kissing under the Pont au Double, Paris",Brassai,1935,https://uploads1.wikiart.org/images/brassai/couple-kissing-under-the-pont-au-double-paris-1935.jpg
Surrealism,The Kiss,Brassai,1935,https://uploads0.wikiart.org/images/brassai/the-kiss-1935.jpg
Surrealism,Passerby in the Rain,Brassai,1935,https://uploads3.wikiart.org/images/brassai/passerby-in-the-rain-1935.jpg
Surrealism,Haute Couture Soirée,Brassai,1935,https://uploads3.wikiart.org/images/brassai/haute-couture-soir-e-1935.jpg
Surrealism,Tilly Losch,Joseph Cornell,1935,https://uploads1.wikiart.org/images/joseph-cornell/tilly-losch-1935.jpg
Surrealism,Baumlandschaft,Richard Oelze,1935,https://uploads3.wikiart.org/images/richard-oelze/baumlandschaft-1935.jpg
Surrealism,Portrait of My Mother,Boris Margo,1935,https://uploads8.wikiart.org/images/boris-margo/portrait-of-my-mother-1935.jpg
Surrealism,The Offing,Edward Wadsworth,1935,https://uploads7.wikiart.org/images/edward-wadsworth/offing-1935.jpg
Surrealism,Slump,Edward Wadsworth,1935,https://uploads6.wikiart.org/images/edward-wadsworth/slump-1935.jpg
Surrealism,La pêcheuse d'huitres,Le Corbusier,1935,https://uploads0.wikiart.org/images/le-corbusier/la-p-cheuse-d-huitres-1935.jpg
Surrealism,Den vaknade vidden,Sven Jonson,1935,https://uploads8.wikiart.org/images/sven-jonson/den-vaknade-vidden-1935(5).jpg
Surrealism,Le mort de Don Juan,Mario Prassinos,1935,https://uploads1.wikiart.org/images/mario-prassinos/le-mort-de-don-juan-1935.jpg
Surrealism,Manitu Bird,Leon Underwood,1935,https://uploads1.wikiart.org/images/leon-underwood/manitu-bird-1935.jpg
Surrealism,Alice in Wonderland,Jean-Claude Silbermann,XX cent.,https://uploads3.wikiart.org/images/jean-claude-silbermann/alice-in-wonderland.jpg
Surrealism,Babil Babylone (installation view),Jean-Claude Silbermann,XX cent.,https://uploads7.wikiart.org/images/jean-claude-silbermann/babil-babylone-installation-view.jpg
Surrealism,La chasse a été bonne,Jean-Claude Silbermann,XX cent.,https://uploads3.wikiart.org/images/jean-claude-silbermann/la-chasse-a-t-bonne.jpg
Surrealism,La Reparation,Jean-Claude Silbermann,XX cent.,https://uploads6.wikiart.org/images/jean-claude-silbermann/la-reparation.jpg
Surrealism,Le surmâle au Mamco (Qui es-tu être humain?),Jean-Claude Silbermann,XX cent.,https://uploads6.wikiart.org/images/jean-claude-silbermann/le-surm-le-au-mamco-qui-es-tu-tre-humain.jpg
Surrealism,Quel est ce mot...?,Jean-Claude Silbermann,XX cent.,https://uploads8.wikiart.org/images/jean-claude-silbermann/quel-est-ce-mot.jpg
Surrealism,Veilleuse,Jean-Claude Silbermann,XX cent.,https://uploads2.wikiart.org/images/jean-claude-silbermann/veilleuse.jpg
Surrealism,Candelabra,Dora Maar,1935,https://uploads4.wikiart.org/images/dora-maar/candelabra-1935.jpg
Surrealism,Mannequin en vitrine,Dora Maar,1935,https://uploads5.wikiart.org/images/dora-maar/mannequin-en-vitrine-1935.jpg
Surrealism,Hands Holding a Void,Alberto Giacometti,1934-1935,https://uploads5.wikiart.org/images/alberto-giacometti/hands-holding-a-void-1935.jpg
Surrealism,Portrait of  De Madame Ducas(1935),Salvador Dali,1935,https://uploads3.wikiart.org/00152/images/salvador-dali/zzz-salvador-dal-portrait-de-madame-ducas1935.jpg
Surrealism,"Portrait of Isabelle Baker Woolley, (1935)",Salvador Dali,1935,https://uploads4.wikiart.org/00152/images/salvador-dali/zzz-salvadore-dali-isabelle-baker-woolley-1935.jpg
Surrealism,The Sad Family,Franz Sedlacek,1935,https://uploads6.wikiart.org/00167/images/franz-sedlacek/the-sad-family-1935.jpg
Surrealism,Mineral Objects,Paul Nash,1935,https://uploads2.wikiart.org/00269/images/paul-nash/mineral-objects-1935.jpg
Surrealism,Human Concretion,Jean Arp,1935,https://uploads0.wikiart.org/00301/images/jean-arp/cri-000000209991.jpg
Surrealism,Bar of Consequences,Jacqueline Lamba,1935,https://uploads1.wikiart.org/00333/images/jacqueline-lamba/bar-of-consequences-1935.jpg
Surrealism,Field Point 77/100,Ivan Eyre,XX cent.,https://uploads7.wikiart.org/00210/images/ivan-eyre/1512578750-amamky107m.jpg
Surrealism,Black Dial,Ivan Eyre,XX cent.,https://uploads8.wikiart.org/00210/images/ivan-eyre/black-dial-painting-ivan-eyre-1.jpg
Surrealism,Study for High C,Ivan Eyre,XX cent.,https://uploads4.wikiart.org/00210/images/ivan-eyre/study-for-high-c-drawing-ivan-eyre-1.jpg
Surrealism,Study for Black Woman,Ivan Eyre,XX cent.,https://uploads0.wikiart.org/00210/images/ivan-eyre/study-for-black-woman-drawing-ivan-eyre-1.jpg
Surrealism,Battle at Sunset with the God of Maize (Composition No. 1),Arshile Gorky,1936,https://uploads3.wikiart.org/images/arshile-gorky/battle-at-sunset-with-the-god-of-maize-composition-no-1.jpg
Surrealism,House in The Lava near Nunziata,M.C. Escher,1936,https://uploads3.wikiart.org/images/m-c-escher/house-in-the-lava-near-nunziata.jpg
Surrealism,Berween St.Peter and Sistine Chapel (March 1936),M.C. Escher,1936,https://uploads0.wikiart.org/images/m-c-escher/not_detected_204707.jpg
Surrealism,"Ss. Giovanni et Paolo, Rome (May 1936)",M.C. Escher,1936,https://uploads0.wikiart.org/images/m-c-escher/not_detected_204708.jpg
Surrealism,Ancona (November 1936),M.C. Escher,1936,https://uploads0.wikiart.org/images/m-c-escher/not_detected_204712.jpg
Surrealism,Observatory Time: The Lovers,Man Ray,1936,https://uploads0.wikiart.org/images/man-ray/bservatory-time-the-lovers-1936.jpg
Surrealism,Clairvoyance (Self Portrait),Rene Magritte,1936,https://uploads0.wikiart.org/images/rene-magritte/clairvoyance-self-portrait-1936(1).jpg
Surrealism,Forbidden literature (The use of the Word),Rene Magritte,1936,https://uploads5.wikiart.org/images/rene-magritte/forbidden-literature-the-use-of-the-word-1936(1).jpg
Surrealism,Meditation,Rene Magritte,1936,https://uploads2.wikiart.org/images/rene-magritte/meditation-1936(1).jpg
Surrealism,Philosopher's lamp,Rene Magritte,1936,https://uploads1.wikiart.org/images/rene-magritte/philosopher-s-lamp-1936(1).jpg
Surrealism,The Key to the Fields,Rene Magritte,1936,https://uploads4.wikiart.org/images/rene-magritte/the-key-to-the-fields-1936(1).jpg
Surrealism,The revealing of the present,Rene Magritte,1936,https://uploads2.wikiart.org/images/rene-magritte/the-revealing-of-the-present-1936(1).jpg
Surrealism,A Chemist Lifting with Extreme Precaution the Cuticle of a Grand Piano,Salvador Dali,1936,https://uploads0.wikiart.org/images/salvador-dali/a-chemist-lifting-with-extreme-precaution-the-cuticle-of-a-grand-piano.jpg
Surrealism,A Couple with Their Heads Full of Clouds,Salvador Dali,1936,https://uploads6.wikiart.org/images/salvador-dali/a-couple-with-their-heads-full-of-clouds.jpg
Surrealism,Ampurdanese Yang and Yin,Salvador Dali,1936,https://uploads8.wikiart.org/images/salvador-dali/ampurdanese-yang-and-yin.jpg
Surrealism,Animated Surrealist Landscape,Salvador Dali,1936,https://uploads4.wikiart.org/images/salvador-dali/animated-surrealist-landscape.jpg
Surrealism,Apparition of the Town of Delft,Salvador Dali,1936,https://uploads6.wikiart.org/images/salvador-dali/apparition-of-the-town-of-delft.jpg
Surrealism,Autumnal Cannibalism,Salvador Dali,1936,https://uploads4.wikiart.org/images/salvador-dali/autumnal-cannibalism.jpg
Surrealism,Bread on the Head of the Prodigal Son,Salvador Dali,1936,https://uploads3.wikiart.org/images/salvador-dali/bread-on-the-head-of-the-prodigal-son.jpg
Surrealism,City of drawers,Salvador Dali,1936,https://uploads8.wikiart.org/images/salvador-dali/city-of-drawers.jpg
Surrealism,Couple with Clouds in Their Heads (Man),Salvador Dali,1936,https://uploads3.wikiart.org/images/salvador-dali/couple-with-clouds-in-their-heads-man.jpg
Surrealism,Couple with Clouds in Their Heads (Woman),Salvador Dali,1936,https://uploads5.wikiart.org/images/salvador-dali/couple-with-clouds-in-their-heads-woman.jpg
Surrealism,Couple with Their Heads Full of Clouds,Salvador Dali,1936,https://uploads4.wikiart.org/images/salvador-dali/couple-with-their-heads-full-of-clouds.jpg
Surrealism,Cover of 'Minotaure' Magazine,Salvador Dali,1936,https://uploads2.wikiart.org/images/salvador-dali/cover-of-minotaure-magazine.jpg
Surrealism,Decalcomania,Salvador Dali,1936,https://uploads5.wikiart.org/images/salvador-dali/decalcomania.jpg
Surrealism,Forgotten Horizon,Salvador Dali,1936,https://uploads1.wikiart.org/images/salvador-dali/forgotten-horizon.jpg
Surrealism,Geological justice,Salvador Dali,1936,https://uploads2.wikiart.org/images/salvador-dali/geological-justice.jpg
Surrealism,Head of a woman in the form of a battle,Salvador Dali,1936,https://uploads1.wikiart.org/images/salvador-dali/head-of-a-woman-in-the-form-of-a-battle-1936.jpg
Surrealism,Hypnagogic Monument,Salvador Dali,1936,https://uploads3.wikiart.org/images/salvador-dali/hypnagogic-monument.jpg
Surrealism,Landscape with Girl Skipping Rope,Salvador Dali,1936,https://uploads8.wikiart.org/images/salvador-dali/landscape-with-girl-skipping-rope.jpg
Surrealism,Man with His Head Full of Clouds,Salvador Dali,1936,https://uploads7.wikiart.org/images/salvador-dali/man-with-his-head-full-of-clouds.jpg
Surrealism,Morphological Echo,Salvador Dali,1936,https://uploads2.wikiart.org/images/salvador-dali/morphological-echo.jpg
Surrealism,Morphological Echo',Salvador Dali,1936,https://uploads4.wikiart.org/images/salvador-dali/morphological-echo-1.jpg
Surrealism,Necrophiliac Springtime,Salvador Dali,1936,https://uploads7.wikiart.org/images/salvador-dali/necrophiliac-springtime.jpg
Surrealism,Night and Day Clothes of the Body,Salvador Dali,1936,https://uploads4.wikiart.org/images/salvador-dali/night-and-day-clothes-of-the-body-1936.jpg
Surrealism,Paranonia,Salvador Dali,1935-1936,https://uploads7.wikiart.org/images/salvador-dali/paranonia-1936.jpg
Surrealism,Premonition of Civil War,Salvador Dali,1936,https://uploads8.wikiart.org/images/salvador-dali/premonition-of-civil-war.jpg
Surrealism,Singularities,Salvador Dali,1936,https://uploads6.wikiart.org/images/salvador-dali/singularities.jpg
Surrealism,Soft Construction with Boiled Beans: Premonition of Civil War,Salvador Dali,1936,https://uploads2.wikiart.org/images/salvador-dali/soft-construction-with-boiled-beans-premonition-of-civil-war(1).jpg
Surrealism,"Suburbs of a Paranoiac Critical Town, Afternoon on the Outskirts of European History",Salvador Dali,1936,https://uploads0.wikiart.org/images/salvador-dali/suburbs-of-a-paranoiac-critical-town-afternoon-on-the-outskirts-of-european-history-1936.jpg
Surrealism,Sun Table,Salvador Dali,1936,https://uploads2.wikiart.org/images/salvador-dali/sun-table.jpg
Surrealism,Surrealist Composition with Invisible Figures,Salvador Dali,1936,https://uploads2.wikiart.org/images/salvador-dali/surrealist-composition-with-invisible-figures.jpg
Surrealism,"The Chemist of Ampurden in Search of Absolutely Nothing, 1936 (oil on panel)",Salvador Dali,1936,https://uploads8.wikiart.org/images/salvador-dali/the-chemist-of-ampurden-in-search-of-absolutely-nothing-1936-oil-on-panel-1936.jpg
Surrealism,The Great Paranoiac,Salvador Dali,1936,https://uploads8.wikiart.org/images/salvador-dali/the-great-paranoiac-1936.jpg
Surrealism,The Man with the Head of Blue Hortensias,Salvador Dali,1936,https://uploads6.wikiart.org/images/salvador-dali/the-man-with-the-head-of-blue-hortensias.jpg
Surrealism,The Sign of Anguish,Salvador Dali,1932-1936,https://uploads8.wikiart.org/images/salvador-dali/the-sign-of-anguish-1936.jpg
Surrealism,Three Women with Heads of Flowers Finding the Skin of A,Salvador Dali,1936,https://uploads3.wikiart.org/images/salvador-dali/three-women-with-heads-of-flowers-finding-the-skin-of-a.jpg
Surrealism,Two Figures,Salvador Dali,1936,https://uploads4.wikiart.org/images/salvador-dali/two-figures.jpg
Surrealism,Venus de Milo with Drawers,Salvador Dali,1936,https://uploads1.wikiart.org/images/salvador-dali/venus-de-milo-with-drawers.jpg
Surrealism,Venus de Milo with Drawers,Salvador Dali,1936,https://uploads3.wikiart.org/images/salvador-dali/venus-de-milo-with-drawers-1.jpg
Surrealism,White Calm,Salvador Dali,1936,https://uploads8.wikiart.org/images/salvador-dali/white-calm-1936.jpg
Surrealism,Woman with Drawers,Salvador Dali,1936,https://uploads2.wikiart.org/images/salvador-dali/woman-with-drawers.jpg
Surrealism,A reclining female nude,Pablo Picasso,1936,https://uploads3.wikiart.org/images/pablo-picasso/a-reclining-female-nude-1936.jpg
Surrealism,Bust of woman,Pablo Picasso,1936,https://uploads2.wikiart.org/images/pablo-picasso/bust-of-woman-1936.jpg
Surrealism,"Faun, horse and bird",Pablo Picasso,1936,https://uploads8.wikiart.org/images/pablo-picasso/faun-horse-and-bird-1936.jpg
Surrealism,Head,Pablo Picasso,1936,https://uploads2.wikiart.org/images/pablo-picasso/head-1936.jpg
Surrealism,"Minotaur is wounded, horse and personages",Pablo Picasso,1936,https://uploads2.wikiart.org/images/pablo-picasso/minotaur-is-wounded-horse-and-personages-1936.jpg
Surrealism,Minotaur transports a mare and foal,Pablo Picasso,1936,https://uploads1.wikiart.org/images/pablo-picasso/minotaur-transports-a-mare-and-foal.jpg
Surrealism,Minotaur with dead horse in front of a cave facing a girl in veil,Pablo Picasso,1936,https://uploads0.wikiart.org/images/pablo-picasso/minotaur-with-dead-horse-in-front-of-a-cave-facing-a-girl-in-veil-1936.jpg
Surrealism,Portrait of woman,Pablo Picasso,1936,https://uploads6.wikiart.org/images/pablo-picasso/portrait-of-woman-1936.jpg
Surrealism,Portrait of woman,Pablo Picasso,1936,https://uploads8.wikiart.org/images/pablo-picasso/portrait-of-woman-1936-1.jpg
Surrealism,Portrait of woman,Pablo Picasso,1936,https://uploads8.wikiart.org/images/pablo-picasso/portrait-of-woman-1936-2.jpg
Surrealism,Portrait of young girl,Pablo Picasso,1936,https://uploads2.wikiart.org/images/pablo-picasso/portrait-of-young-girl-1936.jpg
Surrealism,Sleeper near the shutters,Pablo Picasso,1936,https://uploads5.wikiart.org/images/pablo-picasso/sleeper-near-the-shutters-1936.jpg
Surrealism,Still life with lemon and jug,Pablo Picasso,1936,https://uploads0.wikiart.org/images/pablo-picasso/still-life-with-lemon-and-jug-1936.jpg
Surrealism,"Still life, school of Paris",Pablo Picasso,1936,https://uploads6.wikiart.org/images/pablo-picasso/still-life-school-of-paris-1936.jpg
Surrealism,The Remains of Minotaur in a harlequin costume,Pablo Picasso,1936,https://uploads8.wikiart.org/images/pablo-picasso/the-remains-of-minotaur-in-a-harlequin-costume-1936.jpg
Surrealism,Untitled,Pablo Picasso,1936,https://uploads6.wikiart.org/images/pablo-picasso/untitled-1936.jpg
Surrealism,Untitled,Pablo Picasso,1936,https://uploads8.wikiart.org/images/pablo-picasso/untitled-1936-1.jpg
Surrealism,Untitled,Pablo Picasso,1936,https://uploads8.wikiart.org/images/pablo-picasso/untitled-1936-2.jpg
Surrealism,Untitled,Pablo Picasso,1936,https://uploads8.wikiart.org/images/pablo-picasso/untitled-1936-3.jpg
Surrealism,Untitled,Pablo Picasso,1936,https://uploads8.wikiart.org/images/pablo-picasso/untitled-1936-4.jpg
Surrealism,Untitled,Pablo Picasso,1936,https://uploads8.wikiart.org/images/pablo-picasso/untitled-1936-5.jpg
Surrealism,Untitled,Pablo Picasso,1936,https://uploads8.wikiart.org/images/pablo-picasso/untitled-1936-6.jpg
Surrealism,Untitled,Pablo Picasso,1936,https://uploads8.wikiart.org/images/pablo-picasso/untitled-1936-8.jpg
Surrealism,Untitled,Pablo Picasso,1936,https://uploads8.wikiart.org/images/pablo-picasso/untitled-1936-9.jpg
Surrealism,Woman by the dresser,Pablo Picasso,1936,https://uploads0.wikiart.org/images/pablo-picasso/woman-by-the-dresser-1936.jpg
Surrealism,Woman by the dresser,Pablo Picasso,1936,https://uploads2.wikiart.org/images/pablo-picasso/woman-by-the-dresser-1936-1.jpg
Surrealism,Woman by the window,Pablo Picasso,1936,https://uploads8.wikiart.org/images/pablo-picasso/woman-by-the-window-1936.jpg
Surrealism,The straw hat with blue leaves,Pablo Picasso,1936,https://uploads0.wikiart.org/images/pablo-picasso/woman-in-a-straw-hat-1936.jpg
Surrealism,Woman in the interior,Pablo Picasso,1936,https://uploads1.wikiart.org/images/pablo-picasso/woman-in-the-interior-1936.jpg
Surrealism,Woman with bouquet,Pablo Picasso,1936,https://uploads7.wikiart.org/images/pablo-picasso/woman-with-bouquet-1936.jpg
Surrealism,Figures in Front of a Metamorphosis,Joan Miro,1936,https://uploads6.wikiart.org/images/joan-miro/figures-in-front-of-a-metamorphosis.jpg
Surrealism,Man and Woman in Front of a Pile of Excrement,Joan Miro,1936,https://uploads7.wikiart.org/images/joan-miro/man-and-woman-in-front-of-a-pile-of-excrement.jpg
Surrealism,Metamorphose,Joan Miro,1936,https://uploads1.wikiart.org/images/joan-miro/metamorphose.jpg
Surrealism,Painting,Joan Miro,1936,https://uploads8.wikiart.org/images/joan-miro/not_detected_227973.jpg
Surrealism,Garden Airplane Trap,Max Ernst,1936,https://uploads0.wikiart.org/images/max-ernst/garden-airplane-trap.jpg
Surrealism,Landscape with Wheatgerm,Max Ernst,1936,https://uploads0.wikiart.org/images/max-ernst/landscape-with-wheatgerm-1936.jpg
Surrealism,Lust for life,Max Ernst,1936,https://uploads7.wikiart.org/images/max-ernst/lust-for-life-1936.jpg
Surrealism,The Entire City,Max Ernst,1935-1936,https://uploads0.wikiart.org/images/max-ernst/the-entire-city-1935.jpg
Surrealism,Woman in a Cave,Paul Delvaux,1936,https://uploads3.wikiart.org/images/paul-delvaux/woman-in-a-cave-1936.jpg
Surrealism,Centaurs and Lapiths,Yiannis Tsaroychis,1936,https://uploads5.wikiart.org/images/yiannis-tsaroychis/centaurs-and-lapiths-1936.jpg
Surrealism,Iconic views of Toledo,Andre Masson,1936,https://uploads4.wikiart.org/images/andre-masson/no-name-2(2).jpg
Surrealism,The Complete Woman (Project C),Victor Brauner,1936,https://uploads0.wikiart.org/images/victor-brauner/the-complete-woman-project-c-1936.jpg
Surrealism,Surrealist Landscape,Jacques Hérold,1936,https://uploads1.wikiart.org/images/jacques-h-rold/surrealist-landscape-1936.jpg
Surrealism,Lumen,Jacques Hérold,1936,https://uploads4.wikiart.org/images/jacques-h-rold/lumen-1936.jpg
Surrealism,La rencontre,Jacques Hérold,1936,https://uploads2.wikiart.org/images/jacques-h-rold/la-rencontre-1936.jpg
Surrealism,L'Autogène,Jacques Hérold,1936,https://uploads0.wikiart.org/images/jacques-h-rold/l-autog-ne-1936.jpg
Surrealism,Les tours de lumière,Wolfgang Paalen,1936,https://uploads2.wikiart.org/images/wolfgang-paalen/les-tours-de-lumi-re-1936.jpg
Surrealism,Panama,Roberto Matta,1936,https://uploads4.wikiart.org/images/roberto-matta/panama-1936.jpg
Surrealism,Wet Sheets,Roberto Matta,1936,https://uploads8.wikiart.org/images/roberto-matta/wet-sheets-1936.jpg
Surrealism,La Rue derrière la gare,Raoul Ubac,1936,https://uploads0.wikiart.org/images/raoul-ubac/la-rue-derri-re-la-gare-1936.jpg
Surrealism,L'heure exacte II,Wolfgang Paalen,1936,https://uploads8.wikiart.org/images/wolfgang-paalen/l-heure-exacte-ii-1936.jpg
Surrealism,Metamorphose interrompue,Wolfgang Paalen,1936,https://uploads6.wikiart.org/images/wolfgang-paalen/metamorphose-interrompue-1936.jpg
Surrealism,"Dunes, Oceano",Edward Weston,1936,https://uploads1.wikiart.org/images/edward-weston/dunes-oceano-1936.jpg
Surrealism,"White Dunes, Oceano",Edward Weston,1936,https://uploads7.wikiart.org/images/edward-weston/white-dunes-oceano-1936.jpg
Surrealism,The Doll,Hans Bellmer,1936,https://uploads5.wikiart.org/images/hans-bellmer/the-doll-1936.jpg
Surrealism,The Doll,Hans Bellmer,1936,https://uploads7.wikiart.org/images/hans-bellmer/the-doll-1936-1.jpg
Surrealism,Plate from La Poupée,Hans Bellmer,1936,https://uploads8.wikiart.org/images/hans-bellmer/plate-from-la-poup-e-1936.jpg
Surrealism,Plate from La Poupée,Hans Bellmer,1936,https://uploads2.wikiart.org/images/hans-bellmer/plate-from-la-poup-e-1936(1).jpg
Surrealism,Plate from La Poupée,Hans Bellmer,1936,https://uploads2.wikiart.org/images/hans-bellmer/plate-from-la-poup-e-1936(2).jpg
Surrealism,Plate from La Poupée,Hans Bellmer,1936,https://uploads2.wikiart.org/images/hans-bellmer/plate-from-la-poup-e-1936(3).jpg
Surrealism,Plate from La Poupée,Hans Bellmer,1936,https://uploads2.wikiart.org/images/hans-bellmer/plate-from-la-poup-e-1936(4).jpg
Surrealism,Plate from La Poupée,Hans Bellmer,1936,https://uploads2.wikiart.org/images/hans-bellmer/plate-from-la-poup-e-1936(5).jpg
Surrealism,Plate from La Poupée,Hans Bellmer,1936,https://uploads2.wikiart.org/images/hans-bellmer/plate-from-la-poup-e-1936(6).jpg
Surrealism,Plate from La Poupée,Hans Bellmer,1936,https://uploads2.wikiart.org/images/hans-bellmer/plate-from-la-poup-e-1936(7).jpg
Surrealism,The Palace of King Ubu,Hans Bellmer,1936,https://uploads1.wikiart.org/images/hans-bellmer/the-palace-of-king-ubu-1936.jpg
Surrealism,Caja con Piano y Toro,Oscar Dominguez,1936,https://uploads3.wikiart.org/images/oscar-dominguez/caja-con-piano-y-toro-1936.jpg
Surrealism,The Council,Jules Perahim,1936,https://uploads0.wikiart.org/images/jules-perahim/the-council-1936.jpg
Surrealism,"La Poupée (The Doll), detail",Hans Bellmer,1936,https://uploads4.wikiart.org/images/hans-bellmer/la-poup-e-the-doll-detail-1936.jpg
Surrealism,Untitled,Hans Bellmer,1936,https://uploads5.wikiart.org/images/hans-bellmer/untitled-1936.jpg
Surrealism,Initiation préliminaire aux arcanes de la forêt (First Initiation to the Secrets of the Forest),Georges Hugnet,1936,https://uploads2.wikiart.org/images/georges-hugnet/initiation-pr-liminaire-aux-arcanes-de-la-for-t-first-initiation-to-the-secrets-of-the-forest-1936.jpg
Surrealism,"Bum-Thumb Rock, Ploumanach, Brittany",Eileen Agar,1936,https://uploads3.wikiart.org/images/eileen-agar/bum-thumb-rock-ploumanach-brittany-1936.jpg
Surrealism,Ladybird,Eileen Agar,1936,https://uploads4.wikiart.org/images/eileen-agar/ladybird-1936.jpg
Surrealism,Precious Stones,Eileen Agar,1936,https://uploads2.wikiart.org/images/eileen-agar/precious-stones-1936.jpg
Surrealism,"Rocks at Ploumenach, Brittany",Eileen Agar,1936,https://uploads6.wikiart.org/images/eileen-agar/rocks-at-ploumenach-brittany-1936.jpg
Surrealism,Bonjour Paris,Georges Hugnet,1936,https://uploads3.wikiart.org/images/georges-hugnet/bonjour-paris-1936.jpg
Surrealism,J'ai maquillé le cheval,Georges Hugnet,1936,https://uploads3.wikiart.org/images/georges-hugnet/j-ai-maquill-le-cheval-1936.jpg
Surrealism,La Querelle tout en elle..,Georges Hugnet,1936,https://uploads5.wikiart.org/images/georges-hugnet/la-querelle-tout-en-elle-1936.jpg
Surrealism,Le retour au passé,Georges Hugnet,1936,https://uploads7.wikiart.org/images/georges-hugnet/le-retour-au-pass-1936.jpg
Surrealism,Untitled,Georges Hugnet,1936,https://uploads7.wikiart.org/images/georges-hugnet/untitled-1936.jpg
Surrealism,A Little of Everything,Georges Hugnet,1936,https://uploads3.wikiart.org/images/georges-hugnet/a-little-of-everything-1936.jpg
Surrealism,A Red Pennant,Georges Hugnet,1936,https://uploads3.wikiart.org/images/georges-hugnet/a-red-pennant-1936.jpg
Surrealism,Le retour au passé,Georges Hugnet,1936,https://uploads0.wikiart.org/images/georges-hugnet/le-retour-au-pass-1936-1.jpg
Surrealism,Qui inventa,Georges Hugnet,1936,https://uploads1.wikiart.org/images/georges-hugnet/qui-inventa-1936.jpg
Surrealism,The Only Night,Georges Hugnet,1936,https://uploads4.wikiart.org/images/georges-hugnet/the-only-night-1936.jpg
Surrealism,Mask Icon,Vajda Lajos,1936,https://uploads5.wikiart.org/images/vajda-lajos/mask-icon-1936.jpg
Surrealism,Plate Still-life above Houses,Vajda Lajos,1936,https://uploads7.wikiart.org/images/vajda-lajos/plate-still-life-above-houses-1936.jpg
Surrealism,Self-portrait,Vajda Lajos,1936,https://uploads2.wikiart.org/images/vajda-lajos/self-portrait-1936-1.jpg
Surrealism,Tower with Still-life on a Plate,Vajda Lajos,1936,https://uploads1.wikiart.org/images/vajda-lajos/tower-with-still-life-on-a-plate-1936.jpg
Surrealism,In Aristide Maillol’s Studio,Brassai,1936,https://uploads2.wikiart.org/images/brassai/in-aristide-maillol-s-studio-1936.jpg
Surrealism,Flight Over New York At Twilight,Lorser Feitelson,1936,https://uploads6.wikiart.org/images/lorser-feitelson/flight-over-new-york-at-twilight-1936.jpg
Surrealism,Day Break - Modality Series,Jock Macdonald,1936,https://uploads6.wikiart.org/images/jock-macdonald/day-break-modality-series-1936.jpg
Surrealism,Untitled (Soap Bubble Set),Joseph Cornell,1936,https://uploads5.wikiart.org/images/joseph-cornell/untitled-soap-bubble-set-1936.jpg
Surrealism,The Expectation,Richard Oelze,1936,https://uploads4.wikiart.org/images/richard-oelze/the-expectation-1936.jpg
Surrealism,Marine Set,Edward Wadsworth,1936,https://uploads2.wikiart.org/images/edward-wadsworth/marine-set-1936.jpg
Surrealism,El jugador fantasma,Angel Planells,1936,https://uploads3.wikiart.org/images/angel-planells/el-jugador-fantasma-1936(1).jpg
Surrealism,El somni viatja,Angel Planells,1936,https://uploads8.wikiart.org/images/angel-planells/el-somni-viatja-1936(1).jpg
Surrealism,Sueño olvidado,Angel Planells,1936,https://uploads4.wikiart.org/images/angel-planells/sue-o-olvidado-1936.jpg
Surrealism,Solitude,Sven Jonson,1936,https://uploads7.wikiart.org/images/sven-jonson/solitude-1936(5).jpg
Surrealism,Vuell villa,Xul Solar,1936,https://uploads5.wikiart.org/images/xul-solar/vuell-villa-1936.jpg
Surrealism,L’Entracte de l’Apothéose,Leonor Fini,1935-1936,https://uploads3.wikiart.org/images/leonor-fini/l-entracte-de-l-apoth-ose-1936.jpg
Surrealism,Fur Gloves with Wooden Fingers,Meret Oppenheim,1936,https://uploads3.wikiart.org/images/meret-oppenheim/fur-gloves-with-wooden-fingers-1936.jpg
Surrealism,My Nurse Maid,Meret Oppenheim,1936,https://uploads4.wikiart.org/images/meret-oppenheim/my-nurse-maid-1936.jpg
Surrealism,Object (Le Déjeuner en fourrure),Meret Oppenheim,1936,https://uploads3.wikiart.org/images/meret-oppenheim/object-le-d-jeuner-en-fourrure-1936.jpg
Surrealism,"Red head, blue body",Meret Oppenheim,1936,https://uploads0.wikiart.org/images/meret-oppenheim/red-head-blue-body-1936.jpg
Surrealism,Leonor Fini,Dora Maar,1936,https://uploads5.wikiart.org/images/dora-maar/leonor-fini-1936.jpg
Surrealism,Pere Ubu,Dora Maar,1936,https://uploads2.wikiart.org/images/dora-maar/pere-ubu-1936.jpg
Surrealism,The Years Lie in Wait for You,Dora Maar,1936,https://uploads5.wikiart.org/images/dora-maar/the-years-lie-in-wait-for-you-1936.jpg
Surrealism,Untitled,Dora Maar,1936,https://uploads2.wikiart.org/images/dora-maar/untitled-1936.jpg
Surrealism,"Imaginary Heads, Study",Franz Sedlacek,1936,https://uploads4.wikiart.org/00167/images/franz-sedlacek/imaginary-heads-study-1936.jpg
Surrealism,Reiter Und Drache,Franz Sedlacek,1936,https://uploads0.wikiart.org/00167/images/franz-sedlacek/reiter-und-drache-1936.jpg
Surrealism,The Moon Calf,Franz Sedlacek,1936,https://uploads5.wikiart.org/00167/images/franz-sedlacek/the-moon-calf-1936.jpg
Surrealism,Surprise of the Wheat,Maruja Mallo,1936,https://uploads6.wikiart.org/00219/images/maruja-mallo/surprise-of-the-wheat-1936.jpg
Surrealism,Harbour and Room,Paul Nash,1932-1936,https://uploads6.wikiart.org/00269/images/paul-nash/harbour-and-room-1932-36.jpg
Surrealism,Swanage,Paul Nash,1936,https://uploads1.wikiart.org/00269/images/paul-nash/swanage-36.jpg
Surrealism,Landscape at Large,Paul Nash,1936,https://uploads3.wikiart.org/00269/images/paul-nash/landscape-at-large-36.jpg
Surrealism,The Eyes,Jindrich Styrsky,1936,https://uploads0.wikiart.org/00280/images/jindrich-styrsky/jindrich-stryrsky-gli-occhi-1936-decalcomania-su-carta.jpg
Surrealism,Salempics,Grace Pailthorpe,1936,https://uploads5.wikiart.org/00280/images/grace-pailthorpe/salempics-1936.jpg
Surrealism,Vuelo De Medianoche,Grace Pailthorpe,1936,https://uploads6.wikiart.org/00280/images/grace-pailthorpe/vuelo-de-medianoche-1936.jpg
Surrealism,"Crystal Heads, British Museum, London, June July 1936",Claude Cahun,1936,https://uploads2.wikiart.org/00302/images/claude-cahun/crystal-heads-british-museum-london-june-july-1936.jpg
Surrealism,Untitled,Claude Cahun,1936,https://uploads1.wikiart.org/00302/images/claude-cahun/untitled-1936.jpg
Surrealism,Untitled,Claude Cahun,1936,https://uploads3.wikiart.org/00302/images/claude-cahun/untitled-1936-2.jpg
Surrealism,Untitled,Claude Cahun,1936,https://uploads3.wikiart.org/00302/images/claude-cahun/untitled-1936-1.jpg
Surrealism,Organ In The Mountains,František Hudeček,1936,https://uploads0.wikiart.org/00320/images/frantisek-hudecek/varhany-na-hor-ch-1936.jpeg!PinterestSmall.jpeg
Surrealism,Untitled,Jacqueline Lamba,1936,https://uploads8.wikiart.org/00333/images/jacqueline-lamba/untitled-1936.jpg
Surrealism,White Aphrodisiac Telephone,Salvador Dali,1936,https://uploads3.wikiart.org/00333/images/salvador-dali/museum-boijmans-van-beuningen.jpg
Surrealism,Lobster Telephone,Salvador Dali,1936,https://uploads7.wikiart.org/00333/images/salvador-dali/museum-f-r-kommunikation-aphrodisisches-telefon-1936-salvador-dali-kl-1200x855.jpg
Surrealism,Lobster telephone (Aphrodisiac telephone),Salvador Dali,1936,https://uploads3.wikiart.org/00333/images/salvador-dali/national-gallery-of-australia.png!PinterestSmall.png
Surrealism,Memory (The Heart),Frida Kahlo,1937,https://uploads6.wikiart.org/images/magdalena-carmen-frieda-kahlo-y-calderón-de-rivera/memory-the-heart-1937.jpg
Surrealism,Revolution of the Viaduct,Paul Klee,1937,https://uploads4.wikiart.org/images/paul-klee/revolution-of-the-viaduct-1937(1).jpg
Surrealism,The Revolution,Marc Chagall,1937,https://uploads2.wikiart.org/images/marc-chagall/the-revolution-1937.jpg
Surrealism,"Leaning Tower, Pisa (January 1937)",M.C. Escher,1937,https://uploads0.wikiart.org/images/m-c-escher/not_detected_204716.jpg
Surrealism,Porthole,M.C. Escher,1937,https://uploads7.wikiart.org/images/m-c-escher/porthole.jpg
Surrealism,Still Life and Street,M.C. Escher,1937,https://uploads2.wikiart.org/images/m-c-escher/still-life-and-street.jpg
Surrealism,Black Flag,Rene Magritte,1937,https://uploads2.wikiart.org/images/rene-magritte/black-flag-1937(1).jpg
Surrealism,Georgette,Rene Magritte,1937,https://uploads1.wikiart.org/images/rene-magritte/georgette-1937(1).jpg
Surrealism,In Praise of Dialectics,Rene Magritte,1937,https://uploads6.wikiart.org/images/rene-magritte/in-praise-of-dialectics-1937(1).jpg
Surrealism,Not to be Reproduced,Rene Magritte,1937,https://uploads3.wikiart.org/images/rene-magritte/not-to-be-reproduced-1937(1).jpg
Surrealism,Representation,Rene Magritte,1937,https://uploads6.wikiart.org/images/rene-magritte/representation-1937(1).jpg
Surrealism,The future of statues,Rene Magritte,1937,https://uploads4.wikiart.org/images/rene-magritte/the-future-of-statues-1937(1).jpg
Surrealism,The Pleasure Principle (Portrait of Edward James),Rene Magritte,1937,https://uploads3.wikiart.org/images/rene-magritte/the-pleasure-principle-portrait-of-edward-james-1937(1).jpg
Surrealism,The Therapist,Rene Magritte,1937,https://uploads3.wikiart.org/images/rene-magritte/the-therapeutist(1).jpg
Surrealism,The therapeutist,Rene Magritte,1937,https://uploads8.wikiart.org/images/rene-magritte/the-therapeutist-1937(1).jpg
Surrealism,The white race,Rene Magritte,1937,https://uploads6.wikiart.org/images/rene-magritte/the-white-race-1937(1).jpg
Surrealism,Youth Illustrated,Rene Magritte,1937,https://uploads0.wikiart.org/images/rene-magritte/youth-illustrated-1937(1).jpg
Surrealism,Anatomical Studies - Transfer Series,Salvador Dali,1937,https://uploads0.wikiart.org/images/salvador-dali/anatomical-studies-transfer-series.jpg
Surrealism,Ant Face,Salvador Dali,1936-1937,https://uploads6.wikiart.org/images/salvador-dali/ant-face-1937.jpg
Surrealism,Average Pagan Landscape,Salvador Dali,1937,https://uploads7.wikiart.org/images/salvador-dali/average-pagan-landscape.jpg
Surrealism,Cannibalism of the Objects,Salvador Dali,1937,https://uploads1.wikiart.org/images/salvador-dali/cannibalism-of-the-objects.jpg
Surrealism,Swans Reflecting Elephants,Salvador Dali,1937,https://uploads5.wikiart.org/images/salvador-dali/cygnes-refletant-des-elephants.jpg
Surrealism,Death Knight,Salvador Dali,1937,https://uploads5.wikiart.org/images/salvador-dali/death-knight.jpg
Surrealism,"Enchanted Beach (Long, Siphon)",Salvador Dali,1937,https://uploads2.wikiart.org/images/salvador-dali/enchanted-beach-long-siphon.jpg
Surrealism,The Burning Giraffe,Salvador Dali,1937,https://uploads2.wikiart.org/00187/images/salvador-dali/dali2.jpg
Surrealism,Herodias,Salvador Dali,1937,https://uploads1.wikiart.org/images/salvador-dali/herodias.jpg
Surrealism,Invention of the Monsters,Salvador Dali,1937,https://uploads0.wikiart.org/images/salvador-dali/invention-of-the-monsters.jpg
Surrealism,Knights of Death,Salvador Dali,1937,https://uploads0.wikiart.org/images/salvador-dali/knights-of-death.jpg
Surrealism,Mae West Lips Sofa,Salvador Dali,1936-1937,https://uploads7.wikiart.org/images/salvador-dali/mae-west-lips-sofa-1937.jpg
Surrealism,Perspectives,Salvador Dali,1937,https://uploads5.wikiart.org/images/salvador-dali/perspectives.jpg
Surrealism,Queen Salome,Salvador Dali,1937,https://uploads5.wikiart.org/images/salvador-dali/queen-salome.jpg
Surrealism,The Metamorphosis of Narcissus,Salvador Dali,1937,https://uploads5.wikiart.org/images/salvador-dali/the-metamorphosis-of-narcissus.jpg
Surrealism,Woman with Flower Head,Salvador Dali,1937,https://uploads6.wikiart.org/images/salvador-dali/woman-with-flower-head.jpg
Surrealism,Weeping Woman,Pablo Picasso,1937,https://uploads3.wikiart.org/images/pablo-picasso/crying-woman-1937-1.jpg
Surrealism,Crying woman,Pablo Picasso,1937,https://uploads3.wikiart.org/images/pablo-picasso/crying-woman-1937-2.jpg
Surrealism,Crying woman,Pablo Picasso,1937,https://uploads3.wikiart.org/images/pablo-picasso/crying-woman-1937-3.jpg
Surrealism,Dream and Lie of Franco,Pablo Picasso,1937,https://uploads3.wikiart.org/images/pablo-picasso/dream-and-lie-of-franco-1937.jpg
Surrealism,Dream and Lie of Franco,Pablo Picasso,1937,https://uploads5.wikiart.org/images/pablo-picasso/dream-and-lie-of-franco-1937-1.jpg
Surrealism,Great bather reading,Pablo Picasso,1937,https://uploads0.wikiart.org/images/pablo-picasso/great-bather-reading-1937.jpg
Surrealism,Head of crying woman,Pablo Picasso,1937,https://uploads4.wikiart.org/images/pablo-picasso/head-of-crying-woman.jpg
Surrealism,Leaning woman,Pablo Picasso,1937,https://uploads2.wikiart.org/images/pablo-picasso/leaning-woman-1937.jpg
Surrealism,Minotaur is wounded,Pablo Picasso,1937,https://uploads8.wikiart.org/images/pablo-picasso/minotaur-is-wounded-1937.jpg
Surrealism,Portrait of Dora Maar,Pablo Picasso,1937,https://uploads1.wikiart.org/images/pablo-picasso/portrait-of-dora-maar-1937.jpg
Surrealism,Portrait of Dora Maar,Pablo Picasso,1937,https://uploads3.wikiart.org/images/pablo-picasso/portrait-of-dora-maar-1937-1.jpg
Surrealism,Portrait of Dora Maar,Pablo Picasso,1937,https://uploads3.wikiart.org/images/pablo-picasso/portrait-of-dora-maar-1937-2.jpg
Surrealism,Portrait of Lee Miller as Arlesienne,Pablo Picasso,1937,https://uploads7.wikiart.org/images/pablo-picasso/portrait-of-lee-miller-as-arlesienne-1937.jpg
Surrealism,Portrait of Marie-Therese,Pablo Picasso,1937,https://uploads5.wikiart.org/images/pablo-picasso/portrait-of-marie-therese-1937.jpg
Surrealism,Portrait of Marie-Thérèse Walter,Pablo Picasso,1937,https://uploads3.wikiart.org/images/pablo-picasso/portrait-of-marie-thérèse-walter-1937.jpg
Surrealism,Portrait of Marie-Thérèse Walter,Pablo Picasso,1937,https://uploads5.wikiart.org/images/pablo-picasso/portrait-of-marie-thérèse-walter-1937-1.jpg
Surrealism,Portrait of Marie-Thérèse Walter with garland,Pablo Picasso,1937,https://uploads7.wikiart.org/images/pablo-picasso/portrait-of-marie-thérèse-walter-with-garland-1937.jpg
Surrealism,Portrait of Nusch Éluard,Pablo Picasso,1937,https://uploads4.wikiart.org/images/pablo-picasso/portrait-of-nusch-éluard-1937.jpg
Surrealism,Portrait of Paul Éluard,Pablo Picasso,1937,https://uploads3.wikiart.org/images/pablo-picasso/portrait-of-paul-éluard-1937.jpg
Surrealism,Seated Portrait of Marie-Therese Walter,Pablo Picasso,1937,https://uploads1.wikiart.org/images/pablo-picasso/seated-portrait-of-marie-therese-walter-1937.jpg
Surrealism,Still life with candle,Pablo Picasso,1937,https://uploads2.wikiart.org/images/pablo-picasso/still-life-with-candle-1937.jpg
Surrealism,Still life with candlestick,Pablo Picasso,1937,https://uploads7.wikiart.org/images/pablo-picasso/still-life-with-candlestick-1937.jpg
Surrealism,The Imploring,Pablo Picasso,1937,https://uploads2.wikiart.org/images/pablo-picasso/the-imploring-1937.jpg
Surrealism,Untitled,Pablo Picasso,1937,https://uploads6.wikiart.org/images/pablo-picasso/untitled-1937.jpg
Surrealism,Untitled,Pablo Picasso,1937,https://uploads8.wikiart.org/images/pablo-picasso/untitled-1937-1.jpg
Surrealism,Untitled,Pablo Picasso,1937,https://uploads8.wikiart.org/images/pablo-picasso/untitled-1937-5.jpg
Surrealism,Untitled,Pablo Picasso,1937,https://uploads8.wikiart.org/images/pablo-picasso/untitled-1937-6.jpg
Surrealism,Untitled,Pablo Picasso,1937,https://uploads8.wikiart.org/images/pablo-picasso/untitled-1937-7.jpg
Surrealism,Untitled,Pablo Picasso,1937,https://uploads8.wikiart.org/images/pablo-picasso/untitled-1937-9.jpg
Surrealism,Untitled,Pablo Picasso,1937,https://uploads0.wikiart.org/images/pablo-picasso/untitled-1937-10.jpg
Surrealism,Untitled,Pablo Picasso,1937,https://uploads0.wikiart.org/images/pablo-picasso/untitled-1937-11.jpg
Surrealism,Woman in beret and checked dress,Pablo Picasso,1937,https://uploads3.wikiart.org/images/pablo-picasso/woman-in-beret-and-checked-dress-1937.jpg
Surrealism,Aidez l'Espagne (Help Spain),Joan Miro,1937,https://uploads6.wikiart.org/images/joan-miro/aidez-l-espagne-help-spain.jpg
Surrealism,Self-Portrait,Joan Miro,1937,https://uploads8.wikiart.org/images/joan-miro/not_detected_227982.jpg
Surrealism,Self-Portrait I,Joan Miro,1937,https://uploads4.wikiart.org/images/joan-miro/self-portrait-i.jpg
Surrealism,Still Life with Old Shoe,Joan Miro,1937,https://uploads4.wikiart.org/images/joan-miro/still-life-with-old-shoe.jpg
Surrealism,Barbarians,Max Ernst,1937,https://uploads4.wikiart.org/images/max-ernst/barbarians-1937.jpg
Surrealism,Barbarians Marching to the West,Max Ernst,1937,https://uploads7.wikiart.org/images/max-ernst/barbarians-marching-to-the-west-1937.jpg
Surrealism,The Angel of Hearth and Home,Max Ernst,1937,https://uploads4.wikiart.org/images/max-ernst/the-angel-of-hearth-and-home-1937.jpg
Surrealism,The Angel of the home or the Triumph of Surrealism,Max Ernst,1937,https://uploads8.wikiart.org/images/max-ernst/the-angel-of-the-home-or-the-triumph-of-surrealism-1937.jpg
Surrealism,The Dream,Jean Arp,1937,https://uploads6.wikiart.org/images/jean-arp/the-dream.jpg
Surrealism,Birth of Venus,Paul Delvaux,1937,https://uploads2.wikiart.org/images/paul-delvaux/birth-of-venus-1937.jpg
Surrealism,Narrator,Paul Delvaux,1937,https://uploads5.wikiart.org/images/paul-delvaux/narrator-1937.jpg
Surrealism,Nodes Rose,Paul Delvaux,1937,https://uploads7.wikiart.org/images/paul-delvaux/nodes-rose-1937.jpg
Surrealism,The Joy of Life,Paul Delvaux,1937,https://uploads3.wikiart.org/images/paul-delvaux/the-joy-of-life-1937.jpg
Surrealism,Women-Trees,Paul Delvaux,1937,https://uploads8.wikiart.org/images/paul-delvaux/women-trees-1937.jpg
Surrealism,Children,Balthus,1937,https://uploads0.wikiart.org/images/balthus/children-1937.jpg
Surrealism,The mountain,Balthus,1937,https://uploads4.wikiart.org/images/balthus/the-mountain-1937.jpg
Surrealism,Echo Of A Scream,David Alfaro Siqueiros,1937,https://uploads5.wikiart.org/images/david-alfaro-siqueiros/echo-of-a-scream-1937.jpg
Surrealism,The pianotaure,Andre Masson,1937,https://uploads4.wikiart.org/images/andre-masson/no-name-1(2).jpg
Surrealism,Dark Forest,Andre Masson,1937,https://uploads4.wikiart.org/images/andre-masson/no-name-1(9).jpg
Surrealism,Returning from the execution,Andre Masson,1937,https://uploads1.wikiart.org/images/andre-masson/no-name-3.jpg
Surrealism,Trio,Victor Brauner,1937,https://uploads3.wikiart.org/images/victor-brauner/trio-1937.jpg
Surrealism,The Fiancée of the Night,Victor Brauner,1937,https://uploads5.wikiart.org/images/victor-brauner/the-fianc-e-of-the-night-1937.jpg
Surrealism,Antithesis,Victor Brauner,1937,https://uploads0.wikiart.org/images/victor-brauner/antithesis-1937.jpg
Surrealism,The Germ of the Night,Jacques Hérold,1937,https://uploads2.wikiart.org/images/jacques-h-rold/the-germ-of-the-night-1937.jpg
Surrealism,Fumage,Wolfgang Paalen,1937,https://uploads6.wikiart.org/images/wolfgang-paalen/fumage-1937.jpg
Surrealism,Study for Totem Landscape of My Childhood,Wolfgang Paalen,1937,https://uploads5.wikiart.org/images/wolfgang-paalen/study-for-totem-landscape-of-my-childhood-1937.jpg
Surrealism,Fata Alaska,Wolfgang Paalen,1937,https://uploads2.wikiart.org/images/wolfgang-paalen/fata-alaska-1937.jpg
Surrealism,Les etrangers,Wolfgang Paalen,1937,https://uploads4.wikiart.org/images/wolfgang-paalen/les-etrangers-1937.jpg
Surrealism,Morphology,Roberto Matta,1937,https://uploads8.wikiart.org/images/roberto-matta/morphology-1937.jpg
Surrealism,Snail's Trace,Roberto Matta,1937,https://uploads2.wikiart.org/images/roberto-matta/snail-s-trace-1937.jpg
Surrealism,Blue Composition,Roberto Matta,1937,https://uploads5.wikiart.org/images/roberto-matta/blue-composition-1937.jpg
Surrealism,Le combat de Penthésilée,Raoul Ubac,1937,https://uploads1.wikiart.org/images/raoul-ubac/le-combat-de-penth-sil-e-1937.jpg
Surrealism,Penthésilée,Raoul Ubac,1937,https://uploads6.wikiart.org/images/raoul-ubac/penth-sil-e-1937.jpg
Surrealism,Penthésilée IV,Raoul Ubac,1937,https://uploads0.wikiart.org/images/raoul-ubac/penth-sil-e-iv-1937.jpg
Surrealism,Tête du Mannequin d'Andre Masson,Raoul Ubac,1937,https://uploads0.wikiart.org/images/raoul-ubac/t-te-du-mannequin-d-andre-masson-1937.jpg
Surrealism,Forbidden Land,Wolfgang Paalen,1937,https://uploads5.wikiart.org/images/wolfgang-paalen/forbidden-land-1937.jpg
Surrealism,"Charis, Lake Ediza, California",Edward Weston,1937,https://uploads8.wikiart.org/images/edward-weston/charis-lake-ediza-california-1937.jpg
Surrealism,Tomato Field,Edward Weston,1937,https://uploads1.wikiart.org/images/edward-weston/tomato-field-1937.jpg
Surrealism,Pasiphae,Andre Masson,1937,https://uploads2.wikiart.org/images/andre-masson/pasiphae-2.jpg
Surrealism,Bullfighting,Andre Masson,1937,https://uploads4.wikiart.org/images/andre-masson/bullfighting.jpg
Surrealism,The bottom of the sea,Andre Masson,1937,https://uploads4.wikiart.org/images/andre-masson/the-bottom-of-the-sea.jpg
Surrealism,Peg-Top,Hans Bellmer,1937,https://uploads4.wikiart.org/images/hans-bellmer/peg-top-1937.jpg
Surrealism,The Machine-Gunneress in a State of Grace,Hans Bellmer,1937,https://uploads2.wikiart.org/images/hans-bellmer/the-machine-gunneress-in-a-state-of-grace-1937.jpg
Surrealism,Untitled,Jules Perahim,1937,https://uploads6.wikiart.org/images/jules-perahim/untitled-1937.jpg
Surrealism,Untitled,Jules Perahim,1937,https://uploads0.wikiart.org/images/jules-perahim/untitled-1937(1).jpg
Surrealism,The God of War,Jules Perahim,1937,https://uploads3.wikiart.org/images/jules-perahim/the-god-of-war-1937.jpg
Surrealism,Devil Fish,Alexander Calder,1937,https://uploads2.wikiart.org/images/alexander-calder/devil-fish-1937.jpg
Surrealism,Pavilion de l'elegance (Madeleine Vionnet),Wols,1937,https://uploads2.wikiart.org/images/wols/pavilion-de-l-elegance-madeleine-vionnet-1937.jpg
Surrealism,Asleep,Toyen,1937,https://uploads5.wikiart.org/images/toyen/asleep-1937.jpg
Surrealism,Horror,Toyen,1937,https://uploads5.wikiart.org/images/toyen/horror-1937.jpg
Surrealism,Objekt-fantom,Toyen,1937,https://uploads3.wikiart.org/images/toyen/objekt-fantom-1937.jpg
Surrealism,The Abandoned Burrow,Toyen,1937,https://uploads1.wikiart.org/images/toyen/the-abandoned-burrow-1937.jpg
Surrealism,The Sower,Eileen Agar,1937,https://uploads5.wikiart.org/images/eileen-agar/the-sower-1937.jpg
Surrealism,Head with House,Vajda Lajos,1937,https://uploads2.wikiart.org/images/vajda-lajos/head-with-house-1937.jpg
Surrealism,Houses at Szentendre with Crucifix,Vajda Lajos,1937,https://uploads3.wikiart.org/images/vajda-lajos/houses-at-szentendre-with-crucifix-1937.jpg
Surrealism,Kaninchen mit Kamm und Mundharmonika,Wols,1937,https://uploads7.wikiart.org/images/wols/kaninchen-mit-kamm-und-mundharmonika-1937.jpg
Surrealism,Untitled,Georges Hugnet,1937,https://uploads7.wikiart.org/images/georges-hugnet/untitled-1937.jpg
Surrealism,Madonna above the Gate,Vajda Lajos,1937,https://uploads0.wikiart.org/images/vajda-lajos/madonna-above-the-gate-1937.jpg
Surrealism,Oil-Lamp with Whistle,Vajda Lajos,1937,https://uploads8.wikiart.org/images/vajda-lajos/oil-lamp-with-whistle-1937.jpg
Surrealism,Village Motifs with Self-portrait,Vajda Lajos,1937,https://uploads2.wikiart.org/images/vajda-lajos/village-motifs-with-self-portrait-1937.jpg
Surrealism,"Moulin Rouge, Paris",Brassai,1937,https://uploads1.wikiart.org/images/brassai/moulin-rouge-paris-1937.jpg
Surrealism,"Rue de Rivoli, Sous le Pluie",Brassai,1937,https://uploads1.wikiart.org/images/brassai/rue-de-rivoli-sous-le-pluie-1937.jpg
Surrealism,"Modality Series, Spring Awakening 854A",Jock Macdonald,1937,https://uploads0.wikiart.org/images/jock-macdonald/modality-series-spring-awakening-854a-1937.jpg
Surrealism,Painted from Nature,Victor Brauner,1937,https://uploads0.wikiart.org/images/victor-brauner/painted-from-nature-1937.jpg
Surrealism,The Figure in Space,Enrico Prampolini,1937,https://uploads3.wikiart.org/images/enrico-prampolini/the-figure-in-space-1937.jpg
Surrealism,Untitled [MR141],Boris Margo,1937,https://uploads1.wikiart.org/images/boris-margo/untitled-mr141-1937.jpg
Surrealism,Souvenir of Fiumicino,Edward Wadsworth,1937,https://uploads4.wikiart.org/images/edward-wadsworth/souvenir-of-fiumicino-1937.jpg
Surrealism,Sussex Bypass,Edward Wadsworth,1937,https://uploads5.wikiart.org/images/edward-wadsworth/sussex-bypass-1937.jpg
Surrealism,The Beached Margin,Edward Wadsworth,1937,https://uploads1.wikiart.org/images/edward-wadsworth/the-beached-margin-1937.jpg
Surrealism,Deux femmes fantasques,Le Corbusier,1937,https://uploads1.wikiart.org/images/le-corbusier/deux-femmes-fantasques-1937.jpg
Surrealism,Deux musiciennes,Le Corbusier,1937,https://uploads4.wikiart.org/images/le-corbusier/deux-musiciennes-1937.jpg
Surrealism,Ecce Homo,Sven Jonson,1937,https://uploads8.wikiart.org/images/sven-jonson/ecce-homo-1937(5).jpg
Surrealism,Reliker,Sven Jonson,1937,https://uploads6.wikiart.org/images/sven-jonson/reliker-1937(5).jpg
Surrealism,Figura nello spazio I,Enrico Prampolini,1937,https://uploads5.wikiart.org/images/enrico-prampolini/figura-nello-spazio-i-1937.jpg
Surrealism,L'introuvable,Marcel Marien,1937,https://uploads2.wikiart.org/images/marcel-marien/l-introuvable-1937.jpg
Surrealism,Mirage oceanique,Serge Brignoni,1937,https://uploads6.wikiart.org/images/serge-brignoni/mirage-oceanique-1937.jpg
Surrealism,The Air,Joan Miro,1937,https://uploads1.wikiart.org/images/joan-miro/the-air-1937.jpg
Surrealism,Shahname,Ali Akbar Sadeghi,XX cent.,https://uploads1.wikiart.org/00109/images/ali-akbar-sadeghi/as-cls-22-v01-low.jpg
Surrealism,Coalition,Ali Akbar Sadeghi,XX cent.,https://uploads2.wikiart.org/00109/images/ali-akbar-sadeghi/coalition.jpg
Surrealism,The Rook,Ali Akbar Sadeghi,XX cent.,https://uploads4.wikiart.org/00109/images/ali-akbar-sadeghi/as-flm-01-05-v01-low.jpg
Surrealism,Guernica,Pablo Picasso,1937,https://uploads8.wikiart.org/00139/images/pablo-picasso/guernica-by-pablo-picasso.jpg
Surrealism,Naked Woman Climbing a Staircase,Joan Miro,1937,https://uploads1.wikiart.org/00125/images/joan-miro/naked-woman-climbing-a-staircase.jpg
Surrealism,Sleep,Salvador Dali,1937,https://uploads7.wikiart.org/00161/images/salvador-dali/000.jpg
Surrealism,BIG BIRD,Alexander Calder,1937,https://uploads5.wikiart.org/00209/images/alexander-calder/big-bird-1937.jpg
Surrealism,Two naked women on the beach,Pablo Picasso,1937,https://uploads5.wikiart.org/00235/images/pablo-picasso/2204.jpg
Surrealism,Portrait of Marie-Thérèse in a Red Beret,Pablo Picasso,1937,https://uploads6.wikiart.org/00245/images/pablo-picasso/1728.jpg
Surrealism,The Giant. Paul Nougé (poet and founder of surrealism in Belgium) on the Belgian Coast,Rene Magritte,1937,https://uploads3.wikiart.org/00280/images/rene-magritte/the-giant-le-g-ant-1937-paul-noug-poet-and-founder-of-surrealism-in-belgium-on-the-belgian-coast.jpg
Surrealism,"November 14, 1937",Grace Pailthorpe,1937,https://uploads3.wikiart.org/00280/images/grace-pailthorpe/november-14-1937-1937.jpg
Surrealism,March 7 1937 4 (Sandbumptious),Grace Pailthorpe,1937,https://uploads6.wikiart.org/00280/images/grace-pailthorpe/march-7-1937-4-sandbumptious-1937.jpg
Surrealism,Trial Proof for Rejected,Valentine Hugo,1937,https://uploads0.wikiart.org/00281/images/valentine-hugo/trial-proof-for-rejected-1937.jpg
Surrealism,Aviation: Evolution of Forms under Aerodynamic Limitations,Arshile Gorky,1937,https://uploads2.wikiart.org/00286/images/arshile-gorky/469d48130b1460723c524bf8f7f24bff.jpg
Surrealism,Solarization,Maurice Tabard,1937,https://uploads7.wikiart.org/00302/images/maurice-tabard/solarization-1937.jpg
Surrealism,The Ghost of the Civil War (Pilgrim),František Hudeček,1937,https://uploads5.wikiart.org/00320/images/frantisek-hudecek/stra-idlo-ob-ansk-v-lky-poutn-k-1937.jpeg!PinterestSmall.jpeg
Surrealism,Four Inhabitants of Mexico,Frida Kahlo,1938,https://uploads7.wikiart.org/images/magdalena-carmen-frieda-kahlo-y-calderón-de-rivera/four-inhabitants-of-mexico-1938.jpg
Surrealism,What the Water Gave Me,Frida Kahlo,1938,https://uploads3.wikiart.org/images/magdalena-carmen-frieda-kahlo-y-calderón-de-rivera/what-the-water-gave-me-1938.jpg
Surrealism,Tomorrow,Yves Tanguy,1938,https://uploads4.wikiart.org/images/yves-tanguy/tomorrow-1938.jpg
Surrealism,A swarming,Paul Klee,1938,https://uploads7.wikiart.org/images/paul-klee/a-swarming-1938(1).jpg
Surrealism,Park of idols,Paul Klee,1938,https://uploads1.wikiart.org/images/paul-klee/park-of-idols-1938(1).jpg
Surrealism,A red horse,Marc Chagall,1938,https://uploads8.wikiart.org/images/marc-chagall/a-red-horse-1938.jpg
Surrealism,La Fortune,Man Ray,1938,https://uploads6.wikiart.org/images/man-ray/la-fortune.jpg
Surrealism,Pisces,Man Ray,1938,https://uploads2.wikiart.org/images/man-ray/pisces.jpg
Surrealism,The domain of Arnheim,Rene Magritte,1938,https://uploads3.wikiart.org/images/rene-magritte/not_detected_211404.jpg
Surrealism,"Project of poster ""The center of textile workers in Belgium (celebration on 18th september)""",Rene Magritte,1938,https://uploads8.wikiart.org/images/rene-magritte/project-of-poster-the-center-of-textile-workers-in-belgium-celebration-on-18th-september-1938(1).jpg
Surrealism,"Project of poster ""The center of textile workers in Belgium (to reduce working hours)""",Rene Magritte,1938,https://uploads2.wikiart.org/images/rene-magritte/project-of-poster-the-center-of-textile-workers-in-belgium-to-reduce-working-hours-1938(1).jpg
Surrealism,"Project of poster ""The center of textile workers in Belgium""",Rene Magritte,1938,https://uploads5.wikiart.org/images/rene-magritte/project-of-poster-the-center-of-textile-workers-in-belgium-1938(1).jpg
Surrealism,"Project of poster ""The center of textile workers in Belgium""",Rene Magritte,1938,https://uploads7.wikiart.org/images/rene-magritte/project-of-poster-the-center-of-textile-workers-in-belgium-1938-1(1).jpg
Surrealism,"Project of poster ""The center of textile workers in Belgium""",Rene Magritte,1938,https://uploads7.wikiart.org/images/rene-magritte/project-of-poster-the-center-of-textile-workers-in-belgium-1938-2(1).jpg
Surrealism,The beyond,Rene Magritte,1938,https://uploads2.wikiart.org/images/rene-magritte/the-beyond-1938(1).jpg
Surrealism,The domain of Arnheim,Rene Magritte,1938,https://uploads4.wikiart.org/images/rene-magritte/the-domain-of-arnheim-1938(1).jpg
Surrealism,Time transfixed,Rene Magritte,1938,https://uploads7.wikiart.org/images/rene-magritte/time-transfixed-1938(1).jpg
Surrealism,Apparition of Face and Fruit Dish on a Beach,Salvador Dali,1938,https://uploads1.wikiart.org/images/salvador-dali/apparition-of-face-and-fruit-dish-on-a-beach.jpg
Surrealism,Debris of an Automobile Giving Birth to a Blind Horse Biting a Telephone,Salvador Dali,1938,https://uploads2.wikiart.org/images/salvador-dali/debris-of-an-automobile-giving-birth-to-a-blind-horse-biting-a-telephone.jpg
Surrealism,Enchanted Beach with Three Fluid Graces,Salvador Dali,1938,https://uploads5.wikiart.org/images/salvador-dali/enchanted-beach-with-three-fluid-graces.jpg
Surrealism,Imperial Violets,Salvador Dali,1938,https://uploads5.wikiart.org/images/salvador-dali/imperial-violets-1938.jpg
Surrealism,Impression of Africa,Salvador Dali,1938,https://uploads0.wikiart.org/images/salvador-dali/impression-of-africa-1938.jpg
Surrealism,Invisible Afghan with the Apparition on the Beach of the Face of Garcia Lorca in the Form of a Fruit Dish with Three Figs,Salvador Dali,1938,https://uploads6.wikiart.org/images/salvador-dali/invisible-afghan-with-the-apparition-on-the-beach-of-the-face-of-garcia-lorca-in-the-form-of-a.jpg
Surrealism,Landscape with Telephones on a Plate,Salvador Dali,1938,https://uploads2.wikiart.org/images/salvador-dali/landscape-with-telephones-on-a-plate.jpg
Surrealism,Lobster Telephone,Salvador Dali,1938,https://uploads6.wikiart.org/images/salvador-dali/lobster-telephone-1938.jpg
Surrealism,Lobster Telephone,Salvador Dali,1938,https://uploads0.wikiart.org/00333/images/salvador-dali/centro-cultural-de-bel-m-1.jpg
Surrealism,Mountain Lake,Salvador Dali,1938,https://uploads6.wikiart.org/images/salvador-dali/mountain-lake.jpg
Surrealism,"Drawing For ""Bacchanale"": Ludwig II Of Bavaria",Salvador Dali,1938,https://uploads3.wikiart.org/images/salvador-dali/not_detected_221205.jpg
Surrealism,Palladio's Corridor of Dramatic Surprise,Salvador Dali,1938,https://uploads2.wikiart.org/images/salvador-dali/palladio-s-corridor-of-dramatic-surprise-1938.jpg
Surrealism,Palladio's Thalia Corridoe,Salvador Dali,1938,https://uploads1.wikiart.org/images/salvador-dali/palladio-s-thalia-corridoe.jpg
Surrealism,Spain,Salvador Dali,1938,https://uploads3.wikiart.org/images/salvador-dali/spain-1938.jpg
Surrealism,The Alert,Salvador Dali,1938,https://uploads2.wikiart.org/images/salvador-dali/the-alert.jpg
Surrealism,The Enchanted Beach,Salvador Dali,1938,https://uploads3.wikiart.org/images/salvador-dali/the-enchanted-beach.jpg
Surrealism,The Endless Enigma,Salvador Dali,1938,https://uploads2.wikiart.org/images/salvador-dali/the-endless-enigma.jpg
Surrealism,The Enigma of Hitler,Salvador Dali,1938,https://uploads4.wikiart.org/images/salvador-dali/the-enigma-of-hitler.jpg
Surrealism,The Sublime Moment,Salvador Dali,1938,https://uploads2.wikiart.org/images/salvador-dali/the-sublime-moment.jpg
Surrealism,The Transparent Simulacrum of the Feigned Image,Salvador Dali,1938,https://uploads4.wikiart.org/images/salvador-dali/the-transparent-simulacrum-of-the-feigned-image.jpg
Surrealism,"Candle, palette, head of red bull",Pablo Picasso,1938,https://uploads2.wikiart.org/images/pablo-picasso/candle-palette-head-of-red-bull-1938.jpg
Surrealism,"Candle, palette, head of red bull",Pablo Picasso,1938,https://uploads4.wikiart.org/images/pablo-picasso/candle-palette-head-of-red-bull-1938-1.jpg
Surrealism,Faun's head,Pablo Picasso,1938,https://uploads0.wikiart.org/images/pablo-picasso/faun-s-head-1938.jpg
Surrealism,Head,Pablo Picasso,1938,https://uploads8.wikiart.org/images/pablo-picasso/head-1.jpg
Surrealism,Man with a straw hat and an ice-cream,Pablo Picasso,1938,https://uploads8.wikiart.org/images/pablo-picasso/man-with-a-straw-hat-and-an-ice-cream-1938.jpg
Surrealism,Man with ice-cream cone,Pablo Picasso,1938,https://uploads3.wikiart.org/images/pablo-picasso/man-with-ice-cream-cone-1938.jpg
Surrealism,Man with straw hat,Pablo Picasso,1938,https://uploads7.wikiart.org/images/pablo-picasso/man-with-straw-hat-1938.jpg
Surrealism,Maya with boat,Pablo Picasso,1938,https://uploads3.wikiart.org/images/pablo-picasso/maya-with-boat-1938.jpg
Surrealism,Mother and child (Marie-Therese and Maya),Pablo Picasso,1938,https://uploads1.wikiart.org/images/pablo-picasso/mother-and-child-marie-therese-and-maya-1938.jpg
Surrealism,Portrait of Maya with her doll,Pablo Picasso,1938,https://uploads1.wikiart.org/images/pablo-picasso/portrait-of-maya-with-her-doll-1938.jpg
Surrealism,Seated woman in garden,Pablo Picasso,1938,https://uploads2.wikiart.org/images/pablo-picasso/seated-woman-in-garden-1938.jpg
Surrealism,"Still life with a bull's head, book and candle range",Pablo Picasso,1938,https://uploads4.wikiart.org/images/pablo-picasso/still-life-with-a-bull-s-head-book-and-candle-range-1938.jpg
Surrealism,The sailor,Pablo Picasso,1938,https://uploads8.wikiart.org/images/pablo-picasso/the-sailor-1938.jpg
Surrealism,Untitled,Pablo Picasso,1938,https://uploads6.wikiart.org/images/pablo-picasso/untitled-1938.jpg
Surrealism,Untitled,Pablo Picasso,1938,https://uploads8.wikiart.org/images/pablo-picasso/untitled-1938-1.jpg
Surrealism,Untitled,Pablo Picasso,1938,https://uploads8.wikiart.org/images/pablo-picasso/untitled-1938-3.jpg
Surrealism,Untitled,Pablo Picasso,1938,https://uploads8.wikiart.org/images/pablo-picasso/untitled-1938-4.jpg
Surrealism,Woman sitting in an armchair,Pablo Picasso,1938,https://uploads8.wikiart.org/images/pablo-picasso/woman-sitting-in-an-armchair-1938.jpg
Surrealism,Woman with cockerel,Pablo Picasso,1938,https://uploads8.wikiart.org/images/pablo-picasso/woman-with-cockerel-1938.jpg
Surrealism,Woman with straw hat on flowery background,Pablo Picasso,1938,https://uploads4.wikiart.org/images/pablo-picasso/woman-with-straw-hat-on-flowery-background-1938.jpg
Surrealism,Women at their toilette,Pablo Picasso,1938,https://uploads3.wikiart.org/images/pablo-picasso/women-at-their-toilette-1938.jpg
Surrealism,A Star Caresses the Breasts of a Negro Woman,Joan Miro,1938,https://uploads6.wikiart.org/images/joan-miro/a-star-caresses-the-breasts-of-a-negro-woman.jpg
Surrealism,Portrait II,Joan Miro,1938,https://uploads0.wikiart.org/images/joan-miro/portrait-ii.jpg
Surrealism,Seated Woman II,Joan Miro,1938,https://uploads4.wikiart.org/images/joan-miro/seated-woman-ii.jpg
Surrealism,Constellations,Jean Arp,1938,https://uploads2.wikiart.org/images/jean-arp/constellations.jpg
Surrealism,Growth,Jean Arp,1938,https://uploads3.wikiart.org/images/jean-arp/growth.jpg
Surrealism,Night Visit,Paul Delvaux,1938,https://uploads8.wikiart.org/images/paul-delvaux/night-visit-1938.jpg
Surrealism,Nymphs Bathing,Paul Delvaux,1938,https://uploads2.wikiart.org/images/paul-delvaux/nymphs-bathing-1938.jpg
Surrealism,The Sleeping Town,Paul Delvaux,1938,https://uploads3.wikiart.org/images/paul-delvaux/the-sleepy-town-1938.jpg
Surrealism,The Summer,Paul Delvaux,1938,https://uploads7.wikiart.org/images/paul-delvaux/the-summer-1938.jpg
Surrealism,The Metamorphosis of the Lovers,Andre Masson,1938,https://uploads4.wikiart.org/images/andre-masson/no-name-1(5).jpg
Surrealism,The painter and the time,Andre Masson,1938,https://uploads7.wikiart.org/images/andre-masson/the-painter-and-the-time.jpg
Surrealism,Eyes on the table,Remedios Varo,1938,https://uploads6.wikiart.org/images/remedios-varo/eyes-on-the-table-1938.jpg
Surrealism,Pretty Blonde,Jacques Hérold,1938,https://uploads3.wikiart.org/images/jacques-h-rold/pretty-blonde-1938.jpg
Surrealism,The Crystal House,Jacques Hérold,1938,https://uploads7.wikiart.org/images/jacques-h-rold/the-crystal-house-1938.jpg
Surrealism,Genius of the Species,Wolfgang Paalen,1938,https://uploads3.wikiart.org/images/wolfgang-paalen/genius-of-the-species-1938.jpg
Surrealism,Taches solaires,Wolfgang Paalen,1938,https://uploads6.wikiart.org/images/wolfgang-paalen/taches-solaires-1938.jpg
Surrealism,Ciel de pieuvre,Wolfgang Paalen,1938,https://uploads6.wikiart.org/images/wolfgang-paalen/ciel-de-pieuvre-1938.jpg
Surrealism,Untitled (Smoking-Inking),Wolfgang Paalen,1938,https://uploads5.wikiart.org/images/wolfgang-paalen/untitled-fumage-encrage-1938.jpg
Surrealism,Glande fiction,Roberto Matta,1938,https://uploads3.wikiart.org/images/roberto-matta/glande-fiction-1938.jpg
Surrealism,Space Travel (Star Travel),Roberto Matta,1938,https://uploads4.wikiart.org/images/roberto-matta/space-travel-star-travel-1938.jpg
Surrealism,Le Conciliabule,Raoul Ubac,1938,https://uploads1.wikiart.org/images/raoul-ubac/le-conciliabule-1938.jpg
Surrealism,Maquette pour un mur (Model for a Wall),Raoul Ubac,1938,https://uploads5.wikiart.org/images/raoul-ubac/maquette-pour-un-mur-model-for-a-wall-1938.jpg
Surrealism,The Doll (Second Series),Hans Bellmer,1937-1938,https://uploads1.wikiart.org/images/hans-bellmer/the-doll-second-series-1938.jpg
Surrealism,Penthesilee,Raoul Ubac,1938,https://uploads6.wikiart.org/images/raoul-ubac/penthesilee-1938.jpg
Surrealism,La guillotine,Oscar Dominguez,1938,https://uploads4.wikiart.org/images/oscar-dominguez/la-guillotine-1938.jpg
Surrealism,Woman Panther,Georges Hugnet,1938,https://uploads3.wikiart.org/images/georges-hugnet/woman-panther-1938.jpg
Surrealism,Prince Albert,Frederick Sommer,1938,https://uploads5.wikiart.org/images/frederick-sommer/prince-albert-1938.jpg
Surrealism,The Reaper,Eileen Agar,1938,https://uploads6.wikiart.org/images/eileen-agar/the-reaper-1938.jpg
Surrealism,Magic Lanterns,Conroy Maddox,1938,https://uploads3.wikiart.org/images/conroy-maddox/magic-lanterns-1938.jpg
Surrealism,Striped trousers,Conroy Maddox,1938,https://uploads5.wikiart.org/images/conroy-maddox/striped-trousers-1938.jpg
Surrealism,Ancestral Nature,Vajda Lajos,1938,https://uploads3.wikiart.org/images/vajda-lajos/ancestral-nature-1938.jpg
Surrealism,Fire-Eye,Vajda Lajos,1938,https://uploads4.wikiart.org/images/vajda-lajos/fire-eye-1938.jpg
Surrealism,Green Semicircle with Orange,Vajda Lajos,1938,https://uploads6.wikiart.org/images/vajda-lajos/green-semicircle-with-orange-1938.jpg
Surrealism,Mask with Moon,Vajda Lajos,1938,https://uploads1.wikiart.org/images/vajda-lajos/mask-with-moon-1938.jpg
Surrealism,Winged Creature on Silvery Ground,Vajda Lajos,1938,https://uploads2.wikiart.org/images/vajda-lajos/winged-creature-on-silvery-ground-1938.jpg
Surrealism,Huge Landscape Mask,Vajda Lajos,1938,https://uploads6.wikiart.org/images/vajda-lajos/huge-landscape-mask-1938.jpg
Surrealism,Leg and Hand,Vajda Lajos,1938,https://uploads8.wikiart.org/images/vajda-lajos/leg-and-hand-1938.jpg
Surrealism,Monster's Head,Vajda Lajos,1938,https://uploads1.wikiart.org/images/vajda-lajos/monster-s-head-1938.jpg
Surrealism,Le Chat du Fleuriste,Brassai,1938,https://uploads3.wikiart.org/images/brassai/le-chat-du-fleuriste-1938.jpg
Surrealism,Untitled,Kansuke Yamamoto,1938,https://uploads0.wikiart.org/images/kansuke-yamamoto/untitled-1938.jpg
Surrealism,Le Enchanter,Felix Labisse,1938,https://uploads1.wikiart.org/images/felix-labisse/le-enchanter-1938.jpg
Surrealism,The Meal of Lord Candlestick,Leonora Carrington,1938,https://uploads4.wikiart.org/images/leonora-carrington/the-meal-of-lord-candlestick-1938.jpg
Surrealism,Gemini,Victor Brauner,1938,https://uploads5.wikiart.org/images/victor-brauner/gemini-1938.jpg
Surrealism,Enchanted Beach,Boris Margo,1938,https://uploads2.wikiart.org/images/boris-margo/enchanted-beach-1938.jpg
Surrealism,Untitled [MR196],Boris Margo,1938,https://uploads1.wikiart.org/images/boris-margo/untitled-mr196-1938.jpg
Surrealism,Departure,Edward Wadsworth,1938,https://uploads4.wikiart.org/images/edward-wadsworth/departure-1938(1).jpg
Surrealism,"The First of the Ebb, the Sailor and the Sea",Edward Wadsworth,1938,https://uploads8.wikiart.org/images/edward-wadsworth/the-first-of-the-ebb-the-sailor-and-the-sea-1938.jpg
Surrealism,Hamlet,Angel Planells,1938,https://uploads8.wikiart.org/images/angel-planells/hamlet-1938(1).jpg
Surrealism,Portrait IV,Joan Miro,1938,https://uploads5.wikiart.org/images/joan-miro/portrait-iv-1938.jpg
Surrealism,Nattligt Tema,Sven Jonson,1938,https://uploads3.wikiart.org/images/sven-jonson/nattligt-tema-1938(5).jpg
Surrealism,Portalerna,Sven Jonson,1938,https://uploads0.wikiart.org/images/sven-jonson/portalerna-1938(5).jpg
Surrealism,Still Life - Dry Cactus,Adolph Gottlieb,1938,https://uploads3.wikiart.org/images/adolph-gottlieb/still-life-dry-cactus-1938.jpg
Surrealism,Abendlied,Franz Sedlacek,1938,https://uploads6.wikiart.org/00155/images/franz-sedlacek/48-777-873.jpeg!PinterestSmall.jpeg
Surrealism,The Souls of the Mountain,Remedios Varo,1938,https://uploads1.wikiart.org/00158/images/remedios-varo/the-souls-of-the-mountain.jpg
Surrealism,Auferstehung Des Fleisches,Franz Sedlacek,1938,https://uploads0.wikiart.org/00167/images/franz-sedlacek/auferstehung-des-fleisches-1938.jpg
Surrealism,APPLE MONSTER,Alexander Calder,1938,https://uploads2.wikiart.org/00209/images/alexander-calder/apple-monster-1938.jpeg!PinterestSmall.jpeg
Surrealism,Lit pour pommes,Endre Rozsda,1938,https://uploads6.wikiart.org/00231/images/endre-rozsda/endre-rozsda-lit-pour-pommes-1939.jpg
Surrealism,Landscape from a Dream,Paul Nash,1936-1938,https://uploads6.wikiart.org/00236/images/paul-nash/n05667-10.jpg
Surrealism,Circle of the Monoliths,Paul Nash,1937-1938,https://uploads6.wikiart.org/00269/images/paul-nash/circle-of-the-monoliths-1937-38-1.jpg
Surrealism,Nocturnal Landscape,Paul Nash,1938,https://uploads8.wikiart.org/00269/images/paul-nash/nocturnal-landscape-1938-1.jpg
Surrealism,Druid Landscape,Paul Nash,1938,https://uploads4.wikiart.org/00269/images/paul-nash/druid-landscape-1938-1.jpg
Surrealism,Nostalgic Landscape,Paul Nash,1923-1938,https://uploads7.wikiart.org/00269/images/paul-nash/nostalgic-landscape-23-38.jpg
Surrealism,Circle of the Monoliths,Paul Nash,1937-1938,https://uploads2.wikiart.org/00269/images/paul-nash/circle-of-the-monoliths-37-38.jpg
Surrealism,"December 4th, 1938",Grace Pailthorpe,1938,https://uploads4.wikiart.org/00280/images/grace-pailthorpe/december-4th-1938-1938.jpg
Surrealism,Untitled,Grace Pailthorpe,1938,https://uploads1.wikiart.org/00280/images/grace-pailthorpe/untitled-circa-1938.jpg
Surrealism,Exquisite Corpse,Yves Tanguy,1938,https://uploads1.wikiart.org/00280/images/yves-tanguy/cadavre-exquis-exquisite-corpse-2.jpg
Surrealism,Self-Portrait (Inn of the Dawn Horse),Leonora Carrington,1937-1938,https://uploads0.wikiart.org/00281/images/leonora-carrington/the-inn-of-the-dawn-horse.jpg
Surrealism,Vegetal Puppets,Remedios Varo,1938,https://uploads8.wikiart.org/00281/images/remedios-varo/vegetal-puppets-1938.jpg
Surrealism,Stone Woman,Meret Oppenheim,1938,https://uploads8.wikiart.org/00281/images/meret-oppenheim/steinfrau.jpg
Surrealism,Paysage Surréaliste,Valentine Hugo,1938,https://uploads4.wikiart.org/00281/images/valentine-hugo/paysage-surr-aliste-1938.jpg
Surrealism,Aphrodisiac Telephone,Salvador Dali,1938,https://uploads2.wikiart.org/00301/images/salvador-dali/5033.jpg
Surrealism,Rainy Taxi (Mannequin Rotting in a Taxi-Cab),Salvador Dali,1938,https://uploads1.wikiart.org/00301/images/salvador-dali/1-1.jpg
Surrealism,Figura Recumbente,Henry Moore,1938,https://uploads0.wikiart.org/00309/images/henry-moore/figura-recumbente-1938.jpg
Surrealism,Departure On Kyther,František Hudeček,1938,https://uploads0.wikiart.org/00320/images/frantisek-hudecek/odjezd-na-kytheru-1938.jpeg!PinterestSmall.jpeg
Surrealism,Annoying Afternoon,František Hudeček,1938,https://uploads6.wikiart.org/00320/images/frantisek-hudecek/t-iv-odpoledne-1938.jpeg!PinterestSmall.jpeg
Surrealism,Crucified,František Hudeček,1938,https://uploads0.wikiart.org/00320/images/frantisek-hudecek/uk-i-ovan-1936.jpg
Surrealism,Composition (Cadavre exquis with Yves Tanguy and André Breton),Jacqueline Lamba,1938,https://uploads6.wikiart.org/00333/images/jacqueline-lamba/composition-cadavre-exquis-with-yves-tanguy-and-andre-breton-1938.jpg
Surrealism,Cadavre exquis (with Yves Tanguy and André Breton),Jacqueline Lamba,1938,https://uploads3.wikiart.org/00333/images/jacqueline-lamba/cadavre-exquis-with-yves-tanguy-and-andre-breton-1938.jpg
Surrealism,Aphrodisiac Telephone (Lobster Phone),Salvador Dali,1936-1938,https://uploads8.wikiart.org/00333/images/salvador-dali/dali-museum-st-petersburg.jpg
Surrealism,Aphrodisiac Telephone,Salvador Dali,1936-1938,https://uploads2.wikiart.org/00333/images/salvador-dali/espace-dali-ajp4051.jpg
Surrealism,White Aphrodisiac Telephone,Salvador Dali,1936-1938,https://uploads7.wikiart.org/00333/images/salvador-dali/johannesburg-art-gallery.jpg
Surrealism,Lobster Telephone,Salvador Dali,1936-1938,https://uploads4.wikiart.org/00333/images/salvador-dali/scottish-national-gallery-of-modern-art.jpg
Surrealism,Lobster Telephone,Salvador Dali,1936-1938,https://uploads0.wikiart.org/00333/images/salvador-dali/west-dean-college.jpg
Surrealism,1200 Bags of Coal (installation view at “International Exhibition of Surrealism”),Marcel Duchamp,1938,https://uploads3.wikiart.org/00336/images/marcel-duchamp/1.jpg
Surrealism,Blue bird pumpkin,Paul Klee,1939,https://uploads7.wikiart.org/images/paul-klee/apparatus-for-the-magnetic-treatment-of-plants-1908(1).jpg
Surrealism,Error on green,Paul Klee,1939,https://uploads2.wikiart.org/images/paul-klee/error-on-green-1939(1).jpg
Surrealism,Error on green,Paul Klee,1939,https://uploads7.wikiart.org/images/paul-klee/in-the-box-1908(1).jpg
Surrealism,Love Song by the New Moon,Paul Klee,1939,https://uploads4.wikiart.org/images/paul-klee/love-song-by-the-new-moon-1939(1).jpg
Surrealism,KOP,Paul Klee,1939,https://uploads7.wikiart.org/images/paul-klee/phenix(1).jpg
Surrealism,Midsummer Night's Dream,Marc Chagall,1939,https://uploads2.wikiart.org/images/marc-chagall/midsummer-night-s-dream-1939.jpg
Surrealism,Delft,M.C. Escher,1939,https://uploads4.wikiart.org/images/m-c-escher/delft.jpg
Surrealism,Delft: Nieuwe Kerk,M.C. Escher,1939,https://uploads0.wikiart.org/images/m-c-escher/not_detected_204720.jpg
Surrealism,The glass house,Rene Magritte,1939,https://uploads7.wikiart.org/images/rene-magritte/the-glass-house-1939(1).jpg
Surrealism,The Ladder Of Fire,Rene Magritte,1939,https://uploads1.wikiart.org/images/rene-magritte/the-ladder-of-fire-1939(1).jpg
Surrealism,The marches of summer,Rene Magritte,1939,https://uploads4.wikiart.org/images/rene-magritte/the-marches-of-summer-1939(1).jpg
Surrealism,The present,Rene Magritte,1939,https://uploads3.wikiart.org/images/rene-magritte/the-present-1939(1).jpg
Surrealism,The victory,Rene Magritte,1939,https://uploads3.wikiart.org/images/rene-magritte/the-victory-1939(1).jpg
Surrealism,Actress Betty Stockfeld Is Metamorphosed into a Nurse,Salvador Dali,1939,https://uploads1.wikiart.org/images/salvador-dali/actress-betty-stockfeld-is-metamorphosed-into-a-nurse.jpg
Surrealism,Baby Map of the World,Salvador Dali,1939,https://uploads5.wikiart.org/images/salvador-dali/baby-map-of-the-world.jpg
Surrealism,Ballerina in a Death's Head,Salvador Dali,1939,https://uploads2.wikiart.org/images/salvador-dali/ballerina-in-a-death-s-head.jpg
Surrealism,Bulgarian Child Eating a Rat,Salvador Dali,1939,https://uploads3.wikiart.org/images/salvador-dali/bulgarian-child-eating-a-rat.jpg
Surrealism,Mad Tristan,Salvador Dali,1939,https://uploads4.wikiart.org/images/salvador-dali/mad-tristan.jpg
Surrealism,Metamorphosis of the Five Allegories of Giovanni Bellini,Salvador Dali,1939,https://uploads4.wikiart.org/images/salvador-dali/metamorphosis-of-the-five-allegories-of-giovanni-bellini.jpg
Surrealism,Philosopher Illuminated by the Light of the Moon and the Setting Sun,Salvador Dali,1939,https://uploads7.wikiart.org/images/salvador-dali/philosopher-illuminated-by-the-light-of-the-moon-and-the-setting-sun.jpg
Surrealism,Psychoanalysis and Morphology Meet,Salvador Dali,1939,https://uploads0.wikiart.org/images/salvador-dali/psychoanalysis-and-morphology-meet.jpg
Surrealism,Set for 'Bacchanale',Salvador Dali,1939,https://uploads2.wikiart.org/images/salvador-dali/set-for-bacchanale.jpg
Surrealism,Shirley Temple,Salvador Dali,1939,https://uploads7.wikiart.org/images/salvador-dali/shirley-temple.jpg
Surrealism,The Dream of Venus,Salvador Dali,1939,https://uploads2.wikiart.org/images/salvador-dali/the-dream-of-venus.jpg
Surrealism,Untitled - Figure (unfinished),Salvador Dali,1939,https://uploads1.wikiart.org/images/salvador-dali/untitled-figure-unfinished.jpg
Surrealism,Bust of woman,Pablo Picasso,1939,https://uploads2.wikiart.org/images/pablo-picasso/bust-of-woman-1939.jpg
Surrealism,Cat catching a bird,Pablo Picasso,1939,https://uploads8.wikiart.org/images/pablo-picasso/cat-catching-a-bird-1939.jpg
Surrealism,Cat eating a bird,Pablo Picasso,1939,https://uploads6.wikiart.org/images/pablo-picasso/cat-eating-a-bird-1939.jpg
Surrealism,Contemplating people,Pablo Picasso,1939,https://uploads0.wikiart.org/images/pablo-picasso/contemplating-people-1939.jpg
Surrealism,Dora Maar,Pablo Picasso,1939,https://uploads7.wikiart.org/images/pablo-picasso/dora-maar-1939.jpg
Surrealism,Head of a woman,Pablo Picasso,1939,https://uploads4.wikiart.org/images/pablo-picasso/head-of-a-woman-1939.jpg
Surrealism,Marie-Therese leaning,Pablo Picasso,1939,https://uploads1.wikiart.org/images/pablo-picasso/marie-therese-leaning-1939.jpg
Surrealism,Night fishing at Antibes,Pablo Picasso,1939,https://uploads4.wikiart.org/images/pablo-picasso/night-fishing-at-antibes-1939.jpg
Surrealism,Portrait of Jaime Sabartes as Grandee,Pablo Picasso,1939,https://uploads8.wikiart.org/images/pablo-picasso/portrait-of-jaime-sabartes-as-grandee-1939.jpg
Surrealism,Seated woman,Pablo Picasso,1939,https://uploads1.wikiart.org/images/pablo-picasso/seated-woman-1939.jpg
Surrealism,Seated woman with blue and red hat,Pablo Picasso,1939,https://uploads5.wikiart.org/images/pablo-picasso/seated-woman-with-blue-and-red-hat-1939.jpg
Surrealism,The yellow shirt (Dora Maar),Pablo Picasso,1939,https://uploads6.wikiart.org/images/pablo-picasso/the-yellow-shirt-dora-maar-1939.jpg
Surrealism,Untitled,Pablo Picasso,1939,https://uploads6.wikiart.org/images/pablo-picasso/untitled-1939.jpg
Surrealism,Untitled,Pablo Picasso,1939,https://uploads8.wikiart.org/images/pablo-picasso/untitled-1939-2.jpg
Surrealism,Untitled,Pablo Picasso,1939,https://uploads8.wikiart.org/images/pablo-picasso/untitled-1939-4.jpg
Surrealism,Untitled,Pablo Picasso,1939,https://uploads8.wikiart.org/images/pablo-picasso/untitled-1939-6.jpg
Surrealism,Untitled,Pablo Picasso,1939,https://uploads8.wikiart.org/images/pablo-picasso/untitled-1939-7.jpg
Surrealism,Untitled,Pablo Picasso,1939,https://uploads8.wikiart.org/images/pablo-picasso/untitled-1939-8.jpg
Surrealism,Woman sitting in an armchair,Pablo Picasso,1939,https://uploads8.wikiart.org/images/pablo-picasso/woman-sitting-in-an-armchair-1939.jpg
Surrealism,Woman sitting in red armchair,Pablo Picasso,1939,https://uploads0.wikiart.org/images/pablo-picasso/woman-sitting-in-red-armchair-1939.jpg
Surrealism,Woman's head,Pablo Picasso,1939,https://uploads1.wikiart.org/images/pablo-picasso/woman-s-head-1939.jpg
Surrealism,"A Dew Drop Falling from a Bird's Wing Wakes Rosalie, who Has Been Asleep in the Shadow of a Spider's Web",Joan Miro,1939,https://uploads7.wikiart.org/images/joan-miro/a-dew-drop-falling-from-a-bird-s-wing-wakes-rosalie-who-has-been-asleep-in-the-shadow-of-a.jpg
Surrealism,The Escape Ladder,Joan Miro,1939,https://uploads6.wikiart.org/images/joan-miro/the-escape-ladder.jpg
Surrealism,Box of Apples in Wales,Lucian Freud,1939,https://uploads1.wikiart.org/images/lucian-freud/box-of-apples-in-wales-1939.jpg
Surrealism,Mirror,Paul Delvaux,1939,https://uploads3.wikiart.org/images/paul-delvaux/mirror-1939.jpg
Surrealism,Phases of the Moon,Paul Delvaux,1939,https://uploads6.wikiart.org/images/paul-delvaux/phases-of-the-moon-1939.jpg
Surrealism,Pygmallion,Paul Delvaux,1939,https://uploads7.wikiart.org/images/paul-delvaux/pygmallion-1939.jpg
Surrealism,The Awakening of the forest,Paul Delvaux,1939,https://uploads4.wikiart.org/00167/images/paul-delvaux/1.jpg
Surrealism,A Visit,Paul Delvaux,1939,https://uploads5.wikiart.org/images/paul-delvaux/the-tour-1939.jpg
Surrealism,Larchant,Balthus,1939,https://uploads0.wikiart.org/images/balthus/larchant-1939.jpg
Surrealism,Ethnography,David Alfaro Siqueiros,1939,https://uploads0.wikiart.org/images/david-alfaro-siqueiros/ethnography-1939.jpg
Surrealism,Portrait of the Bourgeoisie,David Alfaro Siqueiros,1939,https://uploads7.wikiart.org/images/david-alfaro-siqueiros/portrait-of-the-bourgeoisie-1939.jpg
Surrealism,Portrait of the Bourgeoisie,David Alfaro Siqueiros,1939,https://uploads0.wikiart.org/images/david-alfaro-siqueiros/portrait-of-the-bourgeoisie-1939-1.jpg
Surrealism,Gradiva,Andre Masson,1939,https://uploads8.wikiart.org/images/andre-masson/gradiva.jpg
Surrealism,Reclining Figure,Henry Moore,1939,https://uploads3.wikiart.org/images/henry-moore/reclining-figure-1939.jpg
Surrealism,Three Points,Henry Moore,1939,https://uploads8.wikiart.org/images/henry-moore/three-points-1939.jpg
Surrealism,The Inner Life (Nude and Spectral Still Life),Victor Brauner,1939,https://uploads6.wikiart.org/images/victor-brauner/the-inner-life-nude-and-spectral-still-life-1939.jpg
Surrealism,Fascination,Victor Brauner,1939,https://uploads1.wikiart.org/images/victor-brauner/fascination-1939.jpg
Surrealism,Combat des Princes Saturniens III,Wolfgang Paalen,1939,https://uploads6.wikiart.org/images/wolfgang-paalen/combat-des-princes-saturniens-iii-1939.jpg
Surrealism,Mother and Child II,Wifredo Lam,1939,https://uploads6.wikiart.org/images/wifredo-lam/mother-and-child-ii-1939.jpg
Surrealism,Heads,Jacques Hérold,1939,https://uploads4.wikiart.org/images/jacques-h-rold/heads-1939.jpg
Surrealism,La Nébuleuse,Raoul Ubac,1939,https://uploads7.wikiart.org/images/raoul-ubac/la-n-buleuse-1939.jpg
Surrealism,Objets solarisés,Raoul Ubac,1939,https://uploads2.wikiart.org/images/raoul-ubac/objets-solaris-s-1939.jpg
Surrealism,Prisoner of the Mirror: Transfiguring Your Death,Andre Masson,1939,https://uploads3.wikiart.org/images/andre-masson/prisoner-of-the-mirror-transfiguring-your-death.jpg
Surrealism,Portrait of the poet Kleist,Andre Masson,1939,https://uploads1.wikiart.org/images/andre-masson/portrait-of-the-poet-kleist.jpg
Surrealism,Horse attacked by a fish,Andre Masson,1939,https://uploads7.wikiart.org/images/andre-masson/horse-attacked-by-a-fish.jpg
Surrealism,L'homme emblématique,Andre Masson,1939,https://uploads3.wikiart.org/images/andre-masson/l-homme-embl-matique.jpg
Surrealism,Untitled,Jules Perahim,1939,https://uploads6.wikiart.org/images/jules-perahim/untitled-1939.jpg
Surrealism,Illustration for Oeillades ciselées en branche (Glances Cut on the Branch),Hans Bellmer,1939,https://uploads6.wikiart.org/images/hans-bellmer/illustration-for-oeillades-cisel-es-en-branche-glances-cut-on-the-branch-1939.jpg
Surrealism,Chicken Parts,Frederick Sommer,1939,https://uploads5.wikiart.org/images/frederick-sommer/chicken-parts-1939.jpg
Surrealism,Untitled (Amputated Foot),Frederick Sommer,1939,https://uploads6.wikiart.org/images/frederick-sommer/untitled-amputated-foot-1939.jpg
Surrealism,Jack Rabbit,Frederick Sommer,1939,https://uploads3.wikiart.org/images/frederick-sommer/jack-rabbit-1939.jpg
Surrealism,Marine Object,Eileen Agar,1939,https://uploads0.wikiart.org/images/eileen-agar/marine-object-1939.jpg
Surrealism,Fish Circus,Eileen Agar,1939,https://uploads7.wikiart.org/images/eileen-agar/fish-circus-1939.jpg
Surrealism,Anarchic Energy,Conroy Maddox,1939,https://uploads4.wikiart.org/images/conroy-maddox/anarchic-energy-1939.jpg
Surrealism,Atmospherics,Conroy Maddox,1939,https://uploads1.wikiart.org/images/conroy-maddox/atmospherics-1939.jpg
Surrealism,Rendezvous,Conroy Maddox,1939,https://uploads8.wikiart.org/images/conroy-maddox/rendezvous-1939.jpg
Surrealism,The Fabled Garden,Conroy Maddox,1939,https://uploads6.wikiart.org/images/conroy-maddox/the-fabled-garden-1939.jpg
Surrealism,Three figures,Conroy Maddox,1939,https://uploads2.wikiart.org/images/conroy-maddox/three-figures-1939.jpg
Surrealism,Composition with Braided Hair,Vajda Lajos,1939,https://uploads7.wikiart.org/images/vajda-lajos/composition-with-braided-hair-1939.jpg
Surrealism,Monster in Blue Space,Vajda Lajos,1939,https://uploads8.wikiart.org/images/vajda-lajos/monster-in-blue-space-1939.jpg
Surrealism,On lui fait une radio,Wols,1939,https://uploads1.wikiart.org/images/wols/on-lui-fait-une-radio-1939.jpg
Surrealism,Rider,Vajda Lajos,1939,https://uploads1.wikiart.org/images/vajda-lajos/rider-1939.jpg
Surrealism,War - fight,Vajda Lajos,1939,https://uploads5.wikiart.org/images/vajda-lajos/war-fight-1939.jpg
Surrealism,Henri Matisse standing against a screen and drawing with chalk,Brassai,1939,https://uploads0.wikiart.org/images/brassai/henri-matisse-standing-against-a-screen-and-drawing-with-chalk-1939.jpg
Surrealism,Matisse and his model in the studio,Brassai,1939,https://uploads0.wikiart.org/images/brassai/matisse-and-his-model-in-the-studio-1939.jpg
Surrealism,Matisse in His Studio,Brassai,1939,https://uploads4.wikiart.org/images/brassai/matisse-in-his-studio-1939.jpg
Surrealism,Untitled,Kansuke Yamamoto,1939,https://uploads0.wikiart.org/images/kansuke-yamamoto/untitled-1939.jpg
Surrealism,Defense d'Afficher Object,Joseph Cornell,1939,https://uploads6.wikiart.org/images/joseph-cornell/defense-d-afficher-object-1939.jpg
Surrealism,La fiesta,Wols,1939,https://uploads7.wikiart.org/images/wols/la-fiesta-1939.jpg
Surrealism,Le cirque,Wols,1939,https://uploads7.wikiart.org/images/wols/le-cirque-1939.jpg
Surrealism,The Foots,Wols,1939,https://uploads7.wikiart.org/images/wols/the-foots-1939.jpg
Surrealism,Portrait of Max Ernst,Leonora Carrington,1939,https://uploads6.wikiart.org/images/leonora-carrington/portrait-of-max-ernst-1939.jpg
Surrealism,Cabaret (Visul lui Omero),Jules Perahim,1939,https://uploads3.wikiart.org/images/jules-perahim/cabaret-visul-lui-omero-1939.jpg
Surrealism,Mitsi,Victor Brauner,1939,https://uploads4.wikiart.org/images/victor-brauner/mitsi-1939.jpg
Surrealism,Guglielmo Marconi,Enrico Prampolini,1939,https://uploads1.wikiart.org/images/enrico-prampolini/guglielmo-marconi-1939.jpg
Surrealism,Garters,Philippe Halsman,1939,https://uploads8.wikiart.org/images/philippe-halsman/garters-1939.jpg
Surrealism,My Room Has Two Doors,Kay Sage,1939,https://uploads5.wikiart.org/images/kay-sage/my-room-has-two-doors-1939.jpg
Surrealism,"Honfleur, France, Entrance to the Harbour",Edward Wadsworth,1939,https://uploads7.wikiart.org/images/edward-wadsworth/honfleur-france-entrance-to-the-harbour-1939(1).jpg
Surrealism,"Le Havre, France",Edward Wadsworth,1939,https://uploads7.wikiart.org/images/edward-wadsworth/le-havre-france-1939.jpg
Surrealism,Deux femmes au repos,Le Corbusier,1939,https://uploads8.wikiart.org/images/le-corbusier/deux-femmes-au-repos-1939.jpg
Surrealism,Ciudá lagui,Xul Solar,1939,https://uploads4.wikiart.org/images/xul-solar/ciud-lagui-1939.jpg
Surrealism,Table with Bird's Feet,Meret Oppenheim,1939,https://uploads4.wikiart.org/images/meret-oppenheim/table-with-bird-s-feet-1939.jpg
Surrealism,Lugano,Francis Bott,1939,https://uploads3.wikiart.org/images/francis-bott/lugano-1939.jpg
Surrealism,Untitled,Esteban Frances,1939,https://uploads8.wikiart.org/images/esteban-frances/untitled-1939.jpg
Surrealism,Untitled,Serge Brignoni,1939,https://uploads7.wikiart.org/images/serge-brignoni/untitled-1939.jpg
Surrealism,Ciuda Lagui,Xul Solar,1939,https://uploads5.wikiart.org/images/xul-solar/ciuda-lagui-1939.jpg
Surrealism,UNTITLED [MAQUETTE],Alexander Calder,1939,https://uploads5.wikiart.org/00209/images/alexander-calder/untitled-maquette-1939.jpg
Surrealism,SPINY [MAQUETTE],Alexander Calder,1939,https://uploads4.wikiart.org/00209/images/alexander-calder/spiny-maquette-c-1939.jpg
Surrealism,Autoportrait,Endre Rozsda,1939,https://uploads8.wikiart.org/00230/images/endre-rozsda/autoportrait-1939.jpg
Surrealism,Young Tormented Girl,Pablo Picasso,1939,https://uploads4.wikiart.org/00235/images/pablo-picasso/191.jpg
Surrealism,Na Hrobe,Jindrich Styrsky,1939,https://uploads4.wikiart.org/00280/images/jindrich-styrsky/na-hrobe-1939.jpg
Surrealism,The Dream of Venus for the New York World’s Fair,Salvador Dali,1939,https://uploads8.wikiart.org/00301/images/salvador-dali/1.jpg
Surrealism,Untitled,Maurice Tabard,1939,https://uploads3.wikiart.org/00302/images/maurice-tabard/untitled-1939.jpg
Surrealism,The Dream (The Bed),Frida Kahlo,1940,https://uploads7.wikiart.org/images/magdalena-carmen-frieda-kahlo-y-calderón-de-rivera/the-dream-the-bed-1940.jpg
Surrealism,Chinese porcelain,Paul Klee,1940,https://uploads5.wikiart.org/images/paul-klee/chinese-porcelain-1940(1).jpg
Surrealism,Chosen Site,Paul Klee,1940,https://uploads8.wikiart.org/images/paul-klee/chosen-site-1940(1).jpg
Surrealism,Garden Figure,Paul Klee,1940,https://uploads1.wikiart.org/images/paul-klee/garden-figure-1940(1).jpg
Surrealism,Hoffmanneske scene,Paul Klee,1940,https://uploads6.wikiart.org/images/paul-klee/hoffmanneske-scene-1940(1).jpg
Surrealism,The Travelling Circus,Paul Klee,1940,https://uploads4.wikiart.org/images/paul-klee/the-travelling-circus(1).jpg
Surrealism,Homesickness,Rene Magritte,1940,https://uploads4.wikiart.org/images/rene-magritte/homesickness-1940(1).jpg
Surrealism,Plain of Air,Rene Magritte,1940,https://uploads4.wikiart.org/images/rene-magritte/plain-of-air-1940(1).jpg
Surrealism,The Return,Rene Magritte,1940,https://uploads2.wikiart.org/images/rene-magritte/the-return-1940(1).jpg
Surrealism,The Hands of Dr Moore,Diego Rivera,1940,https://uploads0.wikiart.org/images/diego-rivera/the-hands-of-dr-moore-1940.jpg
Surrealism,Book Transforming Itself into a Nude Woman,Salvador Dali,1940,https://uploads8.wikiart.org/images/salvador-dali/book-transforming-itself-into-a-nude-woman.jpg
Surrealism,Corrosive,Salvador Dali,1940,https://uploads2.wikiart.org/images/salvador-dali/corrosive.jpg
Surrealism,Group of Women Imitating the Gestures of a Schooner,Salvador Dali,1940,https://uploads8.wikiart.org/images/salvador-dali/group-of-women-imitating-the-gestures-of-a-schooner.jpg
Surrealism,March of Time Comittee - Papillon,Salvador Dali,1940,https://uploads6.wikiart.org/images/salvador-dali/march-of-time-comittee-papillon.jpg
Surrealism,Slave Market with the Disappearing Bust of Voltaire,Salvador Dali,1940,https://uploads7.wikiart.org/images/salvador-dali/slave-market-with-the-disappearing-bust-of-voltaire-1940(1).jpg
Surrealism,Spider Of The Evening,Salvador Dali,1940,https://uploads5.wikiart.org/images/salvador-dali/spider-of-the-evening.jpg
Surrealism,The Three Ages,Salvador Dali,1940,https://uploads7.wikiart.org/images/salvador-dali/the-three-ages.jpg
Surrealism,Two Pieces of Bread Expressing the Sentiment of Love,Salvador Dali,1940,https://uploads0.wikiart.org/images/salvador-dali/two-pieces-of-bread-expressing-the-sentiment-of-love.jpg
Surrealism,A hat with flowers,Pablo Picasso,1940,https://uploads7.wikiart.org/images/pablo-picasso/a-hat-with-flowers-1940.jpg
Surrealism,Woman styling her hair,Pablo Picasso,1940,https://uploads2.wikiart.org/images/pablo-picasso/woman-styling-her-hair-1940.jpg
Surrealism,Constellation: The Morning Star,Joan Miro,1940,https://uploads1.wikiart.org/images/joan-miro/constellation-the-morning-star.jpg
Surrealism,Figure at Night Guided by the Phosphorescent Tracks of Snails,Joan Miro,1940,https://uploads5.wikiart.org/images/joan-miro/figure-at-night-guided-by-the-phosphorescent-tracks-of-snails.jpg
Surrealism,Woman with Blond Armpit Combing Her Hair by the Light of the Stars,Joan Miro,1940,https://uploads8.wikiart.org/images/joan-miro/not_detected_227931.jpg
Surrealism,The Nightingale's Song at Midnight and the Morning Rain,Joan Miro,1940,https://uploads8.wikiart.org/images/joan-miro/the-nightingale-s-song-at-midnight-and-the-morning-rain.jpg
Surrealism,The Poetess,Joan Miro,1940,https://uploads0.wikiart.org/images/joan-miro/the-poetess.jpg
Surrealism,Horse Smiling,Lucian Freud,1939-1940,https://uploads5.wikiart.org/images/lucian-freud/horse-smiling.jpg
Surrealism,Landscape with Birds,Lucian Freud,1940,https://uploads8.wikiart.org/images/lucian-freud/landscape-with-birds-1940.jpg
Surrealism,Epiphany,Max Ernst,1940,https://uploads2.wikiart.org/images/max-ernst/epiphany-1940.jpg
Surrealism,Lone Tree and United Trees,Max Ernst,1940,https://uploads2.wikiart.org/images/max-ernst/lone-tree-and-united-trees-1940.jpg
Surrealism,Marlene (Mother and son),Max Ernst,1940,https://uploads7.wikiart.org/images/max-ernst/marlene-mother-and-son-1940.jpg
Surrealism,The Robing of the Bride,Max Ernst,1940,https://uploads8.wikiart.org/images/max-ernst/the-robing-of-the-bride-1940.jpg
Surrealism,Untitled,Mark Rothko,1940,https://uploads2.wikiart.org/images/mark-rothko/untitled-19.jpg
Surrealism,Dawn of the Town,Paul Delvaux,1940,https://uploads4.wikiart.org/images/paul-delvaux/dawn-of-the-town-1940.jpg
Surrealism,Enigma,Paul Delvaux,1940,https://uploads3.wikiart.org/images/paul-delvaux/enigma-1940.jpg
Surrealism,The Concert,Paul Delvaux,1940,https://uploads8.wikiart.org/images/paul-delvaux/the-concert-1940.jpg
Surrealism,The entrance to the city,Paul Delvaux,1940,https://uploads3.wikiart.org/images/paul-delvaux/the-entrance-to-the-city-1940.jpg
Surrealism,The Man in the Street,Paul Delvaux,1940,https://uploads0.wikiart.org/images/paul-delvaux/the-man-in-the-street-1940.jpg
Surrealism,The man in the street,Paul Delvaux,1940,https://uploads2.wikiart.org/images/paul-delvaux/the-man-in-the-street-1940-1.jpg
Surrealism,The Vigil,Paul Delvaux,1940,https://uploads6.wikiart.org/images/paul-delvaux/the-vigil-1940.jpg
Surrealism,The Philosopher's Stone,Victor Brauner,1940,https://uploads4.wikiart.org/images/victor-brauner/the-philosopher-s-stone-1940.jpg
Surrealism,the game the night,Jacques Hérold,1940,https://uploads8.wikiart.org/images/jacques-h-rold/the-game-the-night-1940.jpg
Surrealism,Au delà de l'horizon,Jacques Hérold,1940,https://uploads0.wikiart.org/images/jacques-h-rold/au-del-de-l-horizon-1940.jpg
Surrealism,Dark Light,Roberto Matta,1940,https://uploads8.wikiart.org/images/roberto-matta/dark-light-1940.jpg
Surrealism,Surreal V,Jimmy Ernst,1940,https://uploads5.wikiart.org/images/jimmy-ernst/surreal-v-1940.jpg
Surrealism,Surreal V,Jimmy Ernst,1940,https://uploads8.wikiart.org/images/jimmy-ernst/surreal-v-1940(1).jpg
Surrealism,Mushroom,Edward Weston,1940,https://uploads6.wikiart.org/images/edward-weston/mushroom-1940.jpg
Surrealism,Goethe or the metamorphosis of plants,Andre Masson,1940,https://uploads7.wikiart.org/images/andre-masson/goethe-or-the-metamorphosis-of-plants-1940.jpg
Surrealism,Portrait of M.H. Maxy,Jules Perahim,1940,https://uploads0.wikiart.org/images/jules-perahim/portrait-of-m-h-maxy-1940.jpg
Surrealism,Untitled,Frederick Sommer,1940,https://uploads0.wikiart.org/images/frederick-sommer/untitled-1940.jpg
Surrealism,The Shooting Gallery I,Toyen,1940,https://uploads3.wikiart.org/images/toyen/the-shooting-gallery-i-1940.jpg
Surrealism,The Shooting Gallery II,Toyen,1940,https://uploads4.wikiart.org/images/toyen/the-shooting-gallery-ii-1940.jpg
Surrealism,The Shooting Gallery III,Toyen,1940,https://uploads5.wikiart.org/images/toyen/the-shooting-gallery-iii-1940.jpg
Surrealism,The Shooting Gallery IV,Toyen,1940,https://uploads4.wikiart.org/images/toyen/the-shooting-gallery-iv-1940.jpg
Surrealism,The Shooting Gallery IX,Toyen,1940,https://uploads4.wikiart.org/images/toyen/the-shooting-gallery-ix-1940.jpg
Surrealism,The Shooting Gallery V,Toyen,1940,https://uploads3.wikiart.org/images/toyen/the-shooting-gallery-v-1940.jpg
Surrealism,The Shooting Gallery VI,Toyen,1940,https://uploads4.wikiart.org/images/toyen/the-shooting-gallery-vi-1940.jpg
Surrealism,The Shooting Gallery VII,Toyen,1940,https://uploads5.wikiart.org/images/toyen/the-shooting-gallery-vii-1940.jpg
Surrealism,The Shooting Gallery VIII,Toyen,1940,https://uploads6.wikiart.org/images/toyen/the-shooting-gallery-viii-1940.jpg
Surrealism,the Shooting Gallery X,Toyen,1940,https://uploads3.wikiart.org/images/toyen/the-shooting-gallery-x-1940.jpg
Surrealism,The Shooting Gallery XI,Toyen,1940,https://uploads4.wikiart.org/images/toyen/the-shooting-gallery-xi-1940.jpg
Surrealism,The Shooting Gallery XII,Toyen,1940,https://uploads5.wikiart.org/images/toyen/the-shooting-gallery-xii-1940.jpg
Surrealism,Angel of Anarchy,Eileen Agar,1936-1940,https://uploads3.wikiart.org/images/eileen-agar/angel-of-anarchy-1940.jpg
Surrealism,Fighter Pilot,Eileen Agar,1940,https://uploads0.wikiart.org/images/eileen-agar/fighter-pilot-1940.jpg
Surrealism,The Strange Country,Conroy Maddox,1940,https://uploads8.wikiart.org/images/conroy-maddox/the-strange-country-1940.jpg
Surrealism,Harum-Scarum,Conroy Maddox,1940,https://uploads1.wikiart.org/images/conroy-maddox/harum-scarum-1940.jpg
Surrealism,Test of Fire,Conroy Maddox,1940,https://uploads1.wikiart.org/images/conroy-maddox/test-of-fire-1940.jpg
Surrealism,The Decoys,Conroy Maddox,1940,https://uploads8.wikiart.org/images/conroy-maddox/the-decoys-1940.jpg
Surrealism,The impersonal eye,Conroy Maddox,1940,https://uploads7.wikiart.org/images/conroy-maddox/the-impersonal-eye-1940.jpg
Surrealism,Silver Gnome,Vajda Lajos,1940,https://uploads8.wikiart.org/images/vajda-lajos/silver-gnome-1940.jpg
Surrealism,Der Tank,Wols,1940,https://uploads6.wikiart.org/images/wols/der-tank-1940.jpg
Surrealism,L´ìnsecte,Wols,1940,https://uploads6.wikiart.org/images/wols/l-nsecte-1940.jpg
Surrealism,Cena Aberta,Antonio Dacosta,1940,https://uploads2.wikiart.org/images/antonio-dacosta/cena-aberta-1940.jpg
Surrealism,O Usurário,Antonio Dacosta,1940,https://uploads1.wikiart.org/images/antonio-dacosta/o-usur-rio-1940.jpg
Surrealism,Serenata Açoriana,Antonio Dacosta,1940,https://uploads8.wikiart.org/images/antonio-dacosta/serenata-a-oriana-1940.jpg
Surrealism,Anxious Corridor,Kansuke Yamamoto,1940,https://uploads8.wikiart.org/images/kansuke-yamamoto/anxious-corridor-1940.jpg
Surrealism,Premonition of Genocide,Kansuke Yamamoto,1940,https://uploads6.wikiart.org/images/kansuke-yamamoto/premonition-of-genocide-1940.jpg
Surrealism,Scenery with Ocean,Kansuke Yamamoto,1940,https://uploads1.wikiart.org/images/kansuke-yamamoto/scenery-with-ocean-1940.jpg
Surrealism,Untitled,Kansuke Yamamoto,1940,https://uploads0.wikiart.org/images/kansuke-yamamoto/untitled-1940.jpg
Surrealism,Untitled,Kansuke Yamamoto,1940,https://uploads2.wikiart.org/images/kansuke-yamamoto/untitled-1940-1.jpg
Surrealism,Untitled,Kansuke Yamamoto,1940,https://uploads2.wikiart.org/images/kansuke-yamamoto/untitled-1940-2.jpg
Surrealism,Post Surreal Configuration: Eternal Recurrence,Lorser Feitelson,1940,https://uploads1.wikiart.org/images/lorser-feitelson/post-surreal-configuration-eternal-recurrence-1940.jpg
Surrealism,"L'Egypte de Mlle Cleo de Merode, cours élémentaire d'histoire naturelle",Joseph Cornell,1940,https://uploads5.wikiart.org/images/joseph-cornell/l-egypte-de-mlle-cleo-de-merode-cours-l-mentaire-d-histoire-naturelle-1940.jpg
Surrealism,Object (Abeilles),Joseph Cornell,1940,https://uploads5.wikiart.org/images/joseph-cornell/object-abeilles-1940.jpg
Surrealism,Untitled (Bebe Marie),Joseph Cornell,1940,https://uploads0.wikiart.org/images/joseph-cornell/untitled-bebe-marie-1940.jpg
Surrealism,Les presage de la guerre,Felix Labisse,1940,https://uploads4.wikiart.org/images/felix-labisse/les-presage-de-la-guerre-1940.jpg
Surrealism,Caliopé,Wols,1940,https://uploads4.wikiart.org/images/wols/caliop-1940.jpg
Surrealism,L’inaccessible rocher,Wols,1940,https://uploads1.wikiart.org/images/wols/l-inaccessible-rocher-1940.jpg
Surrealism,Les couples heureux,Wols,1940,https://uploads8.wikiart.org/images/wols/les-couples-heureux-1940.jpg
Surrealism,L'homme terrifie,Wols,1940,https://uploads5.wikiart.org/images/wols/l-homme-terrifie-1940.jpg
Surrealism,Sin título,Wols,1940,https://uploads8.wikiart.org/images/wols/sin-t-tulo-1940.jpg
Surrealism,Untitled,Leonora Carrington,1940,https://uploads2.wikiart.org/images/leonora-carrington/untitled-1940.jpg
Surrealism,Chimera,Victor Brauner,1940,https://uploads6.wikiart.org/images/victor-brauner/chimera-1940.jpg
Surrealism,Untitled,Joan Ponc,1940,https://uploads2.wikiart.org/images/joan-ponc/untitled-1940.jpg
Surrealism,The Alchemist,Boris Margo,1940,https://uploads0.wikiart.org/images/boris-margo/the-alchemist-1940.jpg
Surrealism,"Danger, Construction Ahead",Kay Sage,1940,https://uploads0.wikiart.org/images/kay-sage/danger-construction-ahead-1940.jpg
Surrealism,Bronze Ballet,Edward Wadsworth,1940,https://uploads8.wikiart.org/images/edward-wadsworth/bronze-ballet-1940(1).jpg
Surrealism,Light Sections,Edward Wadsworth,1940,https://uploads6.wikiart.org/images/edward-wadsworth/light-sections-1940.jpg
Surrealism,Requiescat,Edward Wadsworth,1940,https://uploads2.wikiart.org/images/edward-wadsworth/requiescat-1940.jpg
Surrealism,Deirdre,Dorothea Tanning,1940,https://uploads8.wikiart.org/images/dorothea-tanning/deirdre-1940.jpg
Surrealism,Deux femmes étendues,Le Corbusier,1940,https://uploads7.wikiart.org/images/le-corbusier/deux-femmes-tendues-1940.jpg
Surrealism,L'horreur surgit,Le Corbusier,1940,https://uploads4.wikiart.org/images/le-corbusier/l-horreur-surgit-1940.jpg
Surrealism,Det döda skeppet,Sven Jonson,1940,https://uploads6.wikiart.org/images/sven-jonson/det-d-da-skeppet-1940(5).jpg
Surrealism,Peace During Wartime,Marcel Marien,1940,https://uploads0.wikiart.org/images/marcel-marien/peace-during-wartime-1940.jpg
Surrealism,Harvest Corn,Leon Underwood,1940,https://uploads2.wikiart.org/images/leon-underwood/harvest-corn-1940.jpg
Surrealism,Decalcomania,Enrico Donati,1940,https://uploads1.wikiart.org/images/enrico-donati/decalcomania-1940.jpg
Surrealism,Dawn,Esteban Frances,1940,https://uploads4.wikiart.org/images/esteban-frances/dawn-1940.jpg
Surrealism,Pétrification,Serge Brignoni,1940,https://uploads3.wikiart.org/images/serge-brignoni/p-trification-1940.jpg
Surrealism,Woman with Her Throat Cut,Alberto Giacometti,1932-1940,https://uploads1.wikiart.org/00301/images/alberto-giacometti/woman-with-her-throat-cut.jpg
Surrealism,Portrait of Lady Louis Mountbatten (1940},Salvador Dali,1940,https://uploads3.wikiart.org/00152/images/salvador-dali/zzz-lady-louis-mountbatten-1940-salvador-dali.jpg
Surrealism,The Escape Ladder,Joan Miro,1940,https://uploads0.wikiart.org/00187/images/joan-miro/cri-000000009549.jpg
Surrealism,BLACK BEAST,Alexander Calder,1940,https://uploads8.wikiart.org/00209/images/alexander-calder/black-beast-1940.jpg
Surrealism,LITTLE ARCH [MAQUETTE],Alexander Calder,1940,https://uploads1.wikiart.org/00209/images/alexander-calder/little-arch-maquette-c-1940.jpg
Surrealism,View R,Paul Nash,1940,https://uploads4.wikiart.org/00269/images/paul-nash/view-r-1940-1.jpg
Surrealism,Ruka,Jindrich Styrsky,1940,https://uploads1.wikiart.org/00280/images/jindrich-styrsky/jind-ich-tyrsk-ruka-1940-tu-ka-barevn-k-dy-frot-kol-pausovac-pap-r-305-x-440-mm-sb-rka-kresby-n-rodn.jpg
Surrealism,"April 20, 1940 (The Blazing Infant)",Grace Pailthorpe,1940,https://uploads1.wikiart.org/00280/images/grace-pailthorpe/april-20-1940-the-blazing-infant-1940.jpg
Surrealism,Bataille,Anton Prinner,1940,https://uploads7.wikiart.org/00333/images/anton-prinner/bataille-1940-1.jpg
Surrealism,Self-Portrait,Francisco Toledo,XX cent.,https://uploads0.wikiart.org/images/francisco-toledo/self-portrait.jpg
Surrealism,Chivo,Francisco Toledo,XX cent.,https://uploads1.wikiart.org/images/francisco-toledo/chivo.jpg
Surrealism,El cerdo rosado,Francisco Toledo,XX cent.,https://uploads2.wikiart.org/images/francisco-toledo/el-cerdo-rosado.jpg
Surrealism,El conejo y el zapato,Francisco Toledo,XX cent.,https://uploads8.wikiart.org/images/francisco-toledo/el-conejo-y-el-zapato.jpg
Surrealism,Figuras,Francisco Toledo,XX cent.,https://uploads3.wikiart.org/images/francisco-toledo/figuras.jpg
Surrealism,Hunting Scene,Francisco Toledo,XX cent.,https://uploads0.wikiart.org/images/francisco-toledo/hunting-scene.jpg
Surrealism,Juárez sin la sirena,Francisco Toledo,XX cent.,https://uploads7.wikiart.org/images/francisco-toledo/ju-rez-sin-la-sirena.jpg
Surrealism,La bomba de flit,Francisco Toledo,XX cent.,https://uploads3.wikiart.org/images/francisco-toledo/la-bomba-de-flit.jpg
Surrealism,Le Hamac,Francisco Toledo,XX cent.,https://uploads4.wikiart.org/images/francisco-toledo/le-hamac.jpg
Surrealism,Personaje mirando el sol,Francisco Toledo,XX cent.,https://uploads2.wikiart.org/images/francisco-toledo/personaje-mirando-el-sol.jpg
Surrealism,Sapo,Francisco Toledo,XX cent.,https://uploads0.wikiart.org/images/francisco-toledo/sapo.jpg
Surrealism,Tortuga,Francisco Toledo,XX cent.,https://uploads3.wikiart.org/images/francisco-toledo/tortuga.jpg
Surrealism,Untitled,Francisco Toledo,XX cent.,https://uploads4.wikiart.org/images/francisco-toledo/untitled.jpg
Surrealism,The Garden in Sochi,Arshile Gorky,1941,https://uploads1.wikiart.org/images/arshile-gorky/garden-in-sochi-1.jpg
Surrealism,Deep waters,Rene Magritte,1941,https://uploads3.wikiart.org/images/rene-magritte/deep-waters-1941(1).jpg
Surrealism,The break in the clouds (The calm),Rene Magritte,1941,https://uploads6.wikiart.org/images/rene-magritte/the-break-in-the-clouds-the-calm-1941(1).jpg
Surrealism,Allegory of Sunset Air (Allegory of the Everning),Salvador Dali,1940-1941,https://uploads0.wikiart.org/images/salvador-dali/allegory-of-sunset-air-allegory-of-the-everning-1941.jpg
Surrealism,Car Clothing (Clothed Automobile),Salvador Dali,1941,https://uploads6.wikiart.org/images/salvador-dali/car-clothing-clothed-automobile.jpg
Surrealism,Costume for a Nude with a Codfish Tail,Salvador Dali,1941,https://uploads4.wikiart.org/images/salvador-dali/costume-for-a-nude-with-a-codfish-tail.jpg
Surrealism,Design for Set Curtain for Labyrinth I,Salvador Dali,1941,https://uploads4.wikiart.org/images/salvador-dali/design-for-set-curtain-for-labyrinth-i.jpg
Surrealism,Invisible Bust of Voltaire,Salvador Dali,1941,https://uploads1.wikiart.org/images/salvador-dali/invisible-bust-of-voltaire.jpg
Surrealism,Labyrinth II,Salvador Dali,1941,https://uploads5.wikiart.org/images/salvador-dali/labyrinth-ii.jpg
Surrealism,Mysterious Mouth Appearing in the Back of My Nurse,Salvador Dali,1941,https://uploads7.wikiart.org/images/salvador-dali/mysterious-mouth-appearing-in-the-back-of-my-nurse.jpg
Surrealism,Honey is Sweeter than Blood,Salvador Dali,1941,https://uploads3.wikiart.org/images/salvador-dali/not_detected_221209.jpg
Surrealism,Original Sin,Salvador Dali,1941,https://uploads5.wikiart.org/images/salvador-dali/original-sin.jpg
Surrealism,Portrait of Gala,Salvador Dali,1941,https://uploads2.wikiart.org/images/salvador-dali/portrait-of-gala-1.jpg
Surrealism,"Portrait of Mrs. George Tait, II",Salvador Dali,1941,https://uploads5.wikiart.org/images/salvador-dali/portrait-of-mrs-george-tait-ii.jpg
Surrealism,Ruin with Head of Medusa and Landscape,Salvador Dali,1941,https://uploads0.wikiart.org/images/salvador-dali/ruin-with-head-of-medusa-and-landscape-1941.jpg
Surrealism,Soft Self-Portrait with Fried Bacon,Salvador Dali,1941,https://uploads1.wikiart.org/images/salvador-dali/soft-self-portrait-with-fried-bacon.jpg
Surrealism,Temple - Sketch for a Set Design,Salvador Dali,1941,https://uploads5.wikiart.org/images/salvador-dali/temple-sketch-for-a-set-design.jpg
Surrealism,The Face of War,Salvador Dali,1940-1941,https://uploads4.wikiart.org/images/salvador-dali/the-face-of-war-1941.jpg
Surrealism,The Golden Age - Family of Marsupial Centaurs,Salvador Dali,1940-1941,https://uploads5.wikiart.org/images/salvador-dali/the-golden-age-family-of-marsupial-centaurs-1941.jpg
Surrealism,The Triumph of Nautilus,Salvador Dali,1941,https://uploads7.wikiart.org/images/salvador-dali/the-triumph-of-nautilus.jpg
Surrealism,Boy with a langosta,Pablo Picasso,1941,https://uploads8.wikiart.org/images/pablo-picasso/boy-with-a-langosta-1941.jpg
Surrealism,Bust of a woman,Pablo Picasso,1941,https://uploads4.wikiart.org/images/pablo-picasso/bust-of-a-woman-1942.jpg
Surrealism,Female bust (Portrait de Dora Maar),Pablo Picasso,1941,https://uploads4.wikiart.org/images/pablo-picasso/female-bust-portrait-de-dora-maar-1941.jpg
Surrealism,Seated Dora Maar,Pablo Picasso,1941,https://uploads5.wikiart.org/images/pablo-picasso/seated-dora-maar-1941.jpg
Surrealism,Seated woman,Pablo Picasso,1941,https://uploads1.wikiart.org/images/pablo-picasso/seated-woman-1941.jpg
Surrealism,Seated woman on wooden chair,Pablo Picasso,1941,https://uploads8.wikiart.org/images/pablo-picasso/seated-woman-on-wooden-chair-1941.jpg
Surrealism,Seated woman with spelling book,Pablo Picasso,1941,https://uploads2.wikiart.org/images/pablo-picasso/seated-woman-with-spelling-book-1941.jpg
Surrealism,Woman in an armchair,Pablo Picasso,1941,https://uploads0.wikiart.org/images/pablo-picasso/woman-in-an-armchair-1941.jpg
Surrealism,Woman in striped armchair,Pablo Picasso,1941,https://uploads5.wikiart.org/images/pablo-picasso/woman-in-striped-armchair-1941.jpg
Surrealism,Woman sitting in an armchair,Pablo Picasso,1941,https://uploads8.wikiart.org/images/pablo-picasso/woman-sitting-in-an-armchair-1941.jpg
Surrealism,Woman sitting in an armchair,Pablo Picasso,1941,https://uploads1.wikiart.org/images/pablo-picasso/woman-sitting-in-an-armchair-1941-1.jpg
Surrealism,Woman sitting in an armchair,Pablo Picasso,1941,https://uploads1.wikiart.org/images/pablo-picasso/woman-sitting-in-an-armchair-1941-2.jpg
Surrealism,"Ciphers and Constellations, in Love with a Woman",Joan Miro,1941,https://uploads0.wikiart.org/images/joan-miro/ciphers-and-constellations-in-love-with-a-woman.jpg
Surrealism,Constellation Awakening at Dawn,Joan Miro,1941,https://uploads2.wikiart.org/images/joan-miro/constellation-awakening-at-dawn.jpg
Surrealism,Dones rodejades pel vol d'un ocell,Joan Miro,1941,https://uploads8.wikiart.org/images/joan-miro/not_detected_227932.jpg
Surrealism,The Beautiful Bird Revealing the Unknown to a Pair of Lovers (from the Constellation series),Joan Miro,1941,https://uploads8.wikiart.org/images/joan-miro/not_detected_227933.jpg
Surrealism,Woman Encircled by the Flight of a Bird,Joan Miro,1941,https://uploads1.wikiart.org/images/joan-miro/woman-encircled-by-the-flight-of-a-bird.jpg
Surrealism,Day and Night,Max Ernst,1941,https://uploads2.wikiart.org/images/max-ernst/day-and-night.jpg
Surrealism,Europe after the Rain II,Max Ernst,1941,https://uploads7.wikiart.org/images/max-ernst/europe-after-the-rain-ii(1).jpg
Surrealism,Napoleon in the Wilderness,Max Ernst,1941,https://uploads2.wikiart.org/images/max-ernst/napoleon-in-the-wilderness-1941.jpg
Surrealism,Wizard Woman,Max Ernst,1941,https://uploads6.wikiart.org/images/max-ernst/wizard-woman-1941.jpg
Surrealism,City Worried,Paul Delvaux,1941,https://uploads0.wikiart.org/images/paul-delvaux/city-worried-1941.jpg
Surrealism,Hands,Paul Delvaux,1941,https://uploads2.wikiart.org/images/paul-delvaux/hands-1941.jpg
Surrealism,Phases of the Moon II,Paul Delvaux,1941,https://uploads0.wikiart.org/images/paul-delvaux/phases-of-the-moon-ii-1941.jpg
Surrealism,The Congress,Paul Delvaux,1941,https://uploads0.wikiart.org/images/paul-delvaux/the-congress-1941.jpg
Surrealism,Caribbean Landscape,Andre Masson,1941,https://uploads2.wikiart.org/images/andre-masson/caribbean-landscape.jpg
Surrealism,Yard birds,Andre Masson,1941,https://uploads2.wikiart.org/images/andre-masson/yard-birds.jpg
Surrealism,"Garden Chair, Autumn",Edward Weston,1941,https://uploads8.wikiart.org/images/edward-weston/garden-chair-autumn-1941.jpg
Surrealism,Portrait of André Breton,Andre Masson,1941,https://uploads6.wikiart.org/images/andre-masson/portrait-of-andr-breton.jpg
Surrealism,Coyotes,Frederick Sommer,1941,https://uploads8.wikiart.org/images/frederick-sommer/coyotes-1941.jpg
Surrealism,Alienation,Conroy Maddox,1941,https://uploads8.wikiart.org/images/conroy-maddox/alienation-1941.jpg
Surrealism,Breakaway,Conroy Maddox,1941,https://uploads7.wikiart.org/images/conroy-maddox/breakaway-1941.jpg
Surrealism,Cabinet des Merveilles,Conroy Maddox,1941,https://uploads2.wikiart.org/images/conroy-maddox/cabinet-des-merveilles-1941.jpg
Surrealism,Confrontation,Conroy Maddox,1941,https://uploads2.wikiart.org/images/conroy-maddox/confrontation-1941.jpg
Surrealism,Dream Merchant,Conroy Maddox,1941,https://uploads3.wikiart.org/images/conroy-maddox/dream-merchant-1941.jpg
Surrealism,Enchantment,Conroy Maddox,1941,https://uploads0.wikiart.org/images/conroy-maddox/enchantment-1941.jpg
Surrealism,Prefiguration,Conroy Maddox,1941,https://uploads2.wikiart.org/images/conroy-maddox/prefiguration-1941.jpg
Surrealism,Scaffolding,Conroy Maddox,1941,https://uploads0.wikiart.org/images/conroy-maddox/scaffolding-1941.jpg
Surrealism,The Watchdogs,Conroy Maddox,1941,https://uploads2.wikiart.org/images/conroy-maddox/the-watchdogs-1941.jpg
Surrealism,Total Liberty,Conroy Maddox,1941,https://uploads2.wikiart.org/images/conroy-maddox/total-liberty-1941.jpg
Surrealism,Window,Kansuke Yamamoto,1941,https://uploads7.wikiart.org/images/kansuke-yamamoto/window-1941.jpg
Surrealism,La Pagode,Wols,1941,https://uploads7.wikiart.org/images/wols/la-pagode-1941.jpg
Surrealism,Visage,Victor Brauner,1941,https://uploads5.wikiart.org/images/victor-brauner/visage-1941.jpg
Surrealism,Untitled,Gunther Gerzso,1941,https://uploads7.wikiart.org/images/gunther-gerzso/untitled-1941.jpg
Surrealism,Untitled,Gunther Gerzso,1941,https://uploads0.wikiart.org/images/gunther-gerzso/untitled-1941-1.jpg
Surrealism,Morgon,Sven Jonson,1941,https://uploads5.wikiart.org/images/sven-jonson/morgon-1941(5).jpg
Surrealism,Katsonarock (Portrait of V.X.),Hedda Sterne,1941,https://uploads6.wikiart.org/00123/images/hedda-sterne/hedda-sterne-collage-2482.jpg
Surrealism,Untitled,Hedda Sterne,1941,https://uploads6.wikiart.org/00123/images/hedda-sterne/hedda-sterne-collage-0258.jpg
Surrealism,Battle of Britain,Paul Nash,1941,https://uploads5.wikiart.org/00269/images/paul-nash/large-000000-1.jpg
Surrealism,I am an Amateur of Velocipedes,Leonora Carrington,1941,https://uploads1.wikiart.org/00280/images/leonora-carrington/t11910-9.jpg
Surrealism,French Cardinal,Jindrich Styrsky,1941,https://uploads2.wikiart.org/00280/images/jindrich-styrsky/french-cardinal-1941.jpg
Surrealism,Untitled,Grace Pailthorpe,1941,https://uploads4.wikiart.org/00280/images/grace-pailthorpe/untitled-1941.jpg
Surrealism,"May 16, 1941",Grace Pailthorpe,1941,https://uploads7.wikiart.org/00280/images/grace-pailthorpe/may-16-1941-1941.jpg
Surrealism,Ace   Locks,The Game of Marseille,1941,https://uploads5.wikiart.org/00280/images/the-game-of-marseille/ace-locks.jpg
Surrealism,Genius   Stars   Lautreamond,The Game of Marseille,1941,https://uploads2.wikiart.org/00280/images/the-game-of-marseille/genius-stars-lautreamond.jpg
Surrealism,Ace   Wheels,The Game of Marseille,1941,https://uploads6.wikiart.org/00280/images/the-game-of-marseille/ace-wheels.jpg
Surrealism,Ace   Stars,The Game of Marseille,1941,https://uploads5.wikiart.org/00280/images/the-game-of-marseille/ace-stars.jpg
Surrealism,Magus   Locks   Paracelse,The Game of Marseille,1941,https://uploads8.wikiart.org/00280/images/the-game-of-marseille/magus-locks-paracelse.jpg
Surrealism,Genius   Locks   Hegel,The Game of Marseille,1941,https://uploads5.wikiart.org/00280/images/the-game-of-marseille/genius-locks-hegel.jpg
Surrealism,Genius   Wheels   Sade,The Game of Marseille,1941,https://uploads5.wikiart.org/00280/images/the-game-of-marseille/genius-wheels-sade.jpg
Surrealism,Siren   Flames   La Religieuse Portuguese,The Game of Marseille,1941,https://uploads6.wikiart.org/00280/images/the-game-of-marseille/siren-flames-la-religieuse-portuguese.jpg
Surrealism,Siren   Locks   Helene Smith,The Game of Marseille,1941,https://uploads2.wikiart.org/00280/images/the-game-of-marseille/siren-locks-helene-smith.jpg
Surrealism,Magus   Wheels   Pancho Villa,The Game of Marseille,1941,https://uploads3.wikiart.org/00280/images/the-game-of-marseille/magus-wheels-pancho-villa.jpg
Surrealism,Magus   Stars   Freud,The Game of Marseille,1941,https://uploads4.wikiart.org/00280/images/the-game-of-marseille/magus-stars-freud.jpg
Surrealism,Six   Flames,The Game of Marseille,1941,https://uploads6.wikiart.org/00280/images/the-game-of-marseille/six-flames.jpg
Surrealism,Genius   Flames   Baudleaire,The Game of Marseille,1941,https://uploads2.wikiart.org/00280/images/the-game-of-marseille/genius-flames-baudleaire.jpg
Surrealism,Ace   Flames,The Game of Marseille,1941,https://uploads6.wikiart.org/00280/images/the-game-of-marseille/ace-flames.jpg
Surrealism,Magus   Flames   Novalis,The Game of Marseille,1941,https://uploads7.wikiart.org/00280/images/the-game-of-marseille/magus-flames-novalis.jpg
Surrealism,Siren   Wheels   Lamiel,The Game of Marseille,1941,https://uploads6.wikiart.org/00280/images/the-game-of-marseille/siren-wheels-lamiel.jpg
Surrealism,Siren   Stars   Alice,The Game of Marseille,1941,https://uploads4.wikiart.org/00280/images/the-game-of-marseille/siren-stars-alice.jpg
Surrealism,Do You Know My Aunt Eliza?,Leonora Carrington,1941,https://uploads5.wikiart.org/00281/images/leonora-carrington/do-you-know-my-aunt-eliza-1941.jpg
Surrealism,Do You Know My Aunt Eliza?,Leonora Carrington,1941,https://uploads5.wikiart.org/00281/images/leonora-carrington/do-you-know-my-aunt-eliza-1941.jpg
Surrealism,Baudelaire. Génie D'amour: Flamme,Jacqueline Lamba,1941,https://uploads4.wikiart.org/00333/images/jacqueline-lamba/baudelaire-g-nie-d-amour-flamme-1941.jpg
Surrealism,Woman in an Armchair,Pablo Picasso,1941,https://uploads2.wikiart.org/images/pablo-picasso/woman-in-an-armchair-1941-1.jpg
Surrealism,Moulding Powers on the Horizon,Vajda Lajos,XX cent.,https://uploads3.wikiart.org/images/vajda-lajos/moulding-powers-on-the-horizon.jpg
Surrealism,Indefined Divisibility,Yves Tanguy,1942,https://uploads0.wikiart.org/images/yves-tanguy/indefined-divisibility-1942.jpg
Surrealism,The Palace of Window Rocks,Yves Tanguy,1942,https://uploads5.wikiart.org/images/yves-tanguy/palace-on-windows-rocks.jpg
Surrealism,Slowly Toward The North,Yves Tanguy,1942,https://uploads5.wikiart.org/images/yves-tanguy/slowly-toward-the-north.jpg
Surrealism,"Finale of the Ballet ""Aleko""",Marc Chagall,1942,https://uploads5.wikiart.org/images/marc-chagall/finale-of-the-ballet-aleko-1942.jpg
Surrealism,Madonna of village,Marc Chagall,1938-1942,https://uploads6.wikiart.org/images/marc-chagall/madonna-of-village-1942.jpg
Surrealism,"The Carnival, scene II of the Ballet ""Aleko""",Marc Chagall,1942,https://uploads2.wikiart.org/images/marc-chagall/the-carnival-scene-ii-of-the-ballet-aleko-1942.jpg
Surrealism,Companions of Fear,Rene Magritte,1942,https://uploads1.wikiart.org/images/rene-magritte/companions-of-fear-1942(1).jpg
Surrealism,Early morning,Rene Magritte,1942,https://uploads5.wikiart.org/images/rene-magritte/early-morning-1942(1).jpg
Surrealism,Island of Treasures,Rene Magritte,1942,https://uploads2.wikiart.org/images/rene-magritte/island-of-treasures-1942(1).jpg
Surrealism,Birth of a New World,Salvador Dali,1942,https://uploads4.wikiart.org/images/salvador-dali/birth-of-a-new-world.jpg
Surrealism,Decor for 'Romeo et Juliet',Salvador Dali,1942,https://uploads0.wikiart.org/images/salvador-dali/decor-for-romeo-et-juliet.jpg
Surrealism,Design for the set of 'Romeo and Juliet' (backdrops and wing flats),Salvador Dali,1942,https://uploads2.wikiart.org/images/salvador-dali/design-for-the-set-of-romeo-and-juliet-backdrops-and-wing-flats.jpg
Surrealism,Equestrian Parade (possibly Set Design for 'Romeo and Juliet'),Salvador Dali,1942,https://uploads6.wikiart.org/images/salvador-dali/equestrian-parade-possibly-set-design-for-romeo-and-juliet.jpg
Surrealism,Juliet's Tomb,Salvador Dali,1942,https://uploads6.wikiart.org/images/salvador-dali/juliet-s-tomb.jpg
Surrealism,Melancholy,Salvador Dali,1942,https://uploads3.wikiart.org/images/salvador-dali/melancholy.jpg
Surrealism,Mural Painting for Helena Rubinstein (panel 1),Salvador Dali,1942,https://uploads1.wikiart.org/images/salvador-dali/mural-painting-for-helena-rubinstein-panel-1.jpg
Surrealism,Mural Painting for Helena Rubinstein (panel 2),Salvador Dali,1942,https://uploads1.wikiart.org/images/salvador-dali/mural-painting-for-helena-rubinstein-panel-2.jpg
Surrealism,Mural Painting for Helena Rubinstein (panel 3),Salvador Dali,1942,https://uploads1.wikiart.org/images/salvador-dali/mural-painting-for-helena-rubinstein-panel-3.jpg
Surrealism,Nude on the Plain of Rosas,Salvador Dali,1942,https://uploads1.wikiart.org/images/salvador-dali/nude-on-the-plain-of-rosas.jpg
Surrealism,Portrait of Mrs. Luther Greene,Salvador Dali,1942,https://uploads4.wikiart.org/images/salvador-dali/portrait-of-mrs-luther-greene.jpg
Surrealism,Portrait of Mrs. Ortiz-Linares,Salvador Dali,1942,https://uploads4.wikiart.org/images/salvador-dali/portrait-of-mrs-ortiz-linares.jpg
Surrealism,Portrait of the Marquis De Cuevas,Salvador Dali,1942,https://uploads8.wikiart.org/images/salvador-dali/portrait-of-the-marquis-de-cuevas.jpg
Surrealism,Reclining girl in sheep,Salvador Dali,1942,https://uploads7.wikiart.org/images/salvador-dali/reclining-girl-in-sheep.jpg
Surrealism,Romeo and Juliet Memorial,Salvador Dali,1942,https://uploads0.wikiart.org/images/salvador-dali/romeo-and-juliet-memorial.jpg
Surrealism,Saint George and the Dragon,Salvador Dali,1942,https://uploads2.wikiart.org/images/salvador-dali/saint-george-and-the-dragon.jpg
Surrealism,Sheep,Salvador Dali,1942,https://uploads7.wikiart.org/images/salvador-dali/sheep.jpg
Surrealism,Study for the set of 'Romeo and Juliet',Salvador Dali,1942,https://uploads3.wikiart.org/images/salvador-dali/study-for-the-set-of-romeo-and-juliet.jpg
Surrealism,"The Flames, They Call",Salvador Dali,1942,https://uploads4.wikiart.org/images/salvador-dali/the-flames-they-call.jpg
Surrealism,Two Harlequins,Salvador Dali,1942,https://uploads3.wikiart.org/images/salvador-dali/two-harlequins-1942.jpg
Surrealism,Untitled - for the campaign against venereal disease,Salvador Dali,1942,https://uploads7.wikiart.org/images/salvador-dali/untitled-for-the-campaign-against-venereal-disease.jpg
Surrealism,Untitled - Set Design (Figures Cut in Three),Salvador Dali,1942,https://uploads6.wikiart.org/images/salvador-dali/untitled-set-design-figures-cut-in-three.jpg
Surrealism,Bull's head on the table,Pablo Picasso,1942,https://uploads4.wikiart.org/images/pablo-picasso/bull-s-head-on-the-table-1942.jpg
Surrealism,Portrait of woman,Pablo Picasso,1942,https://uploads1.wikiart.org/images/pablo-picasso/portrait-of-woman.jpg
Surrealism,Portrait of woman (Dora Maar),Pablo Picasso,1942,https://uploads7.wikiart.org/images/pablo-picasso/portrait-of-woman-dora-maar-1942.jpg
Surrealism,Seated Woman with Fish,Pablo Picasso,1942,https://uploads2.wikiart.org/images/pablo-picasso/seated-woman-with-fish-1942.jpg
Surrealism,Still life with skull of ox,Pablo Picasso,1942,https://uploads7.wikiart.org/images/pablo-picasso/still-life-with-skull-of-ox-1942.jpg
Surrealism,The serenade,Pablo Picasso,1942,https://uploads1.wikiart.org/images/pablo-picasso/the-serenade-1942.jpg
Surrealism,The Village Boys,Lucian Freud,1942,https://uploads4.wikiart.org/images/lucian-freud/the-village-boys-1942.jpg
Surrealism,Surrealism and Painting,Max Ernst,1942,https://uploads8.wikiart.org/images/max-ernst/surrealism-and-painting-1942.jpg
Surrealism,The Antipope,Max Ernst,1942,https://uploads6.wikiart.org/images/max-ernst/the-antipope-1942.jpg
Surrealism,Sacrifice of iphigenia,Mark Rothko,1942,https://uploads4.wikiart.org/images/mark-rothko/sacrifice-of-iphigenia.jpg
Surrealism,Untitled,Mark Rothko,1941-1942,https://uploads2.wikiart.org/images/mark-rothko/untitled-13.jpg
Surrealism,Untitled,Mark Rothko,1942,https://uploads2.wikiart.org/images/mark-rothko/untitled-16.jpg
Surrealism,Untitled,Mark Rothko,1942,https://uploads2.wikiart.org/images/mark-rothko/untitled-17.jpg
Surrealism,Untitled,Mark Rothko,1942,https://uploads2.wikiart.org/images/mark-rothko/untitled-18.jpg
Surrealism,Phases of the Moon III,Paul Delvaux,1942,https://uploads1.wikiart.org/images/paul-delvaux/phases-of-the-moon-iii-1942.jpg
Surrealism,The Night Garden,Paul Delvaux,1942,https://uploads4.wikiart.org/images/paul-delvaux/the-night-garden-1942.jpg
Surrealism,The Village of the Sirens,Paul Delvaux,1942,https://uploads4.wikiart.org/images/paul-delvaux/the-village-of-the-sirens-1942.jpg
Surrealism,Magic grotto,Remedios Varo,1942,https://uploads1.wikiart.org/images/remedios-varo/magic-grotto-1942.jpg
Surrealism,Mythotony,Victor Brauner,1942,https://uploads2.wikiart.org/images/victor-brauner/mythotony-1942(1).jpg
Surrealism,Fragment de Liberté,Jacques Hérold,1942,https://uploads8.wikiart.org/images/jacques-h-rold/fragment-de-libert-1942.jpg
Surrealism,Aeroflower,Jimmy Ernst,1942,https://uploads6.wikiart.org/images/jimmy-ernst/aeroflower-1942.jpg
Surrealism,Paysage,Jimmy Ernst,1942,https://uploads3.wikiart.org/images/jimmy-ernst/paysage-1942.jpg
Surrealism,Surreal,Jimmy Ernst,1942,https://uploads3.wikiart.org/images/jimmy-ernst/surreal-1942.jpg
Surrealism,The Elements,Jimmy Ernst,1942,https://uploads8.wikiart.org/images/jimmy-ernst/the-elements-1942.jpg
Surrealism,The Genius of the Species,Andre Masson,1942,https://uploads8.wikiart.org/images/andre-masson/the-genius-of-the-species.jpg
Surrealism,The Sand Crab,Andre Masson,1942,https://uploads5.wikiart.org/images/andre-masson/the-sand-crab.jpg
Surrealism,Emblem,Andre Masson,1942,https://uploads7.wikiart.org/images/andre-masson/emblem.jpg
Surrealism,Little Genius of Wheat,Andre Masson,1942,https://uploads5.wikiart.org/images/andre-masson/little-genius-of-wheat.jpg
Surrealism,The Fruits of the Abyss,Andre Masson,1942,https://uploads6.wikiart.org/images/andre-masson/the-fruits-of-the-abyss.jpg
Surrealism,Pasiphae,Andre Masson,1942,https://uploads2.wikiart.org/images/andre-masson/pasiphae-1.jpg
Surrealism,Civilian Defence,Edward Weston,1942,https://uploads5.wikiart.org/images/edward-weston/civilian-defence-1942.jpg
Surrealism,There is no world ended,Andre Masson,1942,https://uploads6.wikiart.org/images/andre-masson/there-is-no-world-ended.jpg
Surrealism,Leonardo and Isabella d Este,Andre Masson,1942,https://uploads2.wikiart.org/images/andre-masson/leonardo-and-isabella-d-este.jpg
Surrealism,Seeded Earth,Andre Masson,1942,https://uploads4.wikiart.org/images/andre-masson/seeded-earth.jpg
Surrealism,Femme sur Divan,Oscar Dominguez,1942,https://uploads6.wikiart.org/images/oscar-dominguez/femme-sur-divan-1942.jpg
Surrealism,Femmes o Mujeres,Oscar Dominguez,1942,https://uploads7.wikiart.org/images/oscar-dominguez/femmes-o-mujeres-1942.jpg
Surrealism,La Maison,Hans Bellmer,1942,https://uploads6.wikiart.org/images/hans-bellmer/la-maison-1942.jpg
Surrealism,Colorado River Landscape,Frederick Sommer,1942,https://uploads7.wikiart.org/images/frederick-sommer/colorado-river-landscape-1942.jpg
Surrealism,Checkmate,Conroy Maddox,1942,https://uploads7.wikiart.org/images/conroy-maddox/checkmate-1942.jpg
Surrealism,Earth Bound,Conroy Maddox,1942,https://uploads0.wikiart.org/images/conroy-maddox/earth-bound-1942.jpg
Surrealism,A Festa,Antonio Dacosta,1942,https://uploads7.wikiart.org/images/antonio-dacosta/a-festa-1942.jpg
Surrealism,Melancolia,Antonio Dacosta,1942,https://uploads1.wikiart.org/images/antonio-dacosta/melancolia-1942.jpg
Surrealism,Untitled,Joseph Cornell,1942,https://uploads7.wikiart.org/images/joseph-cornell/untitled-1942.jpg
Surrealism,Green Tea,Leonora Carrington,1942,https://uploads3.wikiart.org/images/leonora-carrington/green-tea-1942.jpg
Surrealism,Lookout,Boris Margo,1942,https://uploads3.wikiart.org/images/boris-margo/lookout-1942.jpg
Surrealism,Margin of Silence,Kay Sage,1942,https://uploads1.wikiart.org/images/kay-sage/margin-of-silence-1942.jpg
Surrealism,The Fourteen Daggers,Kay Sage,1942,https://uploads4.wikiart.org/images/kay-sage/the-fourteen-daggers-1942.jpg
Surrealism,Pendent,Edward Wadsworth,1942,https://uploads8.wikiart.org/images/edward-wadsworth/pendent-1942.jpg
Surrealism,Satellitium,Edward Wadsworth,1942,https://uploads3.wikiart.org/images/edward-wadsworth/satellitium-1942.jpg
Surrealism,Signals,Edward Wadsworth,1942,https://uploads8.wikiart.org/images/edward-wadsworth/signals-1942.jpg
Surrealism,The Perspective of Idleness II,Edward Wadsworth,1942,https://uploads4.wikiart.org/images/edward-wadsworth/the-perspective-of-idleness-ii-1942.jpg
Surrealism,Los extraños jugadores,Angel Planells,1942,https://uploads6.wikiart.org/images/angel-planells/los-extra-os-jugadores-1942(1).jpg
Surrealism,Birthday,Dorothea Tanning,1942,https://uploads0.wikiart.org/images/dorothea-tanning/birthday-1942.jpg
Surrealism,Voltagem,Dorothea Tanning,1942,https://uploads0.wikiart.org/images/dorothea-tanning/voltagem-1942.jpg
Surrealism,Untitled,Ivan Tovar,XX cent.,https://uploads3.wikiart.org/images/ivan-tovar/unknown-title.jpg
Surrealism,Untitled,Ivan Tovar,XX cent.,https://uploads7.wikiart.org/images/ivan-tovar/untitled.jpg
Surrealism,Untitled,David Hare,1942,https://uploads3.wikiart.org/images/david-hare/untitled-1942.jpg
Surrealism,Untitled,David Hare,1942,https://uploads5.wikiart.org/images/david-hare/untitled-1942-1.jpg
Surrealism,Untitled,David Hare,1942,https://uploads5.wikiart.org/images/david-hare/untitled-1942-2.jpg
Surrealism,VVV Portfolio,David Hare,1942,https://uploads8.wikiart.org/images/david-hare/vvv-portfolio-1942.jpg
Surrealism,"Portrait of Dorothy Spreckels Munn, (1942)",Salvador Dali,1942,https://uploads7.wikiart.org/00152/images/salvador-dali/zzz-salvadore-dali-portrait-of-dorothy-spreckels-munn-1942.jpg
Surrealism,Portrait of Mrs. Ortiz De Linares,Salvador Dali,1942,https://uploads8.wikiart.org/00152/images/salvador-dali/zzz-portrait-of-mrs-ortiz-de-linares-1942.jpg
Surrealism,Nu dans la plaine de Rosas,Salvador Dali,1942,https://uploads5.wikiart.org/00153/images/salvador-dali/salvadore-dali-nu-dans-la-plaine-de-rosas-1942.Jpeg!PinterestSmall.Jpeg
Surrealism,portrait of Mrs Charles Swift,Salvador Dali,1942,https://uploads4.wikiart.org/00156/images/salvador-dali/zzzzz-mrs-charles-swift-1942.jpg
Surrealism,Portrait of Marquis George de Cuevas,Salvador Dali,1942,https://uploads5.wikiart.org/00175/images/salvador-dali/portrait-of-marquis-george-de-cuevas.jpg
Surrealism,Pillar and Moon,Paul Nash,1932-1942,https://uploads6.wikiart.org/00236/images/paul-nash/n05392-10.jpg
Surrealism,Follow the Fuhrer Above the Clouds,Paul Nash,1942,https://uploads7.wikiart.org/00269/images/paul-nash/follow-the-fuhrer-above-the-clouds.jpg
Surrealism,Follow the Fuhrer Over the Snows,Paul Nash,1942,https://uploads5.wikiart.org/00269/images/paul-nash/follow-the-fuhrer-over-the-snows.jpg
Surrealism,Bull's Head,Pablo Picasso,1942,https://uploads8.wikiart.org/00292/images/pablo-picasso/1.jpg
Surrealism,Dessin Pour La Vie,Jacqueline Lamba,1942,https://uploads0.wikiart.org/00333/images/jacqueline-lamba/dessin-pour-la-vie-1942.jpg
Surrealism,"Malgre Tout, Le Printemps",Jacqueline Lamba,1942,https://uploads6.wikiart.org/00333/images/jacqueline-lamba/malgre-tout-le-printemps-1942.jpg
Surrealism,Untitled,Luchita Hurtado,1942,https://uploads7.wikiart.org/00334/images/luchita-hurtado/untitled-1942.jpg
Surrealism,Sixteen Miles of String ( installation for 'The First Papers of Surrealism' exhibition),Marcel Duchamp,1942,https://uploads3.wikiart.org/00336/images/marcel-duchamp/2.jpg
Surrealism,Cover for Země Bez Jména (Land Without a Name),Jindrich Styrsky,XIX-XX cent.,https://uploads7.wikiart.org/00280/images/jindrich-styrsky/cover-for-zem-bez-jm-na-land-without-a-name.jpg
Surrealism,Cirkus (Cover of Pestré Květy Magazine),Jindrich Styrsky,XIX-XX cent.,https://uploads0.wikiart.org/00280/images/jindrich-styrsky/cirkus-cover-of-pestr-kv-ty-magazine.jpg
Surrealism,Cover for Dáma U Vodotrysku (The Lady by the Fountain),Jindrich Styrsky,XIX-XX cent.,https://uploads7.wikiart.org/00280/images/jindrich-styrsky/cover-for-d-ma-u-vodotrysku-the-lady-by-the-fountain.jpg
Surrealism,Cover for Falešný Mariás,Jindrich Styrsky,XIX-XX cent.,https://uploads5.wikiart.org/00280/images/jindrich-styrsky/cover-for-fale-n-mari-s.jpg
Surrealism,Cover for Monaco,Jindrich Styrsky,XIX-XX cent.,https://uploads7.wikiart.org/00280/images/jindrich-styrsky/cover-for-monaco.jpg
Surrealism,The Black Flower Girl,Sorin Ilfoveanu,XX cent.,https://uploads7.wikiart.org/images/sorin-ilfoveanu/the-black-flower-girl.jpg
Surrealism,The Man with Cat and Dragonfly,Sorin Ilfoveanu,XX cent.,https://uploads7.wikiart.org/images/sorin-ilfoveanu/the-man-with-cat-and-dragonfly.jpg
Surrealism,Saturnalia,Sorin Ilfoveanu,XX cent.,https://uploads5.wikiart.org/images/sorin-ilfoveanu/saturnalia.jpg
Surrealism,Untitled,Sorin Ilfoveanu,XX cent.,https://uploads8.wikiart.org/images/sorin-ilfoveanu/unknown-title.jpg
Surrealism,Untitled,Sorin Ilfoveanu,XX cent.,https://uploads1.wikiart.org/images/sorin-ilfoveanu/unknown-title-1.jpg
Surrealism,Untitled,Sorin Ilfoveanu,XX cent.,https://uploads1.wikiart.org/images/sorin-ilfoveanu/unknown-title-2.jpg
Surrealism,Untitled,Sorin Ilfoveanu,XX cent.,https://uploads1.wikiart.org/images/sorin-ilfoveanu/unknown-title-3.jpg
Surrealism,Flower of Life (Flame Flower),Frida Kahlo,1943,https://uploads8.wikiart.org/images/magdalena-carmen-frieda-kahlo-y-calderón-de-rivera/flower-of-life-flame-flower-1943.jpg
Surrealism,Reply to Red,Yves Tanguy,1943,https://uploads8.wikiart.org/images/yves-tanguy/reply-to-red-1943.jpg
Surrealism,Through Birds Through Fire But Not Through Glass,Yves Tanguy,1943,https://uploads8.wikiart.org/images/yves-tanguy/through-birds-through-fire-but-not-through-glass-1943.jpg
Surrealism,The Garden in Sochi,Arshile Gorky,1943,https://uploads8.wikiart.org/images/arshile-gorky/garden-in-sochi.jpg
Surrealism,Waterfall,Arshile Gorky,1943,https://uploads4.wikiart.org/images/arshile-gorky/waterfall-1.jpg
Surrealism,Hour between Wolf and Dog (Betwenn Darkness and Light),Marc Chagall,1938-1943,https://uploads4.wikiart.org/images/marc-chagall/hour-between-wolf-and-dog-betwenn-darkness-and-light-1943.jpg
Surrealism,The Juggler,Marc Chagall,1943,https://uploads8.wikiart.org/images/marc-chagall/the-juggler-1943.jpg
Surrealism,Reptiles,M.C. Escher,1943,https://uploads7.wikiart.org/images/m-c-escher/reptiles.jpg
Surrealism,Reptiles Colour,M.C. Escher,1943,https://uploads5.wikiart.org/images/m-c-escher/reptiles-colour.jpg
Surrealism,Still Life,M.C. Escher,1943,https://uploads0.wikiart.org/images/m-c-escher/still-life.jpg
Surrealism,Call of peaks,Rene Magritte,1943,https://uploads5.wikiart.org/images/rene-magritte/call-of-peaks-1943(1).jpg
Surrealism,The fire,Rene Magritte,1943,https://uploads0.wikiart.org/images/rene-magritte/the-fire-1943(1).jpg
Surrealism,The first day,Rene Magritte,1943,https://uploads5.wikiart.org/images/rene-magritte/the-first-day-1943(1).jpg
Surrealism,The harvest,Rene Magritte,1943,https://uploads3.wikiart.org/images/rene-magritte/the-harvest-1943(1).jpg
Surrealism,The Return of the Flame,Rene Magritte,1943,https://uploads6.wikiart.org/images/rene-magritte/the-return-of-the-flame-1943(1).jpg
Surrealism,The smile,Rene Magritte,1943,https://uploads1.wikiart.org/images/rene-magritte/the-smile-1943(1).jpg
Surrealism,Geopolitical Child Watching the Birth of the New Man,Salvador Dali,1943,https://uploads5.wikiart.org/images/salvador-dali/geopolitical-child-watching-the-birth-of-the-new-man-1943.jpg
Surrealism,Madonna,Salvador Dali,1943,https://uploads0.wikiart.org/images/salvador-dali/madonna.jpg
Surrealism,Painting for the backdrop of 'Cafe De Chinitas',Salvador Dali,1943,https://uploads2.wikiart.org/images/salvador-dali/painting-for-the-backdrop-of-cafe-de-chinitas.jpg
Surrealism,Portrait of Ambassador Cardenas,Salvador Dali,1943,https://uploads6.wikiart.org/images/salvador-dali/portrait-of-ambassador-cardenas.jpg
Surrealism,Portrait of Mrs. Harrison Williams,Salvador Dali,1943,https://uploads8.wikiart.org/images/salvador-dali/portrait-of-mrs-harrison-williams.jpg
Surrealism,Princess Arthchil Gourielli (Helena Rubinstein),Salvador Dali,1943,https://uploads2.wikiart.org/images/salvador-dali/princess-arthchil-gourielli-helena-rubinstein.jpg
Surrealism,Stage Curtain for the Ballet 'Cafe De Chinitas',Salvador Dali,1943,https://uploads2.wikiart.org/images/salvador-dali/stage-curtain-for-the-ballet-cafe-de-chinitas.jpg
Surrealism,The Poetry of America (unfinished),Salvador Dali,1943,https://uploads7.wikiart.org/images/salvador-dali/the-poetry-of-america-unfinished.jpg
Surrealism,The Triumph of Tourbillon,Salvador Dali,1943,https://uploads0.wikiart.org/images/salvador-dali/the-triumph-of-tourbillon.jpg
Surrealism,A child with pigeons,Pablo Picasso,1943,https://uploads0.wikiart.org/images/pablo-picasso/a-child-with-pigeons-1943.jpg
Surrealism,Bust of woman,Pablo Picasso,1943,https://uploads2.wikiart.org/images/pablo-picasso/bust-of-woman-1943.jpg
Surrealism,Firsts steps,Pablo Picasso,1943,https://uploads1.wikiart.org/images/pablo-picasso/firsts-steps-1943.jpg
Surrealism,Head of woman,Pablo Picasso,1943,https://uploads2.wikiart.org/images/pablo-picasso/head-of-woman-1943.jpg
Surrealism,The Buffet 'Catalan',Pablo Picasso,1943,https://uploads7.wikiart.org/images/pablo-picasso/the-buffet-catalan-1943.jpg
Surrealism,The buffet of 'Catalan',Pablo Picasso,1943,https://uploads1.wikiart.org/images/pablo-picasso/the-buffet-of-catalan-1943.jpg
Surrealism,Vase with flowers,Pablo Picasso,1943,https://uploads8.wikiart.org/images/pablo-picasso/vase-with-flowers-1943-1.jpg
Surrealism,Painting,Joan Miro,1943,https://uploads8.wikiart.org/images/joan-miro/painting-3.jpg
Surrealism,Painting,Joan Miro,1943,https://uploads8.wikiart.org/images/joan-miro/painting-4.jpg
Surrealism,Fragment Head of Gerald Wilde,Lucian Freud,1943,https://uploads8.wikiart.org/images/lucian-freud/fragment-head-of-gerald-wilde-1943.jpg
Surrealism,Man with a Feather,Lucian Freud,1943,https://uploads6.wikiart.org/images/lucian-freud/man-with-a-feather-1943.jpg
Surrealism,Composition,Max Ernst,1943,https://uploads5.wikiart.org/images/max-ernst/composition-1943.jpg
Surrealism,Everyone Here Speaks Latin,Max Ernst,1943,https://uploads2.wikiart.org/images/max-ernst/everyone-here-speaks-latin-1943.jpg
Surrealism,Gypsy Rose Lee,Max Ernst,1943,https://uploads8.wikiart.org/images/max-ernst/gypsy-rose-lee-1943.jpg
Surrealism,Painting for Young People,Max Ernst,1943,https://uploads1.wikiart.org/images/max-ernst/painting-for-young-people-1943.jpg
Surrealism,The Eye of Silence,Max Ernst,1943,https://uploads3.wikiart.org/images/max-ernst/the-eye-of-silence-1943.jpg
Surrealism,The Courtesans,Paul Delvaux,1943,https://uploads2.wikiart.org/images/paul-delvaux/the-courtesans-1943.jpg
Surrealism,The Musee Spitzner,Paul Delvaux,1943,https://uploads6.wikiart.org/images/paul-delvaux/the-musee-spitzner-1943.jpg
Surrealism,The Natural History Museum,Paul Delvaux,1943,https://uploads5.wikiart.org/images/paul-delvaux/the-natural-history-museum-1943.jpg
Surrealism,The Sleeping Venus,Paul Delvaux,1943,https://uploads6.wikiart.org/images/paul-delvaux/the-sleeping-venus-1943.jpg
Surrealism,Woman in front of the sea,Paul Delvaux,1943,https://uploads4.wikiart.org/images/paul-delvaux/woman-in-front-of-the-sea-1943.jpg
Surrealism,Andromeda,Andre Masson,1943,https://uploads1.wikiart.org/images/andre-masson/andromeda.jpg
Surrealism,Meditation of the Painter,Andre Masson,1943,https://uploads8.wikiart.org/images/andre-masson/meditation-of-the-painter.jpg
Surrealism,Demonocratic Soul,Victor Brauner,1943,https://uploads7.wikiart.org/images/victor-brauner/demonocratic-soul-1943.jpg
Surrealism,Personnages écorchés,Jacques Hérold,1943,https://uploads0.wikiart.org/images/jacques-h-rold/personnages-corch-s-1943.jpg
Surrealism,The Jungle,Wifredo Lam,1943,https://uploads6.wikiart.org/images/wifredo-lam/the-jungle-1943.jpg
Surrealism,"Le Sombre Malembo, Dieu du carrefour",Wifredo Lam,1943,https://uploads4.wikiart.org/images/wifredo-lam/le-sombre-malembo-dieu-du-carrefour-1943.jpg
Surrealism,Mofumbe,Wifredo Lam,1943,https://uploads3.wikiart.org/images/wifredo-lam/mofumbe-1943.jpg
Surrealism,A Partida de Xadrez,Maria Helena Vieira da Silva,1943,https://uploads0.wikiart.org/images/maria-helena-vieira-da-silva/a-partida-de-xadrez.jpg
Surrealism,Black Virtue,Roberto Matta,1943,https://uploads1.wikiart.org/images/roberto-matta/black-virtue-1943.jpg
Surrealism,Portrait of an American teenager in the forest,Andre Masson,1943,https://uploads2.wikiart.org/images/andre-masson/portrait-of-an-american-teenager-in-the-forest.jpg
Surrealism,Femme Cheval,Wifredo Lam,1943,https://uploads8.wikiart.org/images/wifredo-lam/femme-cheval-1943.jpg
Surrealism,Silent Listener,Oscar Dominguez,1943,https://uploads6.wikiart.org/images/oscar-dominguez/silent-listener-1943.jpg
Surrealism,Arizona Landscape,Frederick Sommer,1943,https://uploads0.wikiart.org/images/frederick-sommer/arizona-landscape-1943.jpg
Surrealism,Relache,Toyen,1943,https://uploads6.wikiart.org/images/toyen/relache-1943.jpg
Surrealism,Natural Attraction,Conroy Maddox,1943,https://uploads7.wikiart.org/images/conroy-maddox/natural-attraction-1943.jpg
Surrealism,Femme surréaliste,Félix Del Marle,1943,https://uploads8.wikiart.org/images/f-lix-del-marle/femme-surr-aliste-1943.jpg
Surrealism,The Tree Man,Félix Del Marle,1943,https://uploads3.wikiart.org/images/f-lix-del-marle/the-tree-man-1943.jpg
Surrealism,The Right Hand of Picasso,Brassai,1943,https://uploads8.wikiart.org/images/brassai/the-right-hand-of-picasso-1943.jpg
Surrealism,A Little Night Music,Dorothea Tanning,1943,https://uploads5.wikiart.org/images/dorothea-tanning/eine-kleine-nachtmusik-1943.jpg
Surrealism,Habitat Group for a Shooting Gallery,Joseph Cornell,1943,https://uploads8.wikiart.org/images/joseph-cornell/habitat-group-for-a-shooting-gallery-1943.jpg
Surrealism,Untitled (Pharmacy),Joseph Cornell,1943,https://uploads7.wikiart.org/images/joseph-cornell/untitled-pharmacy-1943.jpg
Surrealism,Histoire Naturelle,Felix Labisse,1943,https://uploads7.wikiart.org/images/felix-labisse/histoire-naturelle-1943.jpg
Surrealism,Mantes religieuses,Felix Labisse,1943,https://uploads7.wikiart.org/images/felix-labisse/mantes-religieuses-1943.jpg
Surrealism,L'animal Manuel,Victor Brauner,1943,https://uploads5.wikiart.org/images/victor-brauner/l-animal-manuel-1943.jpg
Surrealism,Szentendre,Piroska Szanto,1943,https://uploads0.wikiart.org/images/piroska-szanto/szentendre-1943.jpg
Surrealism,Journey To Go,Kay Sage,1943,https://uploads6.wikiart.org/images/kay-sage/journey-to-go-1943.jpg
Surrealism,The Hidden Letter,Kay Sage,1943,https://uploads1.wikiart.org/images/kay-sage/the-hidden-letter-1943.jpg
Surrealism,Top of the World,Edward Wadsworth,1943,https://uploads8.wikiart.org/images/edward-wadsworth/top-of-the-world-1943.jpg
Surrealism,Deux femmes debout (au tronc d'arbre),Le Corbusier,1943,https://uploads5.wikiart.org/images/le-corbusier/deux-femmes-debout-au-tronc-d-arbre-1943.jpg
Surrealism,Ozon,Le Corbusier,1943,https://uploads1.wikiart.org/images/le-corbusier/ozon-1943.jpg
Surrealism,Le philtre II,Enrico Donati,1943,https://uploads2.wikiart.org/images/enrico-donati/le-philtre-ii-1943.jpg
Surrealism,Fiordo,Xul Solar,1943,https://uploads0.wikiart.org/images/xul-solar/fiordo-1943.jpg
Surrealism,Portrait of the  Princess Arthchild Gourielli Helena Rubinstein (1943),Salvador Dali,1943,https://uploads0.wikiart.org/00152/images/salvador-dali/zzz-salvador-dali-princess-arthchild-gourielli-helena-rubinstein1943.jpeg!PinterestSmall.jpeg
Surrealism,Tetragramista II,Oswaldo Vigas,1943,https://uploads7.wikiart.org/00175/images/oswaldo-vigas/08.jpg
Surrealism,El Músico,Oswaldo Vigas,1943,https://uploads0.wikiart.org/00175/images/oswaldo-vigas/1054.jpg
Surrealism,THE BIG EAR,Alexander Calder,1943,https://uploads8.wikiart.org/00209/images/alexander-calder/the-big-ear-1943.jpg
Surrealism,Naturaleza Viva,Maruja Mallo,1943,https://uploads0.wikiart.org/00219/images/maruja-mallo/naturaleza-viva-1943.jpg
Surrealism,La Philosophie Dans Le Corps Du Chat,Anton Prinner,1943,https://uploads8.wikiart.org/00333/images/anton-prinner/la-philosophie-dans-le-corps-du-chat-1943-1.jpg
Surrealism,Absents of the mermaid,Octavio Ocampo,XX cent.,https://uploads7.wikiart.org/images/octavio-ocampo/absents-of-the-mermaid.jpg
Surrealism,Buddha,Octavio Ocampo,XX cent.,https://uploads0.wikiart.org/images/octavio-ocampo/buddha.jpg
Surrealism,Calvary,Octavio Ocampo,XX cent.,https://uploads1.wikiart.org/images/octavio-ocampo/calvary.jpg
Surrealism,Ceaser Chavez,Octavio Ocampo,XX cent.,https://uploads7.wikiart.org/images/octavio-ocampo/ceaser-chavez.jpg
Surrealism,Celestial Bodies,Octavio Ocampo,XX cent.,https://uploads1.wikiart.org/images/octavio-ocampo/celestial-bodies.jpg
Surrealism,Ecstasy of the lillies,Octavio Ocampo,XX cent.,https://uploads7.wikiart.org/images/octavio-ocampo/ecstasy-of-the-lillies.jpg
Surrealism,Family of birds,Octavio Ocampo,XX cent.,https://uploads0.wikiart.org/images/octavio-ocampo/family-of-birds.jpg
Surrealism,Forever Always,Octavio Ocampo,XX cent.,https://uploads8.wikiart.org/images/octavio-ocampo/forever-always.jpg
Surrealism,Friendship of Don Quixote,Octavio Ocampo,XX cent.,https://uploads1.wikiart.org/images/octavio-ocampo/friendship-of-don-quixote.jpg
Surrealism,Hollywood Lights,Octavio Ocampo,XX cent.,https://uploads1.wikiart.org/images/octavio-ocampo/hollywood-lights.jpg
Surrealism,Horse Face,Octavio Ocampo,XX cent.,https://uploads4.wikiart.org/images/octavio-ocampo/horse-face.jpg
Surrealism,Jesus Christ,Octavio Ocampo,XX cent.,https://uploads6.wikiart.org/images/octavio-ocampo/jesus-christ.jpg
Surrealism,Jimmy Carter,Octavio Ocampo,XX cent.,https://uploads6.wikiart.org/images/octavio-ocampo/jimmy-carter.jpg
Surrealism,José Alfredo Jiménez,Octavio Ocampo,XX cent.,https://uploads5.wikiart.org/images/octavio-ocampo/josé-alfredo-jiménez.jpg
Surrealism,Kiss of the Sea,Octavio Ocampo,XX cent.,https://uploads0.wikiart.org/images/octavio-ocampo/kiss-of-the-sea.jpg
Surrealism,Lady Guadalupe,Octavio Ocampo,XX cent.,https://uploads8.wikiart.org/images/octavio-ocampo/lady-guadalupe.jpg
Surrealism,Lily Woman,Octavio Ocampo,XX cent.,https://uploads4.wikiart.org/images/octavio-ocampo/lily-woman.jpg
Surrealism,Lupe,Octavio Ocampo,XX cent.,https://uploads7.wikiart.org/images/octavio-ocampo/lupe.jpg
Surrealism,Madonna Rocaille,Octavio Ocampo,XX cent.,https://uploads1.wikiart.org/images/octavio-ocampo/madonna-rocaille.jpg
Surrealism,Marlena Dietrich,Octavio Ocampo,XX cent.,https://uploads1.wikiart.org/images/octavio-ocampo/marlena-dietrich.jpg
Surrealism,Miguel Hidalgo,Octavio Ocampo,XX cent.,https://uploads8.wikiart.org/images/octavio-ocampo/miguel-hidalgo.jpg
Surrealism,Miracle of Roses,Octavio Ocampo,XX cent.,https://uploads1.wikiart.org/images/octavio-ocampo/miracle-of-roses.jpg
Surrealism,Mona Lisa's Chair,Octavio Ocampo,XX cent.,https://uploads2.wikiart.org/images/octavio-ocampo/mona-lisa-s-chair.jpg
Surrealism,Mouth of Flower,Octavio Ocampo,XX cent.,https://uploads0.wikiart.org/images/octavio-ocampo/mouth-of-flower.jpg
Surrealism,Marlena,Octavio Ocampo,XX cent.,https://uploads4.wikiart.org/images/octavio-ocampo/not_detected_250858.jpg
Surrealism,Silver Threads,Octavio Ocampo,XX cent.,https://uploads4.wikiart.org/images/octavio-ocampo/not_detected_250859.jpg
Surrealism,Olympics,Octavio Ocampo,XX cent.,https://uploads2.wikiart.org/images/octavio-ocampo/olympics.jpg
Surrealism,Palm Sunday,Octavio Ocampo,XX cent.,https://uploads5.wikiart.org/images/octavio-ocampo/palm-sunday.jpg
Surrealism,Skull,Octavio Ocampo,XX cent.,https://uploads8.wikiart.org/images/octavio-ocampo/skull.jpg
Surrealism,Sunlights Kiss,Octavio Ocampo,XX cent.,https://uploads8.wikiart.org/images/octavio-ocampo/sunlights-kiss.jpg
Surrealism,The Evolution of Man,Octavio Ocampo,XX cent.,https://uploads5.wikiart.org/images/octavio-ocampo/the-evolution-of-man.jpg
Surrealism,To run with the herd,Octavio Ocampo,XX cent.,https://uploads5.wikiart.org/images/octavio-ocampo/to-run-with-the-herd.jpg
Surrealism,Woman and Horses,Octavio Ocampo,XX cent.,https://uploads1.wikiart.org/images/octavio-ocampo/woman-and-horses.jpg
Surrealism,Woman and Mountains Shiva,Octavio Ocampo,XX cent.,https://uploads1.wikiart.org/images/octavio-ocampo/woman-and-mountains-shiva.jpg
Surrealism,Woman of substance,Octavio Ocampo,XX cent.,https://uploads3.wikiart.org/images/octavio-ocampo/woman-of-substance.jpg
Surrealism,Diego and Frida,Frida Kahlo,1929-1944,https://uploads5.wikiart.org/images/magdalena-carmen-frieda-kahlo-y-calderón-de-rivera/diego-and-frida-1944.jpg
Surrealism,Landscape,Arshile Gorky,1944,https://uploads2.wikiart.org/images/arshile-gorky/landscape.jpg
Surrealism,Untitled,Arshile Gorky,1944,https://uploads3.wikiart.org/images/arshile-gorky/untitled-1.jpg
Surrealism,The House with the Green Eye,Marc Chagall,1944,https://uploads7.wikiart.org/images/marc-chagall/the-house-with-the-green-eye-1944.jpg
Surrealism,Favorable omens,Rene Magritte,1944,https://uploads7.wikiart.org/images/rene-magritte/favorable-omens-1944(1).jpg
Surrealism,The clearing,Rene Magritte,1944,https://uploads4.wikiart.org/images/rene-magritte/the-clearing-1944(1).jpg
Surrealism,The domain of Arnheim,Rene Magritte,1944,https://uploads4.wikiart.org/images/rene-magritte/the-domain-of-arnheim-1944(1).jpg
Surrealism,Dance,Salvador Dali,1944,https://uploads7.wikiart.org/images/salvador-dali/dance.jpg
Surrealism,Dream Caused by the Flight of a Bee around a Pomegranate a Second before Awakening,Salvador Dali,1944,https://uploads5.wikiart.org/images/salvador-dali/dream-caused-by-the-flight-of-a-bee-around-a-pomegranate-one-second-before-awakening.jpg
Surrealism,Music - The Red Orchestra,Salvador Dali,1944,https://uploads7.wikiart.org/images/salvador-dali/music-the-red-orchestra.jpg
Surrealism,Paranoia (Surrealist Figures),Salvador Dali,1944,https://uploads2.wikiart.org/images/salvador-dali/paranoia-surrealist-figures.jpg
Surrealism,Study for Sentimental Colloquy,Salvador Dali,1944,https://uploads5.wikiart.org/images/salvador-dali/study-for-sentimental-colloquy.jpg
Surrealism,Study for the Backdrop of 'Mad Tristan' (Act II),Salvador Dali,1944,https://uploads1.wikiart.org/images/salvador-dali/study-for-the-backdrop-of-mad-tristan-act-ii.jpg
Surrealism,Study for the Set of the Ballet 'Tristan Insane',Salvador Dali,1944,https://uploads3.wikiart.org/images/salvador-dali/study-for-the-set-of-the-ballet-tristan-insane.jpg
Surrealism,Tristan and Isolde,Salvador Dali,1944,https://uploads2.wikiart.org/images/salvador-dali/tristan-and-isolde.jpg
Surrealism,Untitled - Design for the ball in the dream sequence in 'Spellbound',Salvador Dali,1944,https://uploads3.wikiart.org/images/salvador-dali/untitled-design-for-the-ball-in-the-dream-sequence-in-spellbound.jpg
Surrealism,Untitled - The Seven Arts,Salvador Dali,1944,https://uploads7.wikiart.org/images/salvador-dali/untitled-the-seven-arts.jpg
Surrealism,Untitled -The Seven Arts,Salvador Dali,1944,https://uploads0.wikiart.org/images/salvador-dali/untitled-the-seven-arts-1.jpg
Surrealism,Still life with lamp,Pablo Picasso,1944,https://uploads0.wikiart.org/images/pablo-picasso/still-life-with-lamp-1944.jpg
Surrealism,Tomato plant,Pablo Picasso,1944,https://uploads1.wikiart.org/images/pablo-picasso/tomato-plant-1944.jpg
Surrealism,Woman in green,Pablo Picasso,1944,https://uploads0.wikiart.org/00163/images/pablo-picasso/large.jpg
Surrealism,Woman washing her feet,Pablo Picasso,1944,https://uploads2.wikiart.org/images/pablo-picasso/woman-washing-her-feet-1944.jpg
Surrealism,Man with Arms Folded,Lucian Freud,1944,https://uploads3.wikiart.org/images/lucian-freud/man-with-arms-folded.jpg
Surrealism,Portrait of a Young Man,Lucian Freud,1944,https://uploads6.wikiart.org/images/lucian-freud/portrait-of-a-young-man.jpg
Surrealism,Seaside Garden,Lucian Freud,1944,https://uploads6.wikiart.org/images/lucian-freud/seaside-garden.jpg
Surrealism,The Painter's Room,Lucian Freud,1944,https://uploads6.wikiart.org/images/lucian-freud/the-painter-s-room-1944.jpg
Surrealism,The King Playing with the Queen,Max Ernst,1944,https://uploads7.wikiart.org/images/max-ernst/the-king-playing-with-the-queen-1944.jpg
Surrealism,Aubade,Mark Rothko,1944,https://uploads6.wikiart.org/images/mark-rothko/aubade.jpg
Surrealism,Hierarchical Birds,Mark Rothko,1944,https://uploads0.wikiart.org/images/mark-rothko/hierarchical-birds.jpg
Surrealism,Untitled,Mark Rothko,1944,https://uploads1.wikiart.org/images/mark-rothko/not_detected_242118.jpg
Surrealism,Gethsemane,Mark Rothko,1944,https://uploads1.wikiart.org/images/mark-rothko/not_detected_242141.jpg
Surrealism,Slow Swirl at the Edge of the Sea,Mark Rothko,1944,https://uploads0.wikiart.org/images/mark-rothko/slow-swirl-at-the-edge-of-the-sea(1).jpg
Surrealism,Untitled,Mark Rothko,1944,https://uploads1.wikiart.org/images/mark-rothko/untitled-3.jpg
Surrealism,Call,Paul Delvaux,1944,https://uploads1.wikiart.org/images/paul-delvaux/call-1944.jpg
Surrealism,Skeletons in an office,Paul Delvaux,1944,https://uploads1.wikiart.org/images/paul-delvaux/skeletons-in-an-office-1944.jpg
Surrealism,The Canape Vert,Paul Delvaux,1944,https://uploads3.wikiart.org/images/paul-delvaux/the-canape-vert-1944.jpg
Surrealism,The skeleton has the shell,Paul Delvaux,1944,https://uploads5.wikiart.org/images/paul-delvaux/the-skeleton-has-the-shell-1944.jpg
Surrealism,The Sleeping Venus,Paul Delvaux,1944,https://uploads6.wikiart.org/images/paul-delvaux/the-sleeping-venus-1944.jpg
Surrealism,A Visit,Paul Delvaux,1944,https://uploads5.wikiart.org/images/paul-delvaux/the-tour-1944.jpg
Surrealism,Nu au soleil noir,Andre Masson,1944,https://uploads0.wikiart.org/images/andre-masson/nu-au-soleil-noir.jpg
Surrealism,Tightrope walkers,Remedios Varo,1944,https://uploads6.wikiart.org/images/remedios-varo/tightrope-walkers-1944.jpg
Surrealism,L'amour trouble,Jacques Hérold,1944,https://uploads5.wikiart.org/images/jacques-h-rold/l-amour-trouble-1944.jpg
Surrealism,Biological Discovery,Jimmy Ernst,1944,https://uploads7.wikiart.org/images/jimmy-ernst/biological-discovery-1944.jpg
Surrealism,Werewolf,Andre Masson,1944,https://uploads0.wikiart.org/images/andre-masson/werewolf.jpg
Surrealism,Nocturne,Andre Masson,1944,https://uploads0.wikiart.org/images/andre-masson/nocturne.jpg
Surrealism,Amorphic Forms,William Baziotes,1944,https://uploads6.wikiart.org/images/william-baziotes/amorphic-forms-1944.jpg
Surrealism,The Fawn,Alexander Calder,1944,https://uploads2.wikiart.org/images/alexander-calder/the-circus-1944.jpg
Surrealism,"Dora Maar avec un fume-cigarette, dans son salon, rue de Savoie, Paris",Brassai,1944,https://uploads5.wikiart.org/images/brassai/dora-maar-avec-un-fume-cigarette-dans-son-salon-rue-de-savoie-paris-1944.jpg
Surrealism,Dream of Luxury,Dorothea Tanning,1944,https://uploads7.wikiart.org/images/dorothea-tanning/dream-of-luxury-1944.jpg
Surrealism,Endgame,Dorothea Tanning,1944,https://uploads8.wikiart.org/images/dorothea-tanning/endgame-1944.jpg
Surrealism,The Civilizing Influence,Dorothea Tanning,1944,https://uploads7.wikiart.org/images/dorothea-tanning/the-civilizing-influence-1944.jpg
Surrealism,Head,Victor Brauner,1944,https://uploads3.wikiart.org/images/victor-brauner/head-1944.jpg
Surrealism,L'homme oiseau,Victor Brauner,1944,https://uploads4.wikiart.org/images/victor-brauner/l-homme-oiseau-1944.jpg
Surrealism,Fecundidad,Carlos Merida,1944,https://uploads8.wikiart.org/images/carlos-merida/fecundidad-1944.jpg
Surrealism,From Another Approach,Kay Sage,1944,https://uploads5.wikiart.org/images/kay-sage/from-another-approach-1944.jpg
Surrealism,I Saw Three Cities,Kay Sage,1944,https://uploads2.wikiart.org/images/kay-sage/i-saw-three-cities-1944.jpg
Surrealism,Portrait de femme à la cathédrale de Sens,Le Corbusier,1944,https://uploads0.wikiart.org/images/le-corbusier/portrait-de-femme-la-cath-drale-de-sens-1944.jpg
Surrealism,El nacimiento de los pájaros,Gunther Gerzso,1944,https://uploads0.wikiart.org/images/gunther-gerzso/el-nacimiento-de-los-p-jaros-1944.jpg
Surrealism,St. Elmo's Fire,Enrico Donati,1944,https://uploads3.wikiart.org/images/enrico-donati/st-elmo-s-fire-1944.jpg
Surrealism,Magician's Game,David Hare,1944,https://uploads1.wikiart.org/images/david-hare/magician-s-game-1944.jpg
Surrealism,A palette of imagery,Adolph Gottlieb,1944,https://uploads2.wikiart.org/images/adolph-gottlieb/a-palette-of-imagery-1944.jpg
Surrealism,The God of the Bay of Roses,Salvador Dali,1944,https://uploads5.wikiart.org/00175/images/salvador-dali/the-god-of-the-bay-of-roses.jpg
Surrealism,Composicion IV,Oswaldo Vigas,1944,https://uploads1.wikiart.org/00175/images/oswaldo-vigas/118-b.jpg
Surrealism,THE VINE,Alexander Calder,1944,https://uploads5.wikiart.org/00209/images/alexander-calder/the-vine-1944.jpg
Surrealism,UPSTANDING T,Alexander Calder,1944,https://uploads0.wikiart.org/00209/images/alexander-calder/upstanding-t-1944.jpg
Surrealism,FETISHES,Alexander Calder,1944,https://uploads5.wikiart.org/00209/images/alexander-calder/fetishes-1944.jpg
Surrealism,El Racimo De Uvas,Maruja Mallo,1944,https://uploads2.wikiart.org/00219/images/maruja-mallo/el-racimo-de-uvas-1944.jpg
Surrealism,Horned Forms,Graham Sutherland,1944,https://uploads3.wikiart.org/00228/images/graham-sutherland/horned-forms-1944.jpg
Surrealism,The Skeletons,Paul Delvaux,1944,https://uploads5.wikiart.org/00281/images/paul-delvaux/the-skeletons-1944.jpg
Surrealism,The Rising Sun,Anton Prinner,1944,https://uploads2.wikiart.org/00333/images/anton-prinner/the-rising-sun-1944.jpg
Surrealism,Moses,Frida Kahlo,1945,https://uploads4.wikiart.org/images/magdalena-carmen-frieda-kahlo-y-calderón-de-rivera/moses-1945.jpg
Surrealism,Without Hope,Frida Kahlo,1945,https://uploads2.wikiart.org/images/magdalena-carmen-frieda-kahlo-y-calderón-de-rivera/without-hope-1945.jpg
Surrealism,Good Hope Road,Arshile Gorky,1945,https://uploads7.wikiart.org/images/arshile-gorky/good-hope-road.jpg
Surrealism,Diary of a Seducer,Arshile Gorky,1945,https://uploads6.wikiart.org/images/arshile-gorky/moma.jpg
Surrealism,"Homage to the artist's wife, Marusia",David Burliuk,1945,https://uploads0.wikiart.org/images/david-burliuk/homage-to-the-artist-s-wife-marusia-1945(1).jpg
Surrealism,Mythological Scene,David Burliuk,1945,https://uploads7.wikiart.org/images/david-burliuk/mythological-scene-1945.jpg
Surrealism,The soul of the city,Marc Chagall,1945,https://uploads8.wikiart.org/images/marc-chagall/the-soul-of-the-city-1945.jpg
Surrealism,The Wedding Candles,Marc Chagall,1945,https://uploads2.wikiart.org/images/marc-chagall/the-wedding-candles.jpg
Surrealism,Balcony,M.C. Escher,1945,https://uploads6.wikiart.org/images/m-c-escher/balcony.jpg
Surrealism,Doric Columns,M.C. Escher,1945,https://uploads3.wikiart.org/images/m-c-escher/doric-columns.jpg
Surrealism,Temporary Academy Diploma,M.C. Escher,1945,https://uploads6.wikiart.org/images/m-c-escher/temporary-academy-diploma.jpg
Surrealism,Alice in Wonderland,Rene Magritte,1945,https://uploads2.wikiart.org/images/rene-magritte/alice-in-wonderland-1945(1).jpg
Surrealism,Applied dialectics,Rene Magritte,1945,https://uploads1.wikiart.org/images/rene-magritte/applied-dialectics-1945(1).jpg
Surrealism,Black Magic,Rene Magritte,1945,https://uploads3.wikiart.org/images/rene-magritte/black-magic-1945(1).jpg
Surrealism,Natural encounters,Rene Magritte,1945,https://uploads1.wikiart.org/images/rene-magritte/natural-encounters-1945(1).jpg
Surrealism,Autumn Sonata,Salvador Dali,1945,https://uploads6.wikiart.org/images/salvador-dali/autumn-sonata.jpg
Surrealism,Design for the Film 'Spellbound' (1),Salvador Dali,1945,https://uploads7.wikiart.org/images/salvador-dali/design-for-the-film-spellbound-1.jpg
Surrealism,Design for the Film 'Spellbound' (2),Salvador Dali,1945,https://uploads7.wikiart.org/images/salvador-dali/design-for-the-film-spellbound-2.jpg
Surrealism,Design for the set of the film 'Spellbound',Salvador Dali,1945,https://uploads7.wikiart.org/images/salvador-dali/design-for-the-set-of-the-film-spellbound.jpg
Surrealism,Don Quixote and the Windmills,Salvador Dali,1945,https://uploads4.wikiart.org/images/salvador-dali/don-quixote-and-the-windmills.jpg
Surrealism,Fountain of Milk Spreading Itself Uselessly on Three Shoes,Salvador Dali,1945,https://uploads6.wikiart.org/images/salvador-dali/fountain-of-milk-spreading-itself-uselessly-on-three-shoes.jpg
Surrealism,Melancholy Atomic,Salvador Dali,1945,https://uploads1.wikiart.org/images/salvador-dali/melancholy-atomic.jpg
Surrealism,"My Wife, Nude, Contemplating Her Own Flesh Becoming Stairs, Three Vertebrae of a Column, Sky and Architecture",Salvador Dali,1945,https://uploads4.wikiart.org/images/salvador-dali/my-wife-nude-contemplating-her-own-flesh-becoming-stairs-three-vertebrae-of-a-column-sky-and.jpg
Surrealism,Portrait of Frau. Isabel Styler-Tas,Salvador Dali,1945,https://uploads0.wikiart.org/images/salvador-dali/portrait-of-frau-isabel-styler-tas.jpg
Surrealism,Resurrection of the Flesh,Salvador Dali,1945,https://uploads0.wikiart.org/images/salvador-dali/resurrection-of-the-flesh.jpg
Surrealism,Spellbound,Salvador Dali,1945,https://uploads3.wikiart.org/images/salvador-dali/spellbound.jpg
Surrealism,The Broken Bridge and the Dream,Salvador Dali,1945,https://uploads6.wikiart.org/images/salvador-dali/the-broken-bridge-and-the-dream.jpg
Surrealism,The Eye,Salvador Dali,1945,https://uploads0.wikiart.org/images/salvador-dali/the-eye.jpg
Surrealism,Three Apparitions of the Visage of Gala,Salvador Dali,1945,https://uploads5.wikiart.org/images/salvador-dali/three-apparitions-of-the-visage-of-gala.jpg
Surrealism,Untitled - Portrait of a Woman,Salvador Dali,1945,https://uploads3.wikiart.org/images/salvador-dali/untitled-portrait-of-a-woman.jpg
Surrealism,Untitled - Scene with Marine Allegory,Salvador Dali,1945,https://uploads1.wikiart.org/images/salvador-dali/untitled-scene-with-marine-allegory.jpg
Surrealism,Victory (Woman Metamorphosing Into A Boat With Angels),Salvador Dali,1945,https://uploads0.wikiart.org/images/salvador-dali/victory-woman-metamorphosing-into-a-boat-with-angels.jpg
Surrealism,Child with flower,Pablo Picasso,1945,https://uploads6.wikiart.org/images/pablo-picasso/child-with-flower-1945.jpg
Surrealism,Crane and pitcher,Pablo Picasso,1945,https://uploads6.wikiart.org/images/pablo-picasso/crane-and-pitcher-1945.jpg
Surrealism,Figure,Pablo Picasso,1945,https://uploads4.wikiart.org/images/pablo-picasso/figure-1945.jpg
Surrealism,Seated woman with flat hat,Pablo Picasso,1945,https://uploads6.wikiart.org/images/pablo-picasso/seated-woman-with-flat-hat-1945.jpg
Surrealism,The mass grave,Pablo Picasso,1945,https://uploads7.wikiart.org/images/pablo-picasso/the-mass-grave.jpg
Surrealism,Woman and Bird in the Night,Joan Miro,1945,https://uploads8.wikiart.org/images/joan-miro/not_detected_227934.jpg
Surrealism,The Port,Joan Miro,1945,https://uploads8.wikiart.org/images/joan-miro/not_detected_227985.jpg
Surrealism,The Bull Fight,Joan Miro,1945,https://uploads3.wikiart.org/images/joan-miro/the-bull-fight.jpg
Surrealism,Women Sonando Evasion,Joan Miro,1945,https://uploads1.wikiart.org/images/joan-miro/women-sonando-evasion.jpg
Surrealism,Woman with a Daffodil,Lucian Freud,1945,https://uploads4.wikiart.org/images/lucian-freud/woman-with-a-daffodil.jpg
Surrealism,Woman with a Tulip,Lucian Freud,1945,https://uploads6.wikiart.org/images/lucian-freud/woman-with-a-tulip-1945.jpg
Surrealism,Cocktail Drinker,Max Ernst,1945,https://uploads1.wikiart.org/images/max-ernst/cocktail-drinker-1945.jpg
Surrealism,Euclid,Max Ernst,1945,https://uploads0.wikiart.org/images/max-ernst/euclid-1945.jpg
Surrealism,Temptation of St. Anthony,Max Ernst,1945,https://uploads0.wikiart.org/images/max-ernst/temptation-of-st-anthony-1945.jpg
Surrealism,Vox Angelica,Max Ernst,1945,https://uploads6.wikiart.org/images/max-ernst/vox-angelica-1945.jpg
Surrealism,Archaic Idol,Mark Rothko,1945,https://uploads3.wikiart.org/images/mark-rothko/archaic-idol.jpg
Surrealism,Untitled,Mark Rothko,1944-1945,https://uploads1.wikiart.org/images/mark-rothko/not_detected_242119.jpg
Surrealism,Untitled,Mark Rothko,1945,https://uploads1.wikiart.org/images/mark-rothko/not_detected_242121.jpg
Surrealism,Fantasy,Mark Rothko,1945,https://uploads1.wikiart.org/images/mark-rothko/not_detected_242126.jpg
Surrealism,Primeval Landscape,Mark Rothko,1945,https://uploads0.wikiart.org/images/mark-rothko/primeval-landscape.jpg
Surrealism,Rites of Lilith,Mark Rothko,1945,https://uploads6.wikiart.org/images/mark-rothko/rites-of-lilith.jpg
Surrealism,Lamp,Paul Delvaux,1945,https://uploads1.wikiart.org/images/paul-delvaux/lamp-1945.jpg
Surrealism,The Temptation of Saint Anthony,Paul Delvaux,1945,https://uploads1.wikiart.org/images/paul-delvaux/the-temptation-of-saint-anthony-1945.jpg
Surrealism,Woman with mirror,Paul Delvaux,1945,https://uploads5.wikiart.org/images/paul-delvaux/woman-with-mirror-1945.jpg
Surrealism,Minors,Andre Masson,1945,https://uploads7.wikiart.org/images/andre-masson/minors.jpg
Surrealism,A Summer Night's Melancholy,Michael Sowa,XX cent.,https://uploads1.wikiart.org/images/michael-sowa/a-summer-night-s-melancholy.jpg
Surrealism,A Turkey Provides Seven Kinds of Meat,Michael Sowa,XX cent.,https://uploads2.wikiart.org/images/michael-sowa/a-turkey-provides-seven-kinds-of-meat.jpg
Surrealism,Ark,Michael Sowa,XX cent.,https://uploads4.wikiart.org/images/michael-sowa/ark.jpg
Surrealism,Ark (detail),Michael Sowa,XX cent.,https://uploads2.wikiart.org/images/michael-sowa/ark-detail.jpg
Surrealism,Ark (detail),Michael Sowa,XX cent.,https://uploads4.wikiart.org/images/michael-sowa/ark-detail-1.jpg
Surrealism,Ark (detail),Michael Sowa,XX cent.,https://uploads4.wikiart.org/images/michael-sowa/ark-detail-2.jpg
Surrealism,Big Buzzer,Michael Sowa,XX cent.,https://uploads2.wikiart.org/images/michael-sowa/big-buzzer.jpg
Surrealism,Biker,Michael Sowa,XX cent.,https://uploads6.wikiart.org/images/michael-sowa/biker.jpg
Surrealism,Carpathian Chicken,Michael Sowa,XX cent.,https://uploads1.wikiart.org/images/michael-sowa/carpathian-chicken.jpg
Surrealism,February,Michael Sowa,XX cent.,https://uploads0.wikiart.org/images/michael-sowa/february.jpg
Surrealism,Friends,Michael Sowa,XX cent.,https://uploads8.wikiart.org/images/michael-sowa/friends.jpg
Surrealism,Giraffe,Michael Sowa,XX cent.,https://uploads8.wikiart.org/images/michael-sowa/giraffe.jpg
Surrealism,Greetings From Berlin,Michael Sowa,XX cent.,https://uploads4.wikiart.org/images/michael-sowa/greetings-from-berlin.jpg
Surrealism,Happy Easter,Michael Sowa,XX cent.,https://uploads4.wikiart.org/images/michael-sowa/happy-easter.jpg
Surrealism,Haunted City,Michael Sowa,XX cent.,https://uploads4.wikiart.org/images/michael-sowa/haunted-city.jpg
Surrealism,Herbert,Michael Sowa,XX cent.,https://uploads8.wikiart.org/images/michael-sowa/herbert.jpg
Surrealism,Highway Pig,Michael Sowa,XX cent.,https://uploads3.wikiart.org/images/michael-sowa/highway-pig.jpg
Surrealism,Instant Relief Therapy,Michael Sowa,XX cent.,https://uploads5.wikiart.org/images/michael-sowa/instant-relief-therapy.jpg
Surrealism,"Man, Table, Fish",Michael Sowa,XX cent.,https://uploads6.wikiart.org/images/michael-sowa/man-table-fish.jpg
Surrealism,Midsummer Night,Michael Sowa,XX cent.,https://uploads7.wikiart.org/images/michael-sowa/midsummer-night.jpg
Surrealism,Moving House,Michael Sowa,XX cent.,https://uploads4.wikiart.org/images/michael-sowa/moving-house.jpg
Surrealism,On The Road,Michael Sowa,XX cent.,https://uploads3.wikiart.org/images/michael-sowa/on-the-road.jpg
Surrealism,Pink Flamingos,Michael Sowa,XX cent.,https://uploads6.wikiart.org/images/michael-sowa/pink-flamingos.jpg
Surrealism,Portrait of a Singer,Michael Sowa,XX cent.,https://uploads3.wikiart.org/images/michael-sowa/portrait-of-a-singer.jpg
Surrealism,Quiet Days,Michael Sowa,XX cent.,https://uploads2.wikiart.org/images/michael-sowa/quiet-days.jpg
Surrealism,Rabbit In Front Of The Mirror,Michael Sowa,XX cent.,https://uploads3.wikiart.org/images/michael-sowa/rabbit-in-front-of-the-mirror.jpg
Surrealism,Rabbit on a Train (detail),Michael Sowa,XX cent.,https://uploads7.wikiart.org/images/michael-sowa/rabbit-on-a-train-detail.jpg
Surrealism,Rabbit on a Train (detail),Michael Sowa,XX cent.,https://uploads0.wikiart.org/images/michael-sowa/rabbit-on-a-train-detail-1.jpg
Surrealism,Sailor's Lot (detail),Michael Sowa,XX cent.,https://uploads2.wikiart.org/images/michael-sowa/sailor-s-lot-detail.jpg
Surrealism,Sailor's Lot (detail),Michael Sowa,XX cent.,https://uploads4.wikiart.org/images/michael-sowa/sailor-s-lot-detail-1.jpg
Surrealism,Satellites of Pig,Michael Sowa,XX cent.,https://uploads0.wikiart.org/images/michael-sowa/satellites-of-pig.jpg
Surrealism,School of Fish,Michael Sowa,XX cent.,https://uploads6.wikiart.org/images/michael-sowa/school-of-fish.jpg
Surrealism,Sharks of Suburbia,Michael Sowa,XX cent.,https://uploads1.wikiart.org/images/michael-sowa/sharks-of-suburbia.jpg
Surrealism,Sheep with Laptops,Michael Sowa,XX cent.,https://uploads1.wikiart.org/images/michael-sowa/sheepwith-lap-tops.jpg
Surrealism,Shop window rabbit,Michael Sowa,XX cent.,https://uploads1.wikiart.org/images/michael-sowa/shop-window-rabbit.jpg
Surrealism,The Bear,Michael Sowa,XX cent.,https://uploads0.wikiart.org/images/michael-sowa/the-bear.jpg
Surrealism,The Broken Paw,Michael Sowa,XX cent.,https://uploads6.wikiart.org/images/michael-sowa/the-broken-paw.jpg
Surrealism,The Great Spring Tide of 1858,Michael Sowa,XX cent.,https://uploads3.wikiart.org/images/michael-sowa/the-great-spring-tide-of-1858.jpg
Surrealism,The Last Hours of Pompei,Michael Sowa,XX cent.,https://uploads7.wikiart.org/images/michael-sowa/the-last-hours-of-pompei.jpg
Surrealism,The Nibelungs. There goes another Legend,Michael Sowa,XX cent.,https://uploads4.wikiart.org/images/michael-sowa/the-nibelungs-there-goes-another-legend.jpg
Surrealism,The Outing (detail),Michael Sowa,XX cent.,https://uploads0.wikiart.org/images/michael-sowa/the-outing-detail.jpg
Surrealism,The Outing (detail),Michael Sowa,XX cent.,https://uploads2.wikiart.org/images/michael-sowa/the-outing-detail-1.jpg
Surrealism,The Passage,Michael Sowa,XX cent.,https://uploads3.wikiart.org/images/michael-sowa/the-passage.jpg
Surrealism,The Rooster Goes on a Trip,Michael Sowa,XX cent.,https://uploads0.wikiart.org/images/michael-sowa/the-rooster-goes-on-a-trip.jpg
Surrealism,The Visit,Michael Sowa,XX cent.,https://uploads1.wikiart.org/images/michael-sowa/the-visit.jpg
Surrealism,Their Master's Voice,Michael Sowa,XX cent.,https://uploads3.wikiart.org/images/michael-sowa/their-master-s-voice.jpg
Surrealism,Untitled,Michael Sowa,XX cent.,https://uploads0.wikiart.org/images/michael-sowa/untitled.jpg
Surrealism,We Want No Pigs in Dodensted (detail),Michael Sowa,XX cent.,https://uploads0.wikiart.org/images/michael-sowa/we-want-no-pigs-in-dodensted-detail.jpg
Surrealism,We Want No Pigs in Dodensted (detail),Michael Sowa,XX cent.,https://uploads2.wikiart.org/images/michael-sowa/we-want-no-pigs-in-dodensted-detail-1.jpg
Surrealism,Woman with Moth,Michael Sowa,XX cent.,https://uploads7.wikiart.org/images/michael-sowa/woman-with-moth.jpg
Surrealism,X-mas is Coming,Michael Sowa,XX cent.,https://uploads6.wikiart.org/images/michael-sowa/x-masis-coming.jpg
Surrealism,My friend Agustin Lazo,Remedios Varo,1945,https://uploads2.wikiart.org/images/remedios-varo/my-friend-agustin-lazo-1945.jpg
Surrealism,Weird life,Remedios Varo,1945,https://uploads8.wikiart.org/images/remedios-varo/weird-life-1945.jpg
Surrealism,La Femmoiselle,Jacques Hérold,1945,https://uploads4.wikiart.org/images/jacques-h-rold/la-femmoiselle-1945.jpg
Surrealism,Girl with a Skipping Rope,Oscar Dominguez,1945,https://uploads7.wikiart.org/images/oscar-dominguez/girl-with-a-skipping-rope-1945.jpg
Surrealism,Les Odalisques,Oscar Dominguez,1945,https://uploads5.wikiart.org/images/oscar-dominguez/les-odalisques-1945.jpg
Surrealism,"Illustration for ""Le vampire passif""",Gherasim Luca,1945,https://uploads5.wikiart.org/images/gherasim-luca/illustration-for-le-vampire-passif-1945.jpg
Surrealism,The Letter L (OOO),Gherasim Luca,1945,https://uploads5.wikiart.org/images/gherasim-luca/the-letter-l-ooo-1945.jpg
Surrealism,Cubomanie IV,Gherasim Luca,1945,https://uploads1.wikiart.org/images/gherasim-luca/cubomanie-iv-1945.jpg
Surrealism,"Arizona Landscape, 1945 (gelatin silver photograph)",Frederick Sommer,1945,https://uploads4.wikiart.org/images/frederick-sommer/arizona-landscape-1945-gelatin-silver-photograph-1945.jpg
Surrealism,Coyotes,Frederick Sommer,1945,https://uploads8.wikiart.org/images/frederick-sommer/coyotes-1945.jpg
Surrealism,Coyote,Frederick Sommer,1945,https://uploads7.wikiart.org/images/frederick-sommer/coyote-1945.jpg
Surrealism,"Taylor, Arizona",Frederick Sommer,1945,https://uploads6.wikiart.org/images/frederick-sommer/taylor-arizona-1945.jpg
Surrealism,Les deux oiseaux,Etienne Hajdu,1945,https://uploads5.wikiart.org/images/etienne-hajdu/les-deux-oiseaux-1945.jpg
Surrealism,Les arbres des quais avec le Pont-Neuf,Brassai,1945,https://uploads3.wikiart.org/images/brassai/les-arbres-des-quais-avec-le-pont-neuf-1945.jpg
Surrealism,The Cat,Brassai,1945,https://uploads8.wikiart.org/images/brassai/the-cat-1945.jpg
Surrealism,"Graffiti, Paris",Brassai,1945,https://uploads6.wikiart.org/images/brassai/graffiti-paris-1945.jpg
Surrealism,The Strange Influence of Neptune (Surautomatism),Dolfi Trost,1945,https://uploads6.wikiart.org/images/dolfi-trost/the-strange-influence-of-neptune-surautomatism-1945.jpg
Surrealism,? (Surautomatism),Dolfi Trost,1945,https://uploads0.wikiart.org/images/dolfi-trost/surautomatism-1945.jpg
Surrealism,Disorders Provoked by Venus (Surautomatism),Dolfi Trost,1945,https://uploads1.wikiart.org/images/dolfi-trost/disorders-provoked-by-venus-surautomatism-1945.jpg
Surrealism,Whip His Image Until Bleeding (Hypnagogic Movement),Dolfi Trost,1945,https://uploads0.wikiart.org/images/dolfi-trost/whip-his-image-until-bleeding-hypnagogic-movement-1945.jpg
Surrealism,Astrological Correspondence of Colors (Vaporization),Dolfi Trost,1945,https://uploads1.wikiart.org/images/dolfi-trost/astrological-correspondence-of-colors-vaporization-1945.jpg
Surrealism,Trace of a Non-Periodical Comet (Vaporization),Dolfi Trost,1945,https://uploads4.wikiart.org/images/dolfi-trost/trace-of-a-non-periodical-comet-vaporization-1945.jpg
Surrealism,Astrological Homeopathy (Indecipherable Divination),Dolfi Trost,1945,https://uploads0.wikiart.org/images/dolfi-trost/astrological-homeopathy-indecipherable-divination-1945.jpg
Surrealism,? (Indecipherable Divination),Dolfi Trost,1945,https://uploads3.wikiart.org/images/dolfi-trost/indecipherable-divination-1945.jpg
Surrealism,Transfer & Placement Into a Dream (Vaporization),Dolfi Trost,1945,https://uploads4.wikiart.org/images/dolfi-trost/transfer-placement-into-a-dream-vaporization-1945.jpg
Surrealism,The Mania of Revolution (Vaporization),Dolfi Trost,1945,https://uploads5.wikiart.org/images/dolfi-trost/the-mania-of-revolution-vaporization-1945.jpg
Surrealism,? (Surautomatism),Dolfi Trost,1945,https://uploads2.wikiart.org/images/dolfi-trost/surautomatism-1945-1.jpg
Surrealism,Vision dans le cristal (Surautomatisme),Dolfi Trost,1945,https://uploads6.wikiart.org/images/dolfi-trost/vision-dans-le-cristal-surautomatisme-1945.jpg
Surrealism,Forever (Hypnagogic Movement),Dolfi Trost,1945,https://uploads5.wikiart.org/images/dolfi-trost/forever-hypnagogic-movement-1945.jpg
Surrealism,? (Hypnagogic Movement),Dolfi Trost,1945,https://uploads6.wikiart.org/images/dolfi-trost/hypnagogic-movement-1945.jpg
Surrealism,The Temptation of Saint Anthony,Dorothea Tanning,1945,https://uploads5.wikiart.org/images/dorothea-tanning/the-temptation-of-saint-anthony-1945.jpg
Surrealism,Beautiful Girl,Dorothea Tanning,1945,https://uploads6.wikiart.org/images/dorothea-tanning/beautiful-girl-1945.jpg
Surrealism,Magical Forms,Lorser Feitelson,1945,https://uploads5.wikiart.org/images/lorser-feitelson/magical-forms-1945.jpg
Surrealism,Untitled (The Hotel Eden),Joseph Cornell,1945,https://uploads4.wikiart.org/images/joseph-cornell/untitled-the-hotel-eden-1945.jpg
Surrealism,La pétrification de la papesse,Victor Brauner,1945,https://uploads2.wikiart.org/images/victor-brauner/la-p-trification-de-la-papesse-1945.jpg
Surrealism,Apertado pela Fome,Marcelino Vespeira,1945,https://uploads3.wikiart.org/images/marcelino-vespeira/apertado-pela-fome-1945.jpg
Surrealism,Corralled,Boris Margo,1945,https://uploads5.wikiart.org/images/boris-margo/corralled-1945.jpg
Surrealism,From an Omnious Chord,Boris Margo,1945,https://uploads8.wikiart.org/images/boris-margo/from-an-omnious-chord-1945.jpg
Surrealism,Ignes Fatui,Boris Margo,1945,https://uploads7.wikiart.org/images/boris-margo/ignes-fatui-1945.jpg
Surrealism,Pleistocene Monarchs #2,Boris Margo,1945,https://uploads0.wikiart.org/images/boris-margo/pleistocene-monarchs-2-1945.jpg
Surrealism,Dahlia,Edward Wadsworth,1945,https://uploads1.wikiart.org/images/edward-wadsworth/dahlia-1945(1).jpg
Surrealism,The Truth About Comets,Dorothea Tanning,1945,https://uploads5.wikiart.org/images/dorothea-tanning/the-truth-about-comets-1945.jpg
Surrealism,Dos personajes,Gunther Gerzso,1945,https://uploads4.wikiart.org/images/gunther-gerzso/dos-personajes-1945.jpg
Surrealism,Untitled,Conrad Marca-Relli,1945,https://uploads2.wikiart.org/images/conrad-marca-relli/untitled-1945.jpg
Surrealism,Archimboldo,Enrico Donati,1945,https://uploads0.wikiart.org/images/enrico-donati/archimboldo-1945.jpg
Surrealism,Corte d'Appello,Enrico Donati,1945,https://uploads4.wikiart.org/images/enrico-donati/corte-d-appello-1945.jpg
Surrealism,L'oeil de nuit,Enrico Donati,1945,https://uploads3.wikiart.org/images/enrico-donati/l-oeil-de-nuit-1945.jpg
Surrealism,Roi d'eclair,Enrico Donati,1945,https://uploads1.wikiart.org/images/enrico-donati/roi-d-eclair-1945.jpg
Surrealism,El abajorro,Esteban Frances,1945,https://uploads2.wikiart.org/images/esteban-frances/el-abajorro-1945.jpg
Surrealism,Way Down Blue,Balcomb Greene,1945,https://uploads3.wikiart.org/images/balcomb-greene/way-down-blue-1945.jpg
Surrealism,Portrait of a Passionate Woman,Salvador Dali,1945,https://uploads1.wikiart.org/00152/images/salvador-dali/zzz-salvador-dali-portrait-of-a-passionate-woman1945.jpg
Surrealism,Industrielandschaft,Franz Sedlacek,XX cent.,https://uploads6.wikiart.org/00167/images/franz-sedlacek/industrielandschaft.jpg
Surrealism,Eclipse of the Sunflower,Paul Nash,1945,https://uploads6.wikiart.org/00269/images/paul-nash/eclipse-of-the-sunflower.jpg
Surrealism,"Tree of Hope, Remain Strong",Frida Kahlo,1946,https://uploads7.wikiart.org/images/magdalena-carmen-frieda-kahlo-y-calderón-de-rivera/tree-of-hope-remain-strong-1946.jpg
Surrealism,Charred Beloved II,Arshile Gorky,1946,https://uploads2.wikiart.org/images/arshile-gorky/charred-beloved-ii.jpg
Surrealism,Fireplace in Virginia,Arshile Gorky,1946,https://uploads5.wikiart.org/images/arshile-gorky/fireplace-in-virginia.jpg
Surrealism,From a High Place II,Arshile Gorky,1946,https://uploads4.wikiart.org/images/arshile-gorky/from-a-high-place-ii.jpg
Surrealism,Nude,Arshile Gorky,1946,https://uploads6.wikiart.org/images/arshile-gorky/nude.jpg
Surrealism,Untitled,Arshile Gorky,1946,https://uploads1.wikiart.org/images/arshile-gorky/untitled.jpg
Surrealism,Cow with Parasol,Marc Chagall,1946,https://uploads4.wikiart.org/images/marc-chagall/cow-with-parasol-1946.jpg
Surrealism,Eye,M.C. Escher,1946,https://uploads2.wikiart.org/images/m-c-escher/eye.jpg
Surrealism,Eye Colour,M.C. Escher,1946,https://uploads0.wikiart.org/images/m-c-escher/eye-colour.jpg
Surrealism,Gallery,M.C. Escher,1946,https://uploads6.wikiart.org/images/m-c-escher/gallery.jpg
Surrealism,"Street in Scanno, Abruzzi",M.C. Escher,1946,https://uploads0.wikiart.org/images/m-c-escher/not_detected_204727.jpg
Surrealism,Three Spheres II,M.C. Escher,1946,https://uploads6.wikiart.org/images/m-c-escher/three-spheres-ii.jpg
Surrealism,Flowers of Evil,Rene Magritte,1946,https://uploads7.wikiart.org/images/rene-magritte/flowers-of-evil-1946(1).jpg
Surrealism,Poster - Exciting perfumes by Mem,Rene Magritte,1946,https://uploads5.wikiart.org/images/rene-magritte/poster-exciting-perfumes-by-mem-1946(1).jpg
Surrealism,"Soir d'orage, strange perfume by mem",Rene Magritte,1946,https://uploads4.wikiart.org/images/rene-magritte/soir-d-orage-strange-perfume-by-mem(1).jpg
Surrealism,The cut-glass bath,Rene Magritte,1946,https://uploads1.wikiart.org/images/rene-magritte/the-cut-glass-bath-1946(1).jpg
Surrealism,The Intelligence,Rene Magritte,1946,https://uploads8.wikiart.org/images/rene-magritte/the-intelligence-1946(1).jpg
Surrealism,The sea of flames,Rene Magritte,1946,https://uploads0.wikiart.org/images/rene-magritte/the-sea-of-flames-1946(1).jpg
Surrealism,The taste of tears,Rene Magritte,1946,https://uploads1.wikiart.org/images/rene-magritte/the-taste-of-tears-1946(1).jpg
Surrealism,Apparition of a Couple in the Desert,Salvador Dali,1946,https://uploads2.wikiart.org/images/salvador-dali/apparition-of-a-couple-in-the-desert.jpg
Surrealism,Apparition of a Woman and Suspended Architecture in the Desert,Salvador Dali,1946,https://uploads1.wikiart.org/images/salvador-dali/apparition-of-a-woman-and-suspended-architecture-in-the-desert.jpg
Surrealism,Christmas (Noel),Salvador Dali,1946,https://uploads7.wikiart.org/images/salvador-dali/christmas-noel.jpg
Surrealism,Composition - Portrait of Mrs. Eva Kolsman,Salvador Dali,1946,https://uploads5.wikiart.org/images/salvador-dali/composition-portrait-of-mrs-eva-kolsman.jpg
Surrealism,Double Image for 'Destino',Salvador Dali,1946,https://uploads8.wikiart.org/images/salvador-dali/double-image-for-destino.jpg
Surrealism,Flower in the Desert,Salvador Dali,1946,https://uploads4.wikiart.org/images/salvador-dali/flower-in-the-desert.jpg
Surrealism,Giant Flying Mocca Cup with an Inexplicable Five Metre Appendage,Salvador Dali,1946,https://uploads3.wikiart.org/images/salvador-dali/giant-flying-mocca-cup-with-an-inexplicable-five-metre-appendage.jpg
Surrealism,Nude in the Desert Landscape,Salvador Dali,1946,https://uploads3.wikiart.org/images/salvador-dali/nude-in-the-desert-landscape.jpg
Surrealism,The Stain,Salvador Dali,1946,https://uploads2.wikiart.org/images/salvador-dali/the-stain.jpg
Surrealism,The Temptation of St. Anthony,Salvador Dali,1946,https://uploads3.wikiart.org/images/salvador-dali/the-temptation-of-st-anthony.jpg
Surrealism,Untitled (Spanish Dances in a Landscape),Salvador Dali,1946,https://uploads4.wikiart.org/images/salvador-dali/untitled-spanish-dances-in-a-landscape.jpg
Surrealism,Composition,Pablo Picasso,1946,https://uploads0.wikiart.org/images/pablo-picasso/composition-1946.jpg
Surrealism,"Crane, book and oil lamp",Pablo Picasso,1946,https://uploads3.wikiart.org/images/pablo-picasso/crane-book-and-oil-lamp-1946.jpg
Surrealism,Lust for life (Pastorale),Pablo Picasso,1946,https://uploads3.wikiart.org/images/pablo-picasso/lust-for-life-pastorale-1946.jpg
Surrealism,Owl on a chair and sea urchins,Pablo Picasso,1946,https://uploads1.wikiart.org/images/pablo-picasso/owl-on-a-chair-and-sea-urchins-1946.jpg
Surrealism,Still life with skull on an armchair,Pablo Picasso,1946,https://uploads7.wikiart.org/images/pablo-picasso/still-life-with-skull-on-an-armchair-1946.jpg
Surrealism,Two nude women,Pablo Picasso,1946,https://uploads3.wikiart.org/images/pablo-picasso/two-nude-women-1946.jpg
Surrealism,Ulysses and sirens,Pablo Picasso,1946,https://uploads7.wikiart.org/images/pablo-picasso/ulysses-and-sirens-1946.jpg
Surrealism,Women and Birds at Sunrise,Joan Miro,1946,https://uploads6.wikiart.org/images/joan-miro/women-and-birds-at-sunrise.jpg
Surrealism,Portrait of a Man,Lucian Freud,1946,https://uploads0.wikiart.org/images/lucian-freud/portrait-of-a-man.jpg
Surrealism,The Phases of the Night,Max Ernst,1946,https://uploads8.wikiart.org/images/max-ernst/the-phases-of-the-night-1946.jpg
Surrealism,Untitled,Mark Rothko,1946,https://uploads1.wikiart.org/images/mark-rothko/not_detected_242122.jpg
Surrealism,Tentacles of Memory,Mark Rothko,1946,https://uploads1.wikiart.org/images/mark-rothko/tentacles-of-memory.jpg
Surrealism,A naked statue,Paul Delvaux,1946,https://uploads2.wikiart.org/images/paul-delvaux/a-naked-statue-1946.jpg
Surrealism,Nudes,Paul Delvaux,1946,https://uploads2.wikiart.org/images/paul-delvaux/nudes-1946.jpg
Surrealism,The Staircase,Paul Delvaux,1946,https://uploads1.wikiart.org/images/paul-delvaux/the-staircase-1946.jpg
Surrealism,The Two Friends,Paul Delvaux,1946,https://uploads3.wikiart.org/images/paul-delvaux/the-two-friends-1946.jpg
Surrealism,Coup of Doubt,Victor Brauner,1946,https://uploads3.wikiart.org/images/victor-brauner/coup-of-doubt-1946.jpg
Surrealism,Germination,Jacques Hérold,1946,https://uploads1.wikiart.org/images/jacques-h-rold/germination-1946.jpg
Surrealism,A Grave Situation,Roberto Matta,1946,https://uploads6.wikiart.org/images/roberto-matta/a-grave-situation-1946.jpg
Surrealism,Maisons,Maria Helena Vieira da Silva,1946,https://uploads2.wikiart.org/images/maria-helena-vieira-da-silva/maisons-1946.jpg
Surrealism,Pursued Woman,Andre Masson,1946,https://uploads5.wikiart.org/images/andre-masson/pursued-woman.jpg
Surrealism,Indeterminisme d'un amour,Gherasim Luca,1946,https://uploads5.wikiart.org/images/gherasim-luca/indeterminisme-d-un-amour-1946.jpg
Surrealism,Max Ernst,Frederick Sommer,1946,https://uploads1.wikiart.org/images/frederick-sommer/max-ernst-1946.jpg
Surrealism,A Girl Selling Flowers,Desmond Morris,1946,https://uploads3.wikiart.org/images/desmond-morris/a-girl-selling-flowers-1946.jpg
Surrealism,Over the Wall,Desmond Morris,1946,https://uploads3.wikiart.org/images/desmond-morris/over-the-wall-1946.jpg
Surrealism,Myten om ljuset,Toyen,1946,https://uploads5.wikiart.org/images/toyen/myten-om-ljuset-1946.jpg
Surrealism,Bonnard peignant ses quatre toiles (dont “l’Amandier”),Brassai,1946,https://uploads6.wikiart.org/images/brassai/bonnard-peignant-ses-quatre-toiles-dont-l-amandier-1946.jpg
Surrealism,Marie-Laure de Noailles et Léonor Fini,Brassai,1946,https://uploads3.wikiart.org/images/brassai/marie-laure-de-noailles-et-l-onor-fini-1946.jpg
Surrealism,Guardian Angels,Dorothea Tanning,1946,https://uploads7.wikiart.org/images/dorothea-tanning/guardian-angels-1946.jpg
Surrealism,Portefeuille (Pocketbook),Dorothea Tanning,1946,https://uploads6.wikiart.org/images/dorothea-tanning/portefeuille-pocketbook-1946.jpg
Surrealism,Bird Romance,Jock Macdonald,1946,https://uploads2.wikiart.org/images/jock-macdonald/bird-romance-1946.jpg
Surrealism,Birds,Jock Macdonald,1946,https://uploads4.wikiart.org/images/jock-macdonald/birds-1946.jpg
Surrealism,Untitled,Jock Macdonald,1946,https://uploads7.wikiart.org/images/jock-macdonald/untitled-1946.jpg
Surrealism,Untitled,Jock Macdonald,1946,https://uploads0.wikiart.org/images/jock-macdonald/untitled-1946-1.jpg
Surrealism,Untitled (Grand Owl Habitat),Joseph Cornell,1946,https://uploads7.wikiart.org/images/joseph-cornell/untitled-grand-owl-habitat-1946.jpg
Surrealism,Untitled (Penny Arcade Portrait of Lauren Bacall),Joseph Cornell,1946,https://uploads1.wikiart.org/images/joseph-cornell/untitled-penny-arcade-portrait-of-lauren-bacall-1946.jpg
Surrealism,Jeune figue posant pour Leonard de Vinci,Felix Labisse,1946,https://uploads2.wikiart.org/images/felix-labisse/jeune-figue-posant-pour-leonard-de-vinci-1946.jpg
Surrealism,Allegory of music,Jose Manuel Capuletti,1946,https://uploads5.wikiart.org/images/jose-manuel-capuletti/allegory-of-music-1946.jpg
Surrealism,Amor che move il Sole et l'altre Stelle,Leonora Carrington,1946,https://uploads6.wikiart.org/images/leonora-carrington/amor-che-move-il-sole-et-l-altre-stelle-1946.jpg
Surrealism,Poet in Exil,Victor Brauner,1946,https://uploads2.wikiart.org/images/victor-brauner/poet-in-exil-1946.jpg
Surrealism,Eventail du poete,Victor Brauner,1946,https://uploads7.wikiart.org/images/victor-brauner/eventail-du-poete-1946.jpg
Surrealism,Ned Kelly,Sidney Nolan,1946,https://uploads6.wikiart.org/images/sidney-nolan/ned-kelly-1946.jpg
Surrealism,Black Light,Boris Margo,1946,https://uploads7.wikiart.org/images/boris-margo/black-light-1946.jpg
Surrealism,Dancers,Boris Margo,1946,https://uploads3.wikiart.org/images/boris-margo/dancers-1946.jpg
Surrealism,Dawn Dance,Boris Margo,1946,https://uploads6.wikiart.org/images/boris-margo/dawn-dance-1946.jpg
Surrealism,Three Figures,Elmer Bischoff,1946,https://uploads3.wikiart.org/images/elmer-bischoff/three-figures-1946.jpg
Surrealism,Untitled,Elmer Bischoff,1946,https://uploads7.wikiart.org/images/elmer-bischoff/untitled-1946.jpg
Surrealism,Combate,Gunther Gerzso,1946,https://uploads6.wikiart.org/images/gunther-gerzso/combate-1946.jpg
Surrealism,Ciudá y abismos,Xul Solar,1946,https://uploads8.wikiart.org/images/xul-solar/ciud-y-abismos-1946.jpg
Surrealism,Untitled,Mario Prassinos,1946,https://uploads8.wikiart.org/images/mario-prassinos/untitled-1946.jpg
Surrealism,Waiting,Marcel Marien,1946,https://uploads5.wikiart.org/images/marcel-marien/waiting-1946.jpg
Surrealism,Chantecler,Enrico Donati,1946,https://uploads8.wikiart.org/images/enrico-donati/chantecler-1946.jpg
Surrealism,Decalcomania,Enrico Donati,1946,https://uploads1.wikiart.org/images/enrico-donati/decalcomania-1946.jpg
Surrealism,Evil Eye,Enrico Donati,1946,https://uploads6.wikiart.org/images/enrico-donati/evil-eye-1946.jpg
Surrealism,Fist,Enrico Donati,1946,https://uploads2.wikiart.org/images/enrico-donati/fist-1946.jpg
Surrealism,Untitled,Enrico Donati,1946,https://uploads6.wikiart.org/images/enrico-donati/untitled-1946.jpg
Surrealism,Earth Wader,David Hare,1946,https://uploads6.wikiart.org/images/david-hare/earth-wader-1946.jpg
Surrealism,Celdas Difíciles,Xul Solar,1946,https://uploads1.wikiart.org/images/xul-solar/celdas-dif-ciles-1946.jpg
Surrealism,Trilogy of the Desert. Mirage,Salvador Dali,1946,https://uploads3.wikiart.org/00152/images/salvador-dali/zzz-trilogy-of-the-desert-mirage1946.jpg
Surrealism,Crucifixion,Graham Sutherland,1946,https://uploads2.wikiart.org/00228/images/graham-sutherland/crucifixion-1946.jpg
Surrealism,Sketch for 'The Crucifixion',Graham Sutherland,1946,https://uploads8.wikiart.org/00228/images/graham-sutherland/sketch-for-the-crucifixion-1946.jpg
Surrealism,The Deposition,Graham Sutherland,1946,https://uploads5.wikiart.org/00228/images/graham-sutherland/the-deposition-1946.jpg
Surrealism,Flying,Endre Rozsda,1946,https://uploads0.wikiart.org/00231/images/endre-rozsda/endre-rozsda-plein-vol-1946.jpg
Surrealism,Promenade d'Élisabeth,Endre Rozsda,1946,https://uploads2.wikiart.org/00231/images/endre-rozsda/endre-rozsda-promenade-d-lisabeth-1946.jpg
Surrealism,L’intérieur D’une Maison,Jacqueline Lamba,1946,https://uploads6.wikiart.org/00333/images/jacqueline-lamba/l-int-rieur-d-une-maison-1946.jpg
Surrealism,Women's Dream,David Lynch,XX cent.,https://uploads0.wikiart.org/00203/images/david-lynch/women-s-dream.jpg
Surrealism,Diptych,Sorin Dumitrescu,XX cent.,https://uploads3.wikiart.org/images/sorin-dumitrescu/diptych.jpg
Surrealism,Diptych,Sorin Dumitrescu,XX cent.,https://uploads5.wikiart.org/images/sorin-dumitrescu/diptych-1.jpg
Surrealism,Untitled,Sorin Dumitrescu,XX cent.,https://uploads2.wikiart.org/images/sorin-dumitrescu/unknown-title-1.jpg
Surrealism,Untitled,Sorin Dumitrescu,XX cent.,https://uploads2.wikiart.org/images/sorin-dumitrescu/unknown-title-2.jpg
Surrealism,Untitled,Sorin Dumitrescu,XX cent.,https://uploads2.wikiart.org/images/sorin-dumitrescu/unknown-title-3.jpg
Surrealism,Untitled,Sorin Dumitrescu,XX cent.,https://uploads2.wikiart.org/images/sorin-dumitrescu/unknown-title-4.jpg
Surrealism,Untitled,Sorin Dumitrescu,XX cent.,https://uploads2.wikiart.org/images/sorin-dumitrescu/unknown-title-5.jpg
Surrealism,Untitled,Sorin Dumitrescu,XX cent.,https://uploads2.wikiart.org/images/sorin-dumitrescu/unknown-title-6.jpg
Surrealism,Untitled,Sorin Dumitrescu,XX cent.,https://uploads2.wikiart.org/images/sorin-dumitrescu/unknown-title-7.jpg
Surrealism,Untitled,Sorin Dumitrescu,XX cent.,https://uploads2.wikiart.org/images/sorin-dumitrescu/unknown-title-8.jpg
Surrealism,Untitled,Sorin Dumitrescu,XX cent.,https://uploads4.wikiart.org/images/sorin-dumitrescu/untitled.jpg
Surrealism,The Archer,Paul Nash,XIX-XX cent.,https://uploads1.wikiart.org/00269/images/paul-nash/the-archer.jpg
Surrealism,Agony,Arshile Gorky,1947,https://uploads7.wikiart.org/images/arshile-gorky/agony.jpg
Surrealism,Summation,Arshile Gorky,1947,https://uploads2.wikiart.org/images/arshile-gorky/summation.jpg
Surrealism,The Betrothal II,Arshile Gorky,1947,https://uploads0.wikiart.org/images/arshile-gorky/the-betrothal-ii.jpg
Surrealism,The Limit,Arshile Gorky,1947,https://uploads2.wikiart.org/images/arshile-gorky/the-limit.jpg
Surrealism,The Plough and the Song,Arshile Gorky,1947,https://uploads3.wikiart.org/images/arshile-gorky/the-plough-and-the-song-1947.jpg
Surrealism,Surrealistic Portrait,David Burliuk,1947,https://uploads1.wikiart.org/images/david-burliuk/surrealistic-portrait-1947.jpg
Surrealism,A rooster,Marc Chagall,1947,https://uploads6.wikiart.org/images/marc-chagall/a-rooster-1947.jpg
Surrealism,Bouquet with flying lovers,Marc Chagall,1947,https://uploads0.wikiart.org/images/marc-chagall/bouquet-with-flying-lovers.jpg
Surrealism,Flayed ox,Marc Chagall,1947,https://uploads6.wikiart.org/images/marc-chagall/flayed-ox-1947.jpg
Surrealism,Madonna with the Sleigh,Marc Chagall,1947,https://uploads2.wikiart.org/images/marc-chagall/madonna-with-the-sleigh-1947.jpg
Surrealism,Self Portrait with a Clock In front of Crucifixion,Marc Chagall,1947,https://uploads2.wikiart.org/images/marc-chagall/self-portrait-with-a-clock-in-front-of-crucifixion-1947.jpg
Surrealism,The Appearance of the artist's family,Marc Chagall,1935-1947,https://uploads7.wikiart.org/images/marc-chagall/the-appearance-of-the-artist-s-family-1947.jpg
Surrealism,The Falling Angel,Marc Chagall,1923-1947,https://uploads5.wikiart.org/images/marc-chagall/the-falling-angel-1947.jpg
Surrealism,High and Low,M.C. Escher,1947,https://uploads2.wikiart.org/images/m-c-escher/high-and-low.jpg
Surrealism,Other World,M.C. Escher,1947,https://uploads1.wikiart.org/images/m-c-escher/other-world.jpg
Surrealism,Synthesis,M.C. Escher,1947,https://uploads8.wikiart.org/images/m-c-escher/synthesis.jpg
Surrealism,Surrealist Hand,Tamara de Lempicka,1947,https://uploads0.wikiart.org/images/tamara-de-lempicka/surrealist-hand-1947.jpg
Surrealism,Cicero,Rene Magritte,1947,https://uploads7.wikiart.org/images/rene-magritte/cicero-1947(1).jpg
Surrealism,Night of love,Rene Magritte,1947,https://uploads3.wikiart.org/images/rene-magritte/not_detected_211392.jpg
Surrealism,Philosophy in the bedroom,Rene Magritte,1947,https://uploads8.wikiart.org/images/rene-magritte/philosophy-in-the-bedroom-1947(1).jpg
Surrealism,Poster of International festival of cinema and fine arts in Brussels (1947),Rene Magritte,1947,https://uploads2.wikiart.org/images/rene-magritte/poster-of-international-festival-of-cinema-and-fine-arts-in-brussels-1947-1947(1).jpg
Surrealism,The domain of Arnheim,Rene Magritte,1947,https://uploads8.wikiart.org/images/rene-magritte/the-domain-of-arnheim(1).jpg
Surrealism,The fair captive,Rene Magritte,1947,https://uploads8.wikiart.org/images/rene-magritte/the-fair-captive-1947(1).jpg
Surrealism,The liberator,Rene Magritte,1947,https://uploads5.wikiart.org/images/rene-magritte/the-liberator-1947(1).jpg
Surrealism,The pictorial content,Rene Magritte,1947,https://uploads4.wikiart.org/images/rene-magritte/the-pictorial-content-1947(1).jpg
Surrealism,The Rights of Man,Rene Magritte,1947,https://uploads0.wikiart.org/images/rene-magritte/the-rights-of-man-1947(1).jpg
Surrealism,The sage's carnival,Rene Magritte,1947,https://uploads2.wikiart.org/images/rene-magritte/the-sage-s-carnival-1947(1).jpg
Surrealism,The tow plug,Rene Magritte,1947,https://uploads4.wikiart.org/images/rene-magritte/the-tow-plug-1947(1).jpg
Surrealism,The triumphant march,Rene Magritte,1947,https://uploads3.wikiart.org/images/rene-magritte/the-triumphant-march-1947(1).jpg
Surrealism,The Temptations of Saint Anthony,Diego Rivera,1947,https://uploads1.wikiart.org/images/diego-rivera/the-tenptations-of-saint-antony-1947.jpg
Surrealism,Dematerialization Near the Nose of Nero,Salvador Dali,1947,https://uploads5.wikiart.org/images/salvador-dali/dematerialization-near-the-nose-of-nero.jpg
Surrealism,Design for 'Destino',Salvador Dali,1947,https://uploads2.wikiart.org/images/salvador-dali/design-for-destino.jpg
Surrealism,Design for 'Destino',Salvador Dali,1947,https://uploads4.wikiart.org/images/salvador-dali/design-for-destino-1.jpg
Surrealism,Feather Equilibrium (Interatomic Balance of a Swans Feather),Salvador Dali,1947,https://uploads6.wikiart.org/images/salvador-dali/feather-equilibrium-interatomic-balance-of-a-swans-feather.jpg
Surrealism,Three Sphinxes of Bikini,Salvador Dali,1947,https://uploads7.wikiart.org/images/salvador-dali/hree-sphinxes-of-bikini.jpg
Surrealism,Portrait of Picasso,Salvador Dali,1947,https://uploads3.wikiart.org/images/salvador-dali/portrait-of-picasso.jpg
Surrealism,Rock and Infuriated Horse Sleeping Under the Sea,Salvador Dali,1947,https://uploads5.wikiart.org/images/salvador-dali/rock-and-infuriated-horse-sleeping-under-the-sea.jpg
Surrealism,Cock and knife,Pablo Picasso,1947,https://uploads3.wikiart.org/images/pablo-picasso/cock-and-knife-1947.jpg
Surrealism,Still life,Pablo Picasso,1947,https://uploads1.wikiart.org/images/pablo-picasso/still-life-1947-1.jpg
Surrealism,Still life on a table,Pablo Picasso,1947,https://uploads1.wikiart.org/images/pablo-picasso/still-life-on-a-table-1947.jpg
Surrealism,Girl with a Kitten,Lucian Freud,1947,https://uploads6.wikiart.org/images/lucian-freud/girl-with-a-kitten-1947.jpg
Surrealism,Rose and Sweet Pea,Lucian Freud,1947,https://uploads1.wikiart.org/images/lucian-freud/rose-and-sweet-pea.jpg
Surrealism,The Sparrowhawk,Lucian Freud,1947,https://uploads7.wikiart.org/images/lucian-freud/the-sparrowhawk.jpg
Surrealism,Design in Nature,Max Ernst,1947,https://uploads1.wikiart.org/images/max-ernst/design-in-nature-1947.jpg
Surrealism,"Please touch - Cover design for ""Le Surréalisme""",Marcel Duchamp,1947,https://uploads7.wikiart.org/images/marcel-duchamp/please-touch-cover-design-for-le-surréalisme-1947.jpg
Surrealism,The Joy in Blindness,Francis Picabia,1947,https://uploads6.wikiart.org/images/francis-picabia/the-joy-in-blindness.jpg
Surrealism,Birth of Venus,Paul Delvaux,1947,https://uploads2.wikiart.org/images/paul-delvaux/birth-of-venus-1947.jpg
Surrealism,Night Train,Paul Delvaux,1947,https://uploads8.wikiart.org/images/paul-delvaux/night-train-1947.jpg
Surrealism,The strollers,Paul Delvaux,1947,https://uploads1.wikiart.org/images/paul-delvaux/the-strollers-1947.jpg
Surrealism,The Devil in Church,David Alfaro Siqueiros,1947,https://uploads2.wikiart.org/images/david-alfaro-siqueiros/the-devil-in-church-1947-enamel-on-panel-1947.jpg
Surrealism,Gypsy and harlequin,Remedios Varo,1947,https://uploads8.wikiart.org/images/remedios-varo/gypsy-and-harlequin-1947.jpg
Surrealism,Malaria,Remedios Varo,1947,https://uploads5.wikiart.org/images/remedios-varo/malaria-1947.jpg
Surrealism,The battle,Remedios Varo,1947,https://uploads8.wikiart.org/images/remedios-varo/the-battle-1947.jpg
Surrealism,The Surrealist,Victor Brauner,1947,https://uploads4.wikiart.org/images/victor-brauner/the-surrealist-1947.jpg
Surrealism,Wolf-Table,Victor Brauner,1939-1947,https://uploads0.wikiart.org/images/victor-brauner/wolf-table-1947.jpg
Surrealism,Anagogy,Victor Brauner,1947,https://uploads6.wikiart.org/images/victor-brauner/anagogy-1947.jpg
Surrealism,Grand transparent,Jacques Hérold,1947,https://uploads7.wikiart.org/images/jacques-h-rold/grand-transparent-1947.jpg
Surrealism,Surrealist Landscape,Jacques Hérold,1947,https://uploads1.wikiart.org/images/jacques-h-rold/surrealist-landscape-1947.jpg
Surrealism,Le grand transparent,Jacques Hérold,1947,https://uploads1.wikiart.org/images/jacques-h-rold/le-grand-transparent-1947.jpg
Surrealism,Le tourbillon des signes,Jacques Hérold,1947,https://uploads5.wikiart.org/images/jacques-h-rold/le-tourbillon-des-signes-1947.jpg
Surrealism,Rimbaud's Tie,Jacques Hérold,1947,https://uploads3.wikiart.org/images/jacques-h-rold/rimbaud-s-tie-1947.jpg
Surrealism,Personnages Surrealistes,Jacques Hérold,1947,https://uploads5.wikiart.org/images/jacques-h-rold/personnages-surrealistes-1947.jpg
Surrealism,Enigma,Maria Helena Vieira da Silva,1947,https://uploads1.wikiart.org/images/maria-helena-vieira-da-silva/enigma-1947.jpg
Surrealism,Hespéride,Andre Masson,1947,https://uploads1.wikiart.org/images/andre-masson/hesp-ride.jpg
Surrealism,Chamboles les amoureuses,Roberto Matta,1947,https://uploads4.wikiart.org/images/roberto-matta/chamboles-les-amoureuses-1947.jpg
Surrealism,Puppets,William Baziotes,1947,https://uploads8.wikiart.org/images/william-baziotes/puppets-1947.jpg
Surrealism,Personage,Antoni Tapies,1947,https://uploads7.wikiart.org/images/antoni-tapies/personage-1947.jpg
Surrealism,Sans tenir compte des prévisions,Georges Hugnet,1947,https://uploads4.wikiart.org/images/georges-hugnet/sans-tenir-compte-des-pr-visions-1947.jpg
Surrealism,Giant,Frederick Sommer,1947,https://uploads6.wikiart.org/images/frederick-sommer/giant-1947.jpg
Surrealism,I Adore You,Frederick Sommer,1947,https://uploads3.wikiart.org/images/frederick-sommer/i-adore-you-1947.jpg
Surrealism,Flower and Frog,Frederick Sommer,1947,https://uploads7.wikiart.org/images/frederick-sommer/flower-and-frog-1947.jpg
Surrealism,Entry to a Landscape,Desmond Morris,1947,https://uploads1.wikiart.org/images/desmond-morris/entry-to-a-landscape-1947.jpg
Surrealism,The Nest I,Desmond Morris,1947,https://uploads0.wikiart.org/images/desmond-morris/the-nest-i-1947.jpg
Surrealism,Dark Blue World,Endre Balint,1947,https://uploads3.wikiart.org/images/endre-balint/dark-blue-world-1947.jpg
Surrealism,oylessly we boarded the Paris train…,Georges Hugnet,1947,https://uploads7.wikiart.org/images/georges-hugnet/oylessly-we-boarded-the-paris-train-1947.jpg
Surrealism,During our Wandering Through the Fields..,Georges Hugnet,1947,https://uploads2.wikiart.org/images/georges-hugnet/during-our-wandering-through-the-fields-1947.jpg
Surrealism,Giacometti’s studio,Brassai,1947,https://uploads2.wikiart.org/images/brassai/giacometti-s-studio-1947.jpg
Surrealism,Max in a Blue Boat,Dorothea Tanning,1947,https://uploads1.wikiart.org/images/dorothea-tanning/max-in-a-blue-boat-1947.jpg
Surrealism,Maternity,Dorothea Tanning,1946-1947,https://uploads1.wikiart.org/images/dorothea-tanning/maternity-1947.jpg
Surrealism,A Very Happy Picture,Dorothea Tanning,1947,https://uploads3.wikiart.org/images/dorothea-tanning/a-very-happy-picture-1947.jpg
Surrealism,Neighbourly Advice,Leonora Carrington,1947,https://uploads3.wikiart.org/images/leonora-carrington/neighbourly-advice-1947.jpg
Surrealism,Portrait of the Late Ms Partridge,Leonora Carrington,1947,https://uploads0.wikiart.org/images/leonora-carrington/portrait-of-the-late-ms-partridge-1947.jpg
Surrealism,Irschou,Victor Brauner,1947,https://uploads6.wikiart.org/images/victor-brauner/irschou-1947.jpg
Surrealism,Untitled,Joan Ponc,1947,https://uploads2.wikiart.org/images/joan-ponc/untitled-1947.jpg
Surrealism,Suite Al-Lucinacions I,Joan Ponc,1947,https://uploads7.wikiart.org/images/joan-ponc/suite-al-lucinacions-i-1947.jpg
Surrealism,Suite Al-Lucinacions III,Joan Ponc,1947,https://uploads0.wikiart.org/images/joan-ponc/suite-al-lucinacions-iii-1947.jpg
Surrealism,Suite Dibuixos Podrits,Joan Ponc,1947,https://uploads7.wikiart.org/images/joan-ponc/suite-dibuixos-podrits-1947.jpg
Surrealism,Untitled,Joan Ponc,1947,https://uploads4.wikiart.org/images/joan-ponc/untitled-1947-1.jpg
Surrealism,The Trial,Sidney Nolan,1947,https://uploads6.wikiart.org/images/sidney-nolan/the-trial-1947.jpg
Surrealism,Echoed Forms,Boris Margo,1947,https://uploads8.wikiart.org/images/boris-margo/echoed-forms-1947.jpg
Surrealism,From Thoughts of Alchemy,Boris Margo,1947,https://uploads2.wikiart.org/images/boris-margo/from-thoughts-of-alchemy-1947.jpg
Surrealism,Thermal Forces,Boris Margo,1947,https://uploads1.wikiart.org/images/boris-margo/thermal-forces-1947.jpg
Surrealism,El mar desconegut,Angel Planells,1947,https://uploads1.wikiart.org/images/angel-planells/el-mar-desconegut-1947(1).jpg
Surrealism,Palaestra,Dorothea Tanning,1947,https://uploads1.wikiart.org/images/dorothea-tanning/palaestra-1947.jpg
Surrealism,Deux figures,Le Corbusier,1947,https://uploads0.wikiart.org/images/le-corbusier/deux-figures-1947.jpg
Surrealism,Femmes New-York,Le Corbusier,1947,https://uploads3.wikiart.org/images/le-corbusier/femmes-new-york-1947.jpg
Surrealism,Harmoni,Sven Jonson,1947,https://uploads6.wikiart.org/images/sven-jonson/harmoni-1947(5).jpg
Surrealism,Composition,Mario Prassinos,1947,https://uploads2.wikiart.org/images/mario-prassinos/composition-1947.jpg
Surrealism,Circus,Conrad Marca-Relli,1947,https://uploads0.wikiart.org/images/conrad-marca-relli/circus-1947.jpg
Surrealism,Decalcomania,Enrico Donati,1947,https://uploads1.wikiart.org/images/enrico-donati/decalcomania-1947.jpg
Surrealism,Prière de toucher (in collaboration with Marcel Duchamp),Enrico Donati,1947,https://uploads7.wikiart.org/images/enrico-donati/pri-re-de-toucher-in-collaboration-with-marcel-duchamp-1947.jpg
Surrealism,Gynandrologie,Jaroslav Serpan,1947,https://uploads4.wikiart.org/images/jaroslav-serpan/gynandrologie-1947.jpg
Surrealism,Hantée par une aurore fragile,Jaroslav Serpan,1947,https://uploads2.wikiart.org/images/jaroslav-serpan/hant-e-par-une-aurore-fragile-1947.jpg
Surrealism,Woman-House,Louise Bourgeois,1947,https://uploads0.wikiart.org/00328/images/louise-bourgeois/femme-maison-1946-1947-1.jpg
Surrealism,Untitled,Adolph Gottlieb,1947,https://uploads8.wikiart.org/images/adolph-gottlieb/untitled-1947.jpg
Surrealism,New York,Ben Shahn,1947,https://uploads8.wikiart.org/images/ben-shahn/not-detected-274613.jpg
Surrealism,The Angel,Salvador Dali,1947,https://uploads0.wikiart.org/00164/images/salvador-dali/the-angel-1947.jpg
Surrealism,Three Wise Men,Salvador Dali,1947,https://uploads5.wikiart.org/00164/images/salvador-dali/three-wise-men-1947.jpg
Surrealism,Madonna and Child,Salvador Dali,1947,https://uploads8.wikiart.org/00164/images/salvador-dali/madonna-and-child-1947.jpg
Surrealism,Pink Vine Pergola,Graham Sutherland,1947,https://uploads8.wikiart.org/00228/images/graham-sutherland/pink-vine-pergola-1947.jpg
Surrealism,The Deposition,Graham Sutherland,1947,https://uploads5.wikiart.org/00228/images/graham-sutherland/the-deposition-1947.jpg
Surrealism,Thorn Head,Graham Sutherland,1947,https://uploads1.wikiart.org/00228/images/graham-sutherland/thorn-head-1947.jpg
Surrealism,My First Steps in the Hell,Endre Rozsda,1947,https://uploads4.wikiart.org/00230/images/endre-rozsda/my-first-steps-in-the-hell-1947.jpg
Surrealism,My Grandmother's Lorgnette,Endre Rozsda,1947,https://uploads0.wikiart.org/00231/images/endre-rozsda/endre-rozsda-face-mains-de-ma-grand-m-re-1947.jpg
Surrealism,Danse Macabre,Endre Rozsda,1947,https://uploads7.wikiart.org/00231/images/endre-rozsda/endre-rozsda-danse-macabre-1946-47.jpg
Surrealism,Study for Agony,Arshile Gorky,1946-1947,https://uploads6.wikiart.org/00286/images/arshile-gorky/study-for-agony-47.jpg
Surrealism,The Walking Tree,Maurice Tabard,1947,https://uploads2.wikiart.org/00302/images/maurice-tabard/the-walking-tree-1947.jpg
Surrealism,Paisagem,Alberto da Veiga Guignard,1947,https://uploads8.wikiart.org/00323/images/guignard/paisagem-1947.jpg
Surrealism,Femme Maison,Louise Bourgeois,1947,https://uploads2.wikiart.org/00328/images/louise-bourgeois/femme-maison-47-2.jpg
Surrealism,Femme Maison,Louise Bourgeois,1945-1947,https://uploads7.wikiart.org/00328/images/louise-bourgeois/femme-maison-1945-47-2.jpg
Surrealism,Fallen Woman (Femme Maison),Louise Bourgeois,1946-1947,https://uploads0.wikiart.org/00328/images/louise-bourgeois/fallen-woman-femme-maison-46-47-3.jpg
Surrealism,Untitled,Louise Bourgeois,1947,https://uploads0.wikiart.org/00328/images/louise-bourgeois/untitled-1947-2.jpg
Surrealism,Femme Maison,Louise Bourgeois,1945-1947,https://uploads5.wikiart.org/00328/images/louise-bourgeois/femme-maison-45-47-3.jpg
Surrealism,Femme Maison,Louise Bourgeois,1947,https://uploads4.wikiart.org/00328/images/louise-bourgeois/femme-maison-1947-2.jpg
Surrealism,La Forêt,Jacqueline Lamba,1947,https://uploads8.wikiart.org/00333/images/jacqueline-lamba/la-for-t-1947.jpg
Surrealism,Plate from Le Surréalisme En 1947,Jacqueline Lamba,1947,https://uploads1.wikiart.org/00333/images/jacqueline-lamba/plate-from-le-surr-alisme-en-1947.jpg
Surrealism,Riviere Dans La Foret,Jacqueline Lamba,1947,https://uploads3.wikiart.org/00333/images/jacqueline-lamba/riviere-dans-la-foret-1947.jpg
Surrealism,Dark Green Painting,Arshile Gorky,1948,https://uploads3.wikiart.org/images/arshile-gorky/dark-green-painting.jpg
Surrealism,"Helios V, Blue-Violet",Georges Braque,1948,https://uploads1.wikiart.org/images/georges-braque/helios-v-blue-violet-1948.jpg
Surrealism,The tree of life,Marc Chagall,1948,https://uploads4.wikiart.org/images/marc-chagall/the-tree-of-life-1948.jpg
Surrealism,Drawing Hands,M.C. Escher,1948,https://uploads3.wikiart.org/images/m-c-escher/drawing-hands.jpg
Surrealism,Stars,M.C. Escher,1948,https://uploads4.wikiart.org/images/m-c-escher/stars.jpg
Surrealism,As You Like It,Man Ray,1948,https://uploads1.wikiart.org/images/man-ray/as-you-like-it.jpg
Surrealism,Diderot's Harpsichord or The Merchant of Venice,Man Ray,1948,https://uploads7.wikiart.org/images/man-ray/diderot-s-harpsichord-or-the-merchant-of-venice.jpg
Surrealism,Shakespearean Equation: King Lear,Man Ray,1948,https://uploads1.wikiart.org/images/man-ray/shakespearean-equation-king-lear.jpg
Surrealism,Shakespearean Equation: Measure For Measure,Man Ray,1948,https://uploads2.wikiart.org/images/man-ray/shakespearean-equation-measure-for-measure.jpg
Surrealism,Shakespearean Equation: Twelfth Night,Man Ray,1948,https://uploads5.wikiart.org/images/man-ray/shakespearean-equation-twelfth-night.jpg
Surrealism,A stroke of luck,Rene Magritte,1948,https://uploads8.wikiart.org/images/rene-magritte/a-stroke-of-luck-1948(1).jpg
Surrealism,Delusions of grandeur,Rene Magritte,1948,https://uploads4.wikiart.org/images/rene-magritte/delusions-of-grandeur-1948(1).jpg
Surrealism,Freedom of Mind,Rene Magritte,1948,https://uploads7.wikiart.org/images/rene-magritte/freedom-of-mind-1948(1).jpg
Surrealism,God's Salon,Rene Magritte,1948,https://uploads3.wikiart.org/images/rene-magritte/god-s-salon-1948(1).jpg
Surrealism,Jean-Marie,Rene Magritte,1948,https://uploads2.wikiart.org/images/rene-magritte/jean-marie-1948(1).jpg
Surrealism,Lola de Valence,Rene Magritte,1948,https://uploads7.wikiart.org/images/rene-magritte/lola-de-valence-1948(1).jpg
Surrealism,Memory,Rene Magritte,1948,https://uploads7.wikiart.org/images/rene-magritte/memory-1948(1).jpg
Surrealism,Memory,Rene Magritte,1948,https://uploads0.wikiart.org/images/rene-magritte/memory-1948-1(1).jpg
Surrealism,Pom'po pom'po pon po pon pon,Rene Magritte,1948,https://uploads2.wikiart.org/images/rene-magritte/pom-po-pom-po-pon-po-pon-pon-1948(1).jpg
Surrealism,Prince charming,Rene Magritte,1948,https://uploads7.wikiart.org/images/rene-magritte/prince-charming-1948(1).jpg
Surrealism,Prince Charming,Rene Magritte,1948,https://uploads0.wikiart.org/images/rene-magritte/prince-charming-1948-1(1).jpg
Surrealism,Pure reason,Rene Magritte,1948,https://uploads3.wikiart.org/images/rene-magritte/pure-reason-1948(1).jpg
Surrealism,Rape,Rene Magritte,1948,https://uploads5.wikiart.org/images/rene-magritte/rape-1948(1).jpg
Surrealism,The drop of water,Rene Magritte,1948,https://uploads0.wikiart.org/images/rene-magritte/the-drop-of-water-1948(1).jpg
Surrealism,The ellipse,Rene Magritte,1948,https://uploads3.wikiart.org/images/rene-magritte/the-ellipse-1948(1).jpg
Surrealism,The famine,Rene Magritte,1948,https://uploads2.wikiart.org/images/rene-magritte/the-famine-1948(1).jpg
Surrealism,The imaginative faculty,Rene Magritte,1948,https://uploads6.wikiart.org/images/rene-magritte/the-imaginative-faculty-1948(1).jpg
Surrealism,The lost jockey,Rene Magritte,1948,https://uploads7.wikiart.org/images/rene-magritte/the-lost-jockey-1948(1).jpg
Surrealism,The maimed,Rene Magritte,1948,https://uploads6.wikiart.org/images/rene-magritte/the-maimed(1).jpg
Surrealism,The mark,Rene Magritte,1948,https://uploads0.wikiart.org/images/rene-magritte/the-mark-1948(1).jpg
Surrealism,The psychologist,Rene Magritte,1948,https://uploads8.wikiart.org/images/rene-magritte/the-psychologist-1948(1).jpg
Surrealism,The song of love,Rene Magritte,1948,https://uploads8.wikiart.org/images/rene-magritte/the-song-of-love-1948(1).jpg
Surrealism,The Taste of Sorrow,Rene Magritte,1948,https://uploads2.wikiart.org/images/rene-magritte/the-taste-of-sorrow-1948(1).jpg
Surrealism,The voice of blood,Rene Magritte,1948,https://uploads1.wikiart.org/images/rene-magritte/the-voice-of-blood-1948(1).jpg
Surrealism,The voice of blood,Rene Magritte,1948,https://uploads3.wikiart.org/images/rene-magritte/the-voice-of-blood-1948-1(1).jpg
Surrealism,Titania,Rene Magritte,1948,https://uploads8.wikiart.org/images/rene-magritte/titania-1948(1).jpg
Surrealism,Lada Atomica (first unfinished version),Salvador Dali,1948,https://uploads3.wikiart.org/images/salvador-dali/lada-atomica-first-unfinished-version.jpg
Surrealism,Portrait of Mrs. Mary Sigall,Salvador Dali,1948,https://uploads2.wikiart.org/images/salvador-dali/portrait-of-mrs-mary-sigall.jpg
Surrealism,Portrait of Nada Pachevich,Salvador Dali,1948,https://uploads1.wikiart.org/images/salvador-dali/portrait-of-nada-pachevich.jpg
Surrealism,Space Elephant,Salvador Dali,1948,https://uploads7.wikiart.org/images/salvador-dali/space-elephant.jpg
Surrealism,Study for a Portrait (unfinished),Salvador Dali,1948,https://uploads6.wikiart.org/images/salvador-dali/study-for-a-portrait-unfinished.jpg
Surrealism,The Elephants (Large),Salvador Dali,1948,https://uploads3.wikiart.org/images/salvador-dali/the-elephants-large.jpg
Surrealism,Untitled (Landscape),Salvador Dali,1948,https://uploads2.wikiart.org/images/salvador-dali/untitled-landscape.jpg
Surrealism,Claude with a ball,Pablo Picasso,1948,https://uploads7.wikiart.org/images/pablo-picasso/claude-with-a-ball-1948.jpg
Surrealism,The kitchen,Pablo Picasso,1948,https://uploads0.wikiart.org/images/pablo-picasso/the-kitchen-1948.jpg
Surrealism,The kitchen,Pablo Picasso,1948,https://uploads2.wikiart.org/images/pablo-picasso/the-kitchen-1948-1.jpg
Surrealism,Woman sitting in an armchair,Pablo Picasso,1948,https://uploads8.wikiart.org/images/pablo-picasso/woman-sitting-in-an-armchair-1948.jpg
Surrealism,The Red Sun Gnaws at the Spider,Joan Miro,1948,https://uploads8.wikiart.org/images/joan-miro/not_detected_227935.jpg
Surrealism,Joaquim Gomis (Mural),Joan Miro,1948,https://uploads8.wikiart.org/images/joan-miro/not_detected_227936.jpg
Surrealism,Dark Coat II,Lucian Freud,1948,https://uploads4.wikiart.org/images/lucian-freud/dark-coat-ii.jpg
Surrealism,Girl with Fig Leaf,Lucian Freud,1948,https://uploads1.wikiart.org/images/lucian-freud/girl-with-fig-leaf.jpg
Surrealism,Girl with Leaves,Lucian Freud,1948,https://uploads8.wikiart.org/images/lucian-freud/girl-with-leaves.jpg
Surrealism,Girl with Roses,Lucian Freud,1947-1948,https://uploads3.wikiart.org/images/lucian-freud/girl-with-roses-1948.jpg
Surrealism,Ill in Paris,Lucian Freud,1948,https://uploads4.wikiart.org/images/lucian-freud/ill-in-paris.jpg
Surrealism,Man at Night (Self-Portrait),Lucian Freud,1947-1948,https://uploads5.wikiart.org/images/lucian-freud/man-at-night-self-portrait-1948.jpg
Surrealism,Self-Portrait with Hyacinth in a Pot,Lucian Freud,1947-1948,https://uploads1.wikiart.org/images/lucian-freud/self-portrait-with-hyacinth-in-a-pot.jpg
Surrealism,Feast of the God,Max Ernst,1948,https://uploads1.wikiart.org/images/max-ernst/feast-of-the-god-1948.jpg
Surrealism,In Praise of Melancholy,Paul Delvaux,1948,https://uploads2.wikiart.org/images/paul-delvaux/in-praise-of-melancholy-1948.jpg
Surrealism,Popular cry,Paul Delvaux,1948,https://uploads8.wikiart.org/images/paul-delvaux/popular-cry-1948.jpg
Surrealism,The Balcony,Paul Delvaux,1948,https://uploads8.wikiart.org/images/paul-delvaux/the-balcony-1948.jpg
Surrealism,Allegory of Winter,Remedios Varo,1948,https://uploads7.wikiart.org/images/remedios-varo/allegory-of-winter-1948.jpg
Surrealism,Cold,Remedios Varo,1948,https://uploads2.wikiart.org/images/remedios-varo/cold-1948.jpg
Surrealism,Rheumatic pain,Remedios Varo,1948,https://uploads5.wikiart.org/images/remedios-varo/rheumatic-pain-1948-1.jpg
Surrealism,The Arch-Cat,Victor Brauner,1948,https://uploads2.wikiart.org/images/victor-brauner/the-arch-cat-1948.jpg
Surrealism,Totem of Blessed Subjectivity II,Victor Brauner,1948,https://uploads4.wikiart.org/images/victor-brauner/totem-of-blessed-subjectivity-ii-1948.jpg
Surrealism,The Philosopher's Egg,Jacques Hérold,1948,https://uploads2.wikiart.org/images/jacques-h-rold/the-philosopher-s-egg-1948.jpg
Surrealism,The Frogs,Andre Masson,1948,https://uploads1.wikiart.org/images/andre-masson/the-frogs.jpg
Surrealism,Portrait of Tal Coat,Andre Masson,1948,https://uploads3.wikiart.org/images/andre-masson/portrait-of-tal-coat.jpg
Surrealism,The Woman at the Cathedral,Hans Bellmer,1948,https://uploads5.wikiart.org/images/hans-bellmer/the-woman-at-the-cathedral-1948.jpg
Surrealism,La Dragoulette (from La Vie Amoureuse des Spumifères),Georges Hugnet,1948,https://uploads5.wikiart.org/images/georges-hugnet/la-dragoulette-from-la-vie-amoureuse-des-spumif-res-1948.jpg
Surrealism,La Grouille Domestique (from La Vie Amoureuse des Spumifères),Georges Hugnet,1948,https://uploads4.wikiart.org/images/georges-hugnet/la-grouille-domestique-from-la-vie-amoureuse-des-spumif-res-1948.jpg
Surrealism,Le Grattecol Entêtê (from La Vie Amoureuse des Spumifères),Georges Hugnet,1948,https://uploads0.wikiart.org/images/georges-hugnet/le-grattecol-ent-t-from-la-vie-amoureuse-des-spumif-res-1948.jpg
Surrealism,Le Groupier des Forêts (from La Vie Amoureuse des Spumifères),Georges Hugnet,1948,https://uploads4.wikiart.org/images/georges-hugnet/le-groupier-des-for-ts-from-la-vie-amoureuse-des-spumif-res-1948.jpg
Surrealism,Le Gulzipian (from La Vie Amoureuse des Spumifères),Georges Hugnet,1948,https://uploads3.wikiart.org/images/georges-hugnet/le-gulzipian-from-la-vie-amoureuse-des-spumif-res-1948.jpg
Surrealism,Le Promidan Cornu (from La Vie Amoureuse des Spumifères),Georges Hugnet,1948,https://uploads8.wikiart.org/images/georges-hugnet/le-promidan-cornu-from-la-vie-amoureuse-des-spumif-res-1948.jpg
Surrealism,Le Rousselier Volant (from La Vie Amoureuse des Spumifères),Georges Hugnet,1948,https://uploads2.wikiart.org/images/georges-hugnet/le-rousselier-volant-from-la-vie-amoureuse-des-spumif-res-1948.jpg
Surrealism,Le Torchas Casqué (from La Vie Amoureuse des Spumifères),Georges Hugnet,1948,https://uploads7.wikiart.org/images/georges-hugnet/le-torchas-casqu-from-la-vie-amoureuse-des-spumif-res-1948.jpg
Surrealism,Le Torindon à Rapières (from La Vie Amoureuse des Spumifères),Georges Hugnet,1948,https://uploads2.wikiart.org/images/georges-hugnet/le-torindon-rapi-res-from-la-vie-amoureuse-des-spumif-res-1948.jpg
Surrealism,L'Opamidon des Cavernes (from La Vie Amoureuse des Spumifères),Georges Hugnet,1948,https://uploads5.wikiart.org/images/georges-hugnet/l-opamidon-des-cavernes-from-la-vie-amoureuse-des-spumif-res-1948.jpg
Surrealism,L'Ourgouilloute et la Vivote (from La Vie Amoureuse des Spumifères),Georges Hugnet,1948,https://uploads1.wikiart.org/images/georges-hugnet/l-ourgouilloute-et-la-vivote-from-la-vie-amoureuse-des-spumif-res-1948.jpg
Surrealism,Livia,Frederick Sommer,1948,https://uploads6.wikiart.org/images/frederick-sommer/livia-1948.jpg
Surrealism,Medallion,Frederick Sommer,1948,https://uploads1.wikiart.org/images/frederick-sommer/medallion-1948.jpg
Surrealism,Celebration,Desmond Morris,1948,https://uploads1.wikiart.org/images/desmond-morris/celebration-1948.jpg
Surrealism,The Lovers,Desmond Morris,1948,https://uploads0.wikiart.org/images/desmond-morris/the-lovers-1948.jpg
Surrealism,Untitled,Eileen Agar,1948,https://uploads4.wikiart.org/images/eileen-agar/untitled-1948.jpg
Surrealism,Spumifère,Georges Hugnet,1948,https://uploads8.wikiart.org/images/georges-hugnet/spumif-re-1948.jpg
Surrealism,The Spumifers at Le Catalan,Georges Hugnet,1948,https://uploads8.wikiart.org/images/georges-hugnet/the-spumifers-at-le-catalan-1948.jpg
Surrealism,Untitled,Georges Hugnet,1948,https://uploads4.wikiart.org/images/georges-hugnet/untitled-1.jpg
Surrealism,Untitled,Georges Hugnet,1948,https://uploads7.wikiart.org/images/georges-hugnet/untitled-1948.jpg
Surrealism,Félix Labisse,Brassai,1948,https://uploads5.wikiart.org/images/brassai/f-lix-labisse-1948.jpg
Surrealism,On Time Off Time,Dorothea Tanning,1948,https://uploads8.wikiart.org/images/dorothea-tanning/on-time-off-time-1948.jpg
Surrealism,Fantasy in Equilibrium,Jock Macdonald,1948,https://uploads3.wikiart.org/images/jock-macdonald/fantasy-in-equilibrium-1948.jpg
Surrealism,Indian Myth,Jock Macdonald,1948,https://uploads1.wikiart.org/images/jock-macdonald/indian-myth-1948.jpg
Surrealism,Untitled (Cockatoo and Corks),Joseph Cornell,1948,https://uploads8.wikiart.org/images/joseph-cornell/untitled-cockatoo-and-corks-1948.jpg
Surrealism,Untitled (Medici Princess),Joseph Cornell,1948,https://uploads5.wikiart.org/images/joseph-cornell/untitled-medici-princess-1948.jpg
Surrealism,Untitled (Paul and Virginia),Joseph Cornell,1948,https://uploads7.wikiart.org/images/joseph-cornell/untitled-paul-and-virginia-1948.jpg
Surrealism,Untitled (Pink Palace),Joseph Cornell,1948,https://uploads1.wikiart.org/images/joseph-cornell/untitled-pink-palace-1948.jpg
Surrealism,Progression Pantaculaire,Victor Brauner,1948,https://uploads5.wikiart.org/images/victor-brauner/progression-pantaculaire-1948.jpg
Surrealism,Septième sens,Victor Brauner,1948,https://uploads3.wikiart.org/images/victor-brauner/septi-me-sens-1948.jpg
Surrealism,Untitled,Joan Ponc,1948,https://uploads2.wikiart.org/images/joan-ponc/untitled-1948.jpg
Surrealism,Cadavre Exquis (Surrealist Group Collective Work),Marcelino Vespeira,1948,https://uploads5.wikiart.org/images/marcelino-vespeira/cadavre-exquis-surrealist-group-collective-work-1948.jpg
Surrealism,Carne vegetal,Marcelino Vespeira,1948,https://uploads7.wikiart.org/images/marcelino-vespeira/carne-vegetal-1948.jpg
Surrealism,Notícia violentada,Marcelino Vespeira,1948,https://uploads3.wikiart.org/images/marcelino-vespeira/not-cia-violentada-1948.jpg
Surrealism,Dali Atomicus,Philippe Halsman,1948,https://uploads5.wikiart.org/images/philippe-halsman/dali-atomicus-1948.jpg
Surrealism,The Unicorns Came Down to the Sea,Kay Sage,1948,https://uploads8.wikiart.org/images/kay-sage/the-unicorns-came-down-to-the-sea-1948.jpg
Surrealism,Femme et mains,Le Corbusier,1948,https://uploads2.wikiart.org/images/le-corbusier/femme-et-mains-1948.jpg
Surrealism,"Peinture murale, 35 rue de Sèvres à Paris",Le Corbusier,1948,https://uploads8.wikiart.org/images/le-corbusier/peinture-murale-35-rue-de-s-vres-paris-1948.jpg
Surrealism,The Red Sun,Joan Miro,1948,https://uploads5.wikiart.org/images/joan-miro/the-red-sun-1948.jpg
Surrealism,Multiplication par Kariokynese,Enrico Donati,1948,https://uploads1.wikiart.org/images/enrico-donati/multiplication-par-kariokynese-1948.jpg
Surrealism,The Study of Dynamisme et Cinetisme,Enrico Donati,1948,https://uploads6.wikiart.org/images/enrico-donati/the-study-of-dynamisme-et-cinetisme-1948.jpg
Surrealism,Man with Hoops,David Hare,1948,https://uploads0.wikiart.org/images/david-hare/man-with-hoops-1948.jpg
Surrealism,Woman Screaming,David Hare,1948,https://uploads1.wikiart.org/images/david-hare/woman-screaming-1948.jpg
Surrealism,Barreras Melódicas,Xul Solar,1948,https://uploads3.wikiart.org/images/xul-solar/barreras-mel-dicas-1948.jpg
Surrealism,Casi Plantas,Xul Solar,1948,https://uploads6.wikiart.org/images/xul-solar/casi-plantas-1948.jpg
Surrealism,Muros Biombos,Xul Solar,1948,https://uploads7.wikiart.org/images/xul-solar/muros-biombos-1948.jpg
Surrealism,Allegory,Ben Shahn,1948,https://uploads8.wikiart.org/images/ben-shahn/not-detected-274614.jpg
Surrealism,Portrait of  Nada Pachevich (1948),Salvador Dali,1948,https://uploads4.wikiart.org/00152/images/salvador-dali/zzz-salvador-dali-nada-pachevich-1948.jpg
Surrealism,Portrait of Enid Haldorn (1948),Salvador Dali,1948,https://uploads2.wikiart.org/00152/images/salvador-dali/zzz-salvadore-dali-enid-haldorn1948.jpg
Surrealism,Portrait of Elizabeth Gregory,Salvador Dali,1920-1948,https://uploads4.wikiart.org/00152/images/salvador-dali/zzz-portrait-of-elizabeth-gregory1948.jpg
Surrealism,Santa with Drawers,Salvador Dali,1948,https://uploads0.wikiart.org/00164/images/salvador-dali/santa-with-drawers-1948.jpg
Surrealism,"Ladies run, there is a man in the rose garden",Leonora Carrington,1948,https://uploads4.wikiart.org/00200/images/leonora-carrington/screen-shot-2018-09-05-at-11-07-08-pm.png!PinterestSmall.png
Surrealism,Large Vine Pergola No. 2,Graham Sutherland,1948,https://uploads5.wikiart.org/00228/images/graham-sutherland/large-vine-pergola-no-2-1948.jpg
Surrealism,La Tour,Endre Rozsda,1947-1948,https://uploads1.wikiart.org/00230/images/endre-rozsda/endre-rozsda-la-tour-1947-48.jpg
Surrealism,Le Livre Des Morts Des Anciens Egyptiens,Anton Prinner,1948,https://uploads3.wikiart.org/00333/images/anton-prinner/le-livre-des-morts-des-anciens-egyptiens-1948-1.jpg
Surrealism,Illustration to Egyptian Book of the Dead (Le Livre Des Morts Des Anciens Egyptiens),Anton Prinner,1948,https://uploads4.wikiart.org/00333/images/anton-prinner/ustration-to-egyptian-book-of-the-dead-le-livre-des-morts-des-anciens-egyptiens-1948.jpg
Surrealism,Autobiographical Painting - Biosensible Ultrapainting,Victor Brauner,1948,https://uploads5.wikiart.org/images/victor-brauner/autobiographical-painting-biosensible-ultrapainting-1948.jpg
Surrealism,The Observer,Arshile Gorky,XX cent.,https://uploads5.wikiart.org/images/arshile-gorky/the-observer.jpg
Surrealism,"The Love Embrace of the Universe, the Earth (Mexico), Myself, Diego and Señor Xólotl",Frida Kahlo,1949,https://uploads6.wikiart.org/images/magdalena-carmen-frieda-kahlo-y-calderón-de-rivera/the-love-embrace-of-the-universe-the-earth-mexico-myself-diego-and-señor-xólotl-1949.jpg
Surrealism,Geri Pine,David Burliuk,1949,https://uploads7.wikiart.org/images/david-burliuk/geri-pine-1949.jpg
Surrealism,Clock with Blue Wing,Marc Chagall,1949,https://uploads8.wikiart.org/images/marc-chagall/clock-with-blue-wing-1949.jpg
Surrealism,Double Planetoid,M.C. Escher,1949,https://uploads6.wikiart.org/images/m-c-escher/double-planetoid.jpg
Surrealism,Double Planetoid Colour,M.C. Escher,1949,https://uploads4.wikiart.org/images/m-c-escher/double-planetoid-colour.jpg
Surrealism,Elementary cosmogony,Rene Magritte,1949,https://uploads3.wikiart.org/images/rene-magritte/elementary-cosmogony-1949(1).jpg
Surrealism,Perspective: Madame Recamier by David,Rene Magritte,1949,https://uploads1.wikiart.org/images/rene-magritte/perspective-madame-recamier-by-david-1949(1).jpg
Surrealism,The domain of Arnheim,Rene Magritte,1949,https://uploads4.wikiart.org/images/rene-magritte/the-domain-of-arnheim-1949(1).jpg
Surrealism,The forbidden world,Rene Magritte,1949,https://uploads2.wikiart.org/images/rene-magritte/the-forbidden-world-1949(1).jpg
Surrealism,Four Armchairs in the Sky,Salvador Dali,1949,https://uploads0.wikiart.org/images/salvador-dali/four-armchairs-in-the-sky.jpg
Surrealism,La Turbie' - Sir James Dunn Seated,Salvador Dali,1949,https://uploads6.wikiart.org/images/salvador-dali/la-turbie-sir-james-dunn-seated.jpg
Surrealism,Lada Atomica,Salvador Dali,1947-1949,https://uploads1.wikiart.org/images/salvador-dali/lada-atomica-1949.jpg
Surrealism,Set Design for the Ballet 'Los Sacos Del Molinero',Salvador Dali,1949,https://uploads5.wikiart.org/images/salvador-dali/set-design-for-the-ballet-los-sacos-del-molinero.jpg
Surrealism,Set design for the ballet 'Los Sacos Del Molinero',Salvador Dali,1949,https://uploads7.wikiart.org/images/salvador-dali/set-design-for-the-ballet-los-sacos-del-molinero-1.jpg
Surrealism,Set design for the ballet 'Los Sacos Del Molinero',Salvador Dali,1949,https://uploads7.wikiart.org/images/salvador-dali/set-design-for-the-ballet-los-sacos-del-molinero-2.jpg
Surrealism,Set design for the ballet 'Los Sacos Del Molinero',Salvador Dali,1949,https://uploads7.wikiart.org/images/salvador-dali/set-design-for-the-ballet-los-sacos-del-molinero-3.jpg
Surrealism,The First Study for the Madonna of Port Lligat,Salvador Dali,1949,https://uploads3.wikiart.org/images/salvador-dali/the-first-study-for-the-madonna-of-port-lligat.jpg
Surrealism,"Claude, two years old, and his hobby horse",Pablo Picasso,1949,https://uploads2.wikiart.org/images/pablo-picasso/claude-two-years-old-and-his-hobby-horse-1949.jpg
Surrealism,Woman sitting in an armchair,Pablo Picasso,1949,https://uploads8.wikiart.org/images/pablo-picasso/woman-sitting-in-an-armchair-1949.jpg
Surrealism,Figures and Dog in Front of the Sun,Joan Miro,1949,https://uploads6.wikiart.org/images/joan-miro/figures-and-dog-in-front-of-the-sun.jpg
Surrealism,Woman and Bird in the Moonlight,Joan Miro,1949,https://uploads2.wikiart.org/images/joan-miro/woman-and-bird-in-the-moonlight.jpg
Surrealism,Untitled,Max Ernst,1949,https://uploads2.wikiart.org/images/max-ernst/untitled-1949.jpg
Surrealism,"Study for ""Given: 1. The Waterfall, 2. Illuminating Gas""",Marcel Duchamp,1949,https://uploads8.wikiart.org/images/marcel-duchamp/study-for-given-1-the-waterfall-2-illuminating-gas.jpg
Surrealism,Ecce Homo,Paul Delvaux,1949,https://uploads6.wikiart.org/images/paul-delvaux/ecce-homo-1949.jpg
Surrealism,The Mediterranean Cat,Balthus,1949,https://uploads4.wikiart.org/images/balthus/the-mediterranean-cat-1949.jpg
Surrealism,Machine (Anthropograph No. 13),Hedda Sterne,1949,https://uploads7.wikiart.org/00123/images/hedda-sterne/hedda-sterne-painting-0175.jpg
Surrealism,La Fiancée de Kiriwina,Wifredo Lam,1949,https://uploads0.wikiart.org/images/wifredo-lam/la-fianc-e-de-kiriwina-1949.jpg
Surrealism,Antro II,Hedda Sterne,1949,https://uploads5.wikiart.org/images/hedda-sterne/antro-ii-1949.jpg
Surrealism,Bibliothèque,Maria Helena Vieira da Silva,1949,https://uploads7.wikiart.org/images/maria-helena-vieira-da-silva/biblioth-que-1949.jpg
Surrealism,Girl in Bathtub,Saul Steinberg,1949,https://uploads5.wikiart.org/images/saul-steinberg/girl-in-bathtub-1949.jpg
Surrealism,Composición con Fondo Azul,Oscar Dominguez,1949,https://uploads8.wikiart.org/images/oscar-dominguez/composici-n-con-fondo-azul-1949.jpg
Surrealism,Plate 9 of Les Jeux de la poupée (The Games of the Doll),Hans Bellmer,1949,https://uploads6.wikiart.org/images/hans-bellmer/plate-9-of-les-jeux-de-la-poup-e-the-games-of-the-doll-1949.jpg
Surrealism,Valise d'Adam,Frederick Sommer,1949,https://uploads5.wikiart.org/images/frederick-sommer/valise-d-adam-1949.jpg
Surrealism,The Intruder,Desmond Morris,1949,https://uploads2.wikiart.org/images/desmond-morris/the-intruder-1949.jpg
Surrealism,A Chronicle of Drifting,Kansuke Yamamoto,1949,https://uploads6.wikiart.org/images/kansuke-yamamoto/a-chronicle-of-drifting-1949.jpg
Surrealism,Stapled Flesh,Kansuke Yamamoto,1949,https://uploads5.wikiart.org/images/kansuke-yamamoto/stapled-flesh-1949.jpg
Surrealism,Z 74,Richard Oelze,1949,https://uploads2.wikiart.org/images/richard-oelze/z-74-1949.jpg
Surrealism,The Artist Traveling Incognito,Leonora Carrington,1949,https://uploads6.wikiart.org/images/leonora-carrington/the-artist-traveling-incognito-1949.jpg
Surrealism,Personnage hiéroglyphe,Victor Brauner,1949,https://uploads3.wikiart.org/images/victor-brauner/personnage-hi-roglyphe-1949.jpg
Surrealism,Couple et pigeon,Corneille,1949,https://uploads1.wikiart.org/images/corneille/couple-et-pigeon-1949.jpg
Surrealism,Suite Perversitats,Joan Ponc,1949,https://uploads3.wikiart.org/images/joan-ponc/suite-perversitats-1949.jpg
Surrealism,Untitled,Joan Ponc,1949,https://uploads2.wikiart.org/images/joan-ponc/untitled-1949.jpg
Surrealism,Untitled,Joan Ponc,1949,https://uploads4.wikiart.org/images/joan-ponc/untitled-1949-1.jpg
Surrealism,Parque dos Insultos,Marcelino Vespeira,1949,https://uploads4.wikiart.org/images/marcelino-vespeira/parque-dos-insultos-1949.jpg
Surrealism,Simumis,Marcelino Vespeira,1949,https://uploads1.wikiart.org/images/marcelino-vespeira/simumis-1949.jpg
Surrealism,Jean Cocteau with actress Ricki Soma and dancer Leo Coleman,Philippe Halsman,1949,https://uploads6.wikiart.org/images/philippe-halsman/jean-cocteau-with-actress-ricki-soma-and-dancer-leo-coleman-1949.jpg
Surrealism,The Man With Masks,Leonor Fini,1949,https://uploads5.wikiart.org/images/leonor-fini/the-man-with-masks-1949.jpg
Surrealism,End of Painting,Mark Tansey,XX cent.,https://uploads6.wikiart.org/images/mark-tansey/end-of-painting.jpg
Surrealism,Still Life,Mark Tansey,XX cent.,https://uploads1.wikiart.org/images/mark-tansey/still-life.jpg
Surrealism,Saturne pas rond,Yves Laloy,1949,https://uploads2.wikiart.org/images/yves-laloy/saturne-pas-rond-1949.jpg
Surrealism,Cinco Melodias,Xul Solar,1949,https://uploads8.wikiart.org/images/xul-solar/cinco-melodias-1949.jpg
Surrealism,País Rojo Teti,Xul Solar,1949,https://uploads8.wikiart.org/images/xul-solar/pa-s-rojo-teti-1949.jpg
Surrealism,Plurentes,Xul Solar,1949,https://uploads3.wikiart.org/images/xul-solar/plurentes-1949.jpg
Surrealism,Rua Ruini,Xul Solar,1949,https://uploads3.wikiart.org/images/xul-solar/rua-ruini-1949.jpg
Surrealism,Santos y Guardianes,Xul Solar,1949,https://uploads4.wikiart.org/images/xul-solar/santos-y-guardianes-1949.jpg
Surrealism,Trece San Mástiles,Xul Solar,1949,https://uploads3.wikiart.org/images/xul-solar/trece-san-m-stiles-1949.jpg
Surrealism,Zodíaco,Xul Solar,1949,https://uploads1.wikiart.org/images/xul-solar/zod-aco-1949.jpg
Surrealism,Zodíaco Titi,Xul Solar,1949,https://uploads6.wikiart.org/images/xul-solar/zod-aco-titi-1949.jpg
Surrealism,Revelation,Yasuo Kuniyoshi,1949,https://uploads1.wikiart.org/images/yasuo-kuniyoshi/revelation-1949.jpg
Surrealism,Untitled (Machine),Hedda Sterne,1949,https://uploads8.wikiart.org/00123/images/hedda-sterne/20409195.jpeg!PinterestSmall.jpeg
Surrealism,Portrait of Monsieur John Perona(1949),Salvador Dali,1949,https://uploads1.wikiart.org/00152/images/salvador-dali/zzz-salvadore-dali-monsieur-john-perona1949.jpg
Surrealism,Leda Atomica,Salvador Dali,1949,https://uploads7.wikiart.org/00153/images/salvador-dali/leda-atomica.jpeg!PinterestSmall.jpeg
Surrealism,Thorn Head,Graham Sutherland,1949,https://uploads1.wikiart.org/00228/images/graham-sutherland/thorn-head-1949.jpg
Surrealism,Moissonneuse Au Maroc,Hélène de Beauvoir,1949,https://uploads3.wikiart.org/00314/images/helene-de-beauvoir/moissonneuse-au-maroc-1949.jpg
Surrealism,St Francis,Rita Angus,1949,https://uploads2.wikiart.org/00315/images/rita-angus/st-francis-1949.jpg
Surrealism,Les Voleuses De Gratte Ciel,Louise Bourgeois,1949,https://uploads1.wikiart.org/00328/images/louise-bourgeois/les-voleuses-de-gratte-ciel-1949-2.jpg
Surrealism,He Noise of Silence,Mikuláš Medek,1949,https://uploads7.wikiart.org/00330/images/mikulas-medek/he-noise-of-silence-1949.jpg
Surrealism,Sinked Uteres,Mikuláš Medek,1949,https://uploads1.wikiart.org/00330/images/mikulas-medek/sinked-uteres-1949.jpg
Surrealism,Coucher De Soleil Dans Un Puits,Jacqueline Lamba,1949,https://uploads4.wikiart.org/00333/images/jacqueline-lamba/coucher-de-soleil-dans-un-puits-1949.jpg
Surrealism,Untitled,Luchita Hurtado,1949,https://uploads7.wikiart.org/00334/images/luchita-hurtado/untitled-1949.jpg
Surrealism,There,Victor Brauner,1949,https://uploads4.wikiart.org/images/victor-brauner/there-1949.jpg
Surrealism,Untitled,Enzo Cucchi,XX cent.,https://uploads8.wikiart.org/images/enzo-cucchi/untitled.jpg
Surrealism,Contrast (Order and Chaos),M.C. Escher,1950,https://uploads5.wikiart.org/images/m-c-escher/contrast-order-and-chaos.jpg
Surrealism,Spherical Self Portrait,M.C. Escher,1950,https://uploads4.wikiart.org/images/m-c-escher/spherical-self-portrait.jpg
Surrealism,Fashionable people,Rene Magritte,1950,https://uploads1.wikiart.org/images/rene-magritte/fashionable-people-1950(1).jpg
Surrealism,Manet's Balcony,Rene Magritte,1950,https://uploads7.wikiart.org/images/rene-magritte/manet-s-balcony-1950(1).jpg
Surrealism,Mental complacency,Rene Magritte,1950,https://uploads1.wikiart.org/images/rene-magritte/mental-complacency-1950(1).jpg
Surrealism,Perspective: Madame Récamier de David,Rene Magritte,1950,https://uploads1.wikiart.org/images/rene-magritte/perspective-madame-récamier-de-david-1950(1).jpg
Surrealism,Sheherazade,Rene Magritte,1950,https://uploads3.wikiart.org/images/rene-magritte/sheherazade-1950(1).jpg
Surrealism,Sheherazade,Rene Magritte,1950,https://uploads7.wikiart.org/images/rene-magritte/sheherazade(1).jpg
Surrealism,The art of conversation,Rene Magritte,1950,https://uploads6.wikiart.org/images/rene-magritte/the-art-of-conversation-1950(1).jpg
Surrealism,The art of conversation,Rene Magritte,1950,https://uploads8.wikiart.org/images/rene-magritte/the-art-of-conversation-1950-1(1).jpg
Surrealism,The art of conversation,Rene Magritte,1950,https://uploads8.wikiart.org/images/rene-magritte/the-art-of-conversation-1950-2(1).jpg
Surrealism,The art of conversation,Rene Magritte,1950,https://uploads8.wikiart.org/images/rene-magritte/the-art-of-conversation-1950-3(1).jpg
Surrealism,The hesitation waltz,Rene Magritte,1950,https://uploads3.wikiart.org/images/rene-magritte/the-hesitation-waltz-1950(1).jpg
Surrealism,The ignorant fairy,Rene Magritte,1950,https://uploads1.wikiart.org/images/rene-magritte/the-ignorant-fairy-1950(1).jpg
Surrealism,The Labours of Alexander,Rene Magritte,1950,https://uploads7.wikiart.org/images/rene-magritte/the-labours-of-alexander-1950(1).jpg
Surrealism,The legend of the centuries,Rene Magritte,1950,https://uploads1.wikiart.org/images/rene-magritte/the-legend-of-the-centuries-1950(1).jpg
Surrealism,The survivor,Rene Magritte,1950,https://uploads4.wikiart.org/images/rene-magritte/the-survivor-1950(1).jpg
Surrealism,The wasted footsteps,Rene Magritte,1950,https://uploads3.wikiart.org/images/rene-magritte/the-wasted-footsteps-1950(1).jpg
Surrealism,Backdrop for 'Don Juan Tenorio',Salvador Dali,1950,https://uploads4.wikiart.org/images/salvador-dali/backdrop-for-don-juan-tenorio.jpg
Surrealism,Christ in Perspective,Salvador Dali,1950,https://uploads5.wikiart.org/images/salvador-dali/christ-in-perspective.jpg
Surrealism,Cork (study for 'The Madonna of Port Lligat'),Salvador Dali,1950,https://uploads7.wikiart.org/images/salvador-dali/cork-study-for-the-madonna-of-port-lligat.jpg
Surrealism,Dali at the Age of Six When He Thought He Was a Girl Lifting the Skin of the Water to See the Dog Sleeping in the Shade of the Sea,Salvador Dali,1950,https://uploads5.wikiart.org/images/salvador-dali/dali-at-the-age-of-six-when-he-thought-he-was-a-girl-lifting-the-skin-of-the-water-to-see-the.jpg
Surrealism,Dali's Moustache,Salvador Dali,1950,https://uploads0.wikiart.org/images/salvador-dali/dali-s-moustache.jpg
Surrealism,Erotic Beach,Salvador Dali,1950,https://uploads5.wikiart.org/images/salvador-dali/erotic-beach.jpg
Surrealism,Gala as Madonna of Port Lligat,Salvador Dali,1950,https://uploads5.wikiart.org/images/salvador-dali/gala-as-madonna-of-port-lligat.jpg
Surrealism,Landscape of Port Lligat,Salvador Dali,1950,https://uploads8.wikiart.org/images/salvador-dali/landscape-of-port-lligat.jpg
Surrealism,Study for a Backdrop,Salvador Dali,1950,https://uploads4.wikiart.org/images/salvador-dali/study-for-a-backdrop.jpg
Surrealism,The Madonna of Port Lligat,Salvador Dali,1950,https://uploads1.wikiart.org/images/salvador-dali/the-madonna-of-port-lligat.jpg
Surrealism,Claude and Paloma playing,Pablo Picasso,1950,https://uploads5.wikiart.org/images/pablo-picasso/claude-and-paloma-playing-1950.jpg
Surrealism,Drawing woman surrounded by her children,Pablo Picasso,1950,https://uploads2.wikiart.org/images/pablo-picasso/drawing-woman-surrounded-by-her-children-1950.jpg
Surrealism,Characters in the Night,Joan Miro,1950,https://uploads8.wikiart.org/images/joan-miro/not_detected_227937.jpg
Surrealism,Painting,Joan Miro,1950,https://uploads8.wikiart.org/images/joan-miro/painting-5.jpg
Surrealism,Woman in Front of the Sun,Joan Miro,1950,https://uploads5.wikiart.org/images/joan-miro/woman-in-front-of-the-sun.jpg
Surrealism,"Evocation of a form: human, lunar, spectral",Jean Arp,1950,https://uploads1.wikiart.org/images/jean-arp/evocation-of-a-form-human-lunar-spectral.jpg
Surrealism,Blue Bather,Andre Masson,1950,https://uploads3.wikiart.org/images/andre-masson/blue-bather.jpg
Surrealism,Reader with Red Book,Andre Masson,1950,https://uploads3.wikiart.org/images/andre-masson/reader-with-red-book.jpg
Surrealism,Red Pomegranates,Andre Masson,1950,https://uploads8.wikiart.org/images/andre-masson/red-pomegranates.jpg
Surrealism,Ripe Pomegranates,Andre Masson,1950,https://uploads0.wikiart.org/images/andre-masson/ripe-pomegranates.jpg
Surrealism,Three Pomegranates,Andre Masson,1950,https://uploads1.wikiart.org/images/andre-masson/three-pomegranates.jpg
Surrealism,Valley of the Moon,Remedios Varo,1950,https://uploads7.wikiart.org/images/remedios-varo/valley-of-the-moon-1950.jpg
Surrealism,Machine 5,Hedda Sterne,1950,https://uploads6.wikiart.org/images/hedda-sterne/machine-5-1950.jpg
Surrealism,Sans titre (de la serie des lutteurs),Georges Papazoff,1950,https://uploads0.wikiart.org/images/georges-papazoff/sans-titre-de-la-serie-des-lutteurs-1950.jpg
Surrealism,Nude,Roberto Matta,1950,https://uploads2.wikiart.org/images/roberto-matta/nude-1950.jpg
Surrealism,"Zambezia, Zambezia",Wifredo Lam,1950,https://uploads4.wikiart.org/images/wifredo-lam/zambezia-zambezia-1950.jpg
Surrealism,Composition,Josef Sima,1950,https://uploads4.wikiart.org/images/josef-ma/composition-1950.jpg
Surrealism,Ibaye,Wifredo Lam,1950,https://uploads1.wikiart.org/images/wifredo-lam/ibaye-1950.jpg
Surrealism,Variations on a Doll's Game,Hans Bellmer,1950,https://uploads6.wikiart.org/images/hans-bellmer/variations-on-a-doll-s-game-1950.jpg
Surrealism,Child and Seeing Hands,Hans Bellmer,1950,https://uploads4.wikiart.org/images/hans-bellmer/child-and-seeing-hands-1950(1).jpg
Surrealism,All Children Are Ambassadors,Frederick Sommer,1950,https://uploads2.wikiart.org/images/frederick-sommer/all-children-are-ambassadors-1950.jpg
Surrealism,Ondine,Frederick Sommer,1950,https://uploads7.wikiart.org/images/frederick-sommer/ondine-1950.jpg
Surrealism,The Eatable Thief,Frederick Sommer,1950,https://uploads0.wikiart.org/images/frederick-sommer/the-eatable-thief-1950.jpg
Surrealism,The Survivors,Desmond Morris,1950,https://uploads3.wikiart.org/images/desmond-morris/the-survivors-1950.jpg
Surrealism,An Exceptional Occurrence,Eileen Agar,1950,https://uploads3.wikiart.org/images/eileen-agar/an-exceptional-occurrence-1950.jpg
Surrealism,Cliché Verre,Brassai,1950,https://uploads3.wikiart.org/images/brassai/clich-verre-1950.jpg
Surrealism,"Graffiti, Visage, rue Médéah",Brassai,1950,https://uploads0.wikiart.org/images/brassai/graffiti-visage-rue-m-d-ah-1950.jpg
Surrealism,Une femme-peintre naive,Brassai,1950,https://uploads6.wikiart.org/images/brassai/une-femme-peintre-naive-1950.jpg
Surrealism,The Semitransparent City,Kansuke Yamamoto,1950,https://uploads7.wikiart.org/images/kansuke-yamamoto/the-semitransparent-city-1950.jpg
Surrealism,Untitled (Two Women),Kansuke Yamamoto,1950,https://uploads1.wikiart.org/images/kansuke-yamamoto/untitled-two-women-1950.jpg
Surrealism,Untitled,Kansuke Yamamoto,1950,https://uploads0.wikiart.org/images/kansuke-yamamoto/untitled-1950.jpg
Surrealism,Grand Hotel Semiramis,Joseph Cornell,1950,https://uploads2.wikiart.org/images/joseph-cornell/grand-hotel-semiramis-1950.jpg
Surrealism,La bonne conduite,Felix Labisse,1950,https://uploads6.wikiart.org/images/felix-labisse/la-bonne-conduite-1950.jpg
Surrealism,The Giantess,Leonora Carrington,1950,https://uploads6.wikiart.org/images/leonora-carrington/the-giantess-1950.jpg
Surrealism,Animal,Victor Brauner,1950,https://uploads5.wikiart.org/images/victor-brauner/animal-1950.jpg
Surrealism,Eclaircissement,Victor Brauner,1950,https://uploads5.wikiart.org/images/victor-brauner/eclaircissement-1950.jpg
Surrealism,Sans titre (Personnages),Victor Brauner,1950,https://uploads3.wikiart.org/images/victor-brauner/sans-titre-personnages-1950.jpg
Surrealism,Dimoni Verd,Joan Ponc,1950,https://uploads5.wikiart.org/images/joan-ponc/dimoni-verd-1950.jpg
Surrealism,La Presó,Joan Ponc,1950,https://uploads1.wikiart.org/images/joan-ponc/la-pres-1950.jpg
Surrealism,Personatge Assegut,Joan Ponc,1950,https://uploads3.wikiart.org/images/joan-ponc/personatge-assegut-1950.jpg
Surrealism,Suite Perversitats,Joan Ponc,1950,https://uploads3.wikiart.org/images/joan-ponc/suite-perversitats-1950.jpg
Surrealism,Inland Australia,Sidney Nolan,1950,https://uploads4.wikiart.org/images/sidney-nolan/inland-australia-1950.jpg
Surrealism,Pommes,Leon Arthur Tutundjian,1950,https://uploads4.wikiart.org/images/leon-arthur-tutundjian/pommes-1950.jpg
Surrealism,Untitled,Marcelino Vespeira,1950,https://uploads2.wikiart.org/images/marcelino-vespeira/untitled-1950.jpg
Surrealism,Retablo,Carlos Merida,1950,https://uploads5.wikiart.org/images/carlos-merida/retablo-1950.jpg
Surrealism,Small Portrait,Kay Sage,1950,https://uploads7.wikiart.org/images/kay-sage/small-portrait-1950.jpg
Surrealism,Cabeza,Gunther Gerzso,1950,https://uploads5.wikiart.org/images/gunther-gerzso/cabeza-1950.jpg
Surrealism,Estela Blanca,Gunther Gerzso,1950,https://uploads3.wikiart.org/images/gunther-gerzso/estela-blanca-1950.jpg
Surrealism,Ideal Life,Leonor Fini,1950,https://uploads6.wikiart.org/images/leonor-fini/ideal-life-1950.jpg
Surrealism,Acapulco Lovers,Mathias Goeritz,1950,https://uploads6.wikiart.org/images/mathias-goeritz/acapulco-lovers-1950.jpg
Surrealism,Tu y yo,Mathias Goeritz,1950,https://uploads7.wikiart.org/images/mathias-goeritz/tu-y-yo-1950.jpg
Surrealism,Head of the Diver (Deny Your Birth),Arnulf Rainer,1950,https://uploads4.wikiart.org/images/arnulf-rainer/head-of-the-diver-deny-your-birth-1950.jpg
Surrealism,The Water is a Naked Box,Arnulf Rainer,1950,https://uploads4.wikiart.org/images/arnulf-rainer/the-water-is-a-naked-box-1950.jpg
Surrealism,Tous toujour,Meret Oppenheim,1950,https://uploads3.wikiart.org/images/meret-oppenheim/tous-toujour-1950.jpg
Surrealism,Costume for the Execution of the Testament of the Marquis de Sade,Jean Benoit,1950,https://uploads7.wikiart.org/images/jean-benoit/costume-for-the-execution-of-the-testament-of-the-marquis-de-sade-1950.jpg
Surrealism,Costume for the Execution of the Testament of the Marquis de Sade,Jean Benoit,1950,https://uploads0.wikiart.org/images/jean-benoit/costume-for-the-execution-of-the-testament-of-the-marquis-de-sade-1950-1.jpg
Surrealism,Costume for the Execution of the Testament of the Marquis de Sade,Jean Benoit,1950,https://uploads0.wikiart.org/images/jean-benoit/costume-for-the-execution-of-the-testament-of-the-marquis-de-sade-1950-2.jpg
Surrealism,Fish Kite,Yasuo Kuniyoshi,1950,https://uploads0.wikiart.org/images/yasuo-kuniyoshi/fish-kite-1950.jpg
Surrealism,Forbidden Fruit,Yasuo Kuniyoshi,1950,https://uploads6.wikiart.org/images/yasuo-kuniyoshi/forbidden-fruit-1950.jpg
Surrealism,Portrait of Josephine Hartford Bryce (1950),Salvador Dali,1950,https://uploads5.wikiart.org/00152/images/salvador-dali/zzz-salvador-dali-josephine-hartford-bryce-1950.jpg
Surrealism,Seascape,L. S. Lowry,1950,https://uploads4.wikiart.org/00169/images/l-s-lowry/seascape-1950.jpg
Surrealism,Study for ‘Origins of Land’ (recto),Graham Sutherland,1950,https://uploads4.wikiart.org/00228/images/graham-sutherland/study-for-origins-of-land-recto-1950.jpg
Surrealism,Self Portrait 1950,Claude Cahun,1950,https://uploads6.wikiart.org/00302/images/claude-cahun/self-portrait-1950.jpg
Surrealism,Tarde De São João,Alberto da Veiga Guignard,1950,https://uploads0.wikiart.org/00312/images/guignard/tarde-de-s-o-jo-o-de-alberto-da-veiga-guignard-dezembro-de-1850-acervo-do-instituto-tomie-ohtake.jpg
Surrealism,Untitled,Luchita Hurtado,1950,https://uploads7.wikiart.org/00334/images/luchita-hurtado/untitled-1950.jpg
Surrealism,Untitled,Luchita Hurtado,1950,https://uploads0.wikiart.org/00334/images/luchita-hurtado/untitled-c-1950.jpg
Surrealism,Andromède prisonnière,Pierre Roy,XIX-XX cent.,https://uploads2.wikiart.org/images/pierre-roy/androm-de-prisonni-re.jpg
Surrealism,La Fortune au repos,Pierre Roy,XIX-XX cent.,https://uploads0.wikiart.org/images/pierre-roy/la-fortune-au-repos.jpg
Surrealism,La naissance de Vénus,Pierre Roy,XIX-XX cent.,https://uploads2.wikiart.org/images/pierre-roy/la-naissance-de-v-nus.jpg
Surrealism,Paradise,Marc Chagall,1951,https://uploads5.wikiart.org/images/marc-chagall/paradise-1951.jpg
Surrealism,The Dance,Marc Chagall,1951,https://uploads6.wikiart.org/images/marc-chagall/the-dance-1951.jpg
Surrealism,Curl Up,M.C. Escher,1951,https://uploads6.wikiart.org/images/m-c-escher/curl-up.jpg
Surrealism,House of Stairs,M.C. Escher,1951,https://uploads5.wikiart.org/images/m-c-escher/house-of-stairs.jpg
Surrealism,Almayer's folly,Rene Magritte,1951,https://uploads7.wikiart.org/images/rene-magritte/almayer-s-folly-1951(1).jpg
Surrealism,Pandora's Box,Rene Magritte,1951,https://uploads5.wikiart.org/images/rene-magritte/pandora-s-box-1951(1).jpg
Surrealism,Song of violet,Rene Magritte,1951,https://uploads6.wikiart.org/images/rene-magritte/song-of-violet-1951(1).jpg
Surrealism,Celestial Coronation,Salvador Dali,1951,https://uploads4.wikiart.org/images/salvador-dali/celestial-coronation.jpg
Surrealism,Christ of St. John of the Cross,Salvador Dali,1951,https://uploads1.wikiart.org/images/salvador-dali/christ-of-st-john-of-the-cross-1951.jpg
Surrealism,Explosive Madonna,Salvador Dali,1951,https://uploads1.wikiart.org/images/salvador-dali/explosive-madonna.jpg
Surrealism,Landscape with Cavalier and Gala,Salvador Dali,1951,https://uploads7.wikiart.org/images/salvador-dali/landscape-with-cavalier-and-gala.jpg
Surrealism,Mystical Carnation,Salvador Dali,1950-1951,https://uploads7.wikiart.org/images/salvador-dali/mystical-carnation-1951.jpg
Surrealism,Portrait of a Child (unfinished),Salvador Dali,1951,https://uploads5.wikiart.org/images/salvador-dali/portrait-of-a-child-unfinished.jpg
Surrealism,Portrait of Colonel Jack Warner,Salvador Dali,1951,https://uploads6.wikiart.org/images/salvador-dali/portrait-of-colonel-jack-warner.jpg
Surrealism,Portrait of Katharina Cornell,Salvador Dali,1951,https://uploads4.wikiart.org/images/salvador-dali/portrait-of-katharina-cornell.jpg
Surrealism,Portrait of Mrs Jack Warner,Salvador Dali,1951,https://uploads2.wikiart.org/images/salvador-dali/portrait-of-mrs-jack-warner.jpg
Surrealism,Raphaelesque Head Exploding,Salvador Dali,1951,https://uploads2.wikiart.org/images/salvador-dali/raphaelesque-head-exploding.jpg
Surrealism,Study for 'Christ of St. John of the Cross',Salvador Dali,1950-1951,https://uploads2.wikiart.org/images/salvador-dali/study-for-christ-of-st-john-of-the-cross-1951.jpg
Surrealism,The Queen of the Butterflies,Salvador Dali,1951,https://uploads3.wikiart.org/images/salvador-dali/the-queen-of-the-butterflies.jpg
Surrealism,The Wheelbarrow (Pantheon Formed by Twisted Wheelbarrows),Salvador Dali,1951,https://uploads3.wikiart.org/images/salvador-dali/the-wheelbarrow-pantheon-formed-by-twisted-wheelbarrows.jpg
Surrealism,Women forming a skull,Salvador Dali,1951,https://uploads5.wikiart.org/images/salvador-dali/women-forming-a-skull.jpg
Surrealism,Francoise Gilot with Paloma and Claude,Pablo Picasso,1951,https://uploads0.wikiart.org/images/pablo-picasso/francoise-gilot-with-paloma-and-claude-1951.jpg
Surrealism,Picador on the horseback on arena,Pablo Picasso,1951,https://uploads4.wikiart.org/images/pablo-picasso/picador-on-the-horseback-on-arena-1951.jpg
Surrealism,Dragonfly with Red-Tipped Wing in Pursuit of a Serpent Spiralling Toward a Comet,Joan Miro,1951,https://uploads6.wikiart.org/images/joan-miro/dragonfly-with-red-tipped-wing-in-pursuit-of-a-surpent-spiralling-toward-a-comet.jpg
Surrealism,Rooms By The Sea,Edward Hopper,1951,https://uploads0.wikiart.org/images/edward-hopper/rooms-by-the-sea.jpg
Surrealism,Table Living,Francis Picabia,1951,https://uploads7.wikiart.org/images/francis-picabia/table-living.jpg
Surrealism,Iron age,Paul Delvaux,1951,https://uploads5.wikiart.org/images/paul-delvaux/iron-age-1951.jpg
Surrealism,The Deposition,Paul Delvaux,1951,https://uploads2.wikiart.org/images/paul-delvaux/the-deposition-1951.jpg
Surrealism,The Horse Tryout,Andre Masson,1951,https://uploads8.wikiart.org/images/andre-masson/the-horse-tryout.jpg
Surrealism,Pomegranates in the Wind,Andre Masson,1951,https://uploads7.wikiart.org/images/andre-masson/pomegranates-in-the-wind.jpg
Surrealism,Garden of love,Remedios Varo,1951,https://uploads3.wikiart.org/images/remedios-varo/garden-of-love-1951.jpg
Surrealism,Les Roses sont belles,Roberto Matta,1951,https://uploads1.wikiart.org/images/roberto-matta/les-roses-sont-belles-1951.jpg
Surrealism,Labyrinthe,Josef Sima,1951,https://uploads3.wikiart.org/images/josef-ma/labyrinthe-1951.jpg
Surrealism,Corrida II,Oscar Dominguez,1951,https://uploads1.wikiart.org/images/oscar-dominguez/corrida-ii-1951.jpg
Surrealism,Asia,Antoni Tapies,1951,https://uploads2.wikiart.org/images/antoni-tapies/asia-1951.jpg
Surrealism,Frying Pan (La poêle à frire),Pierre Alechinsky,1951,https://uploads0.wikiart.org/images/pierre-alechinsky/frying-pan-la-po-le-frire-1951.jpg
Surrealism,Head (Tête),Pierre Alechinsky,1951,https://uploads2.wikiart.org/images/pierre-alechinsky/head-t-te-1951.jpg
Surrealism,Transpercer la transparence (1),Gherasim Luca,1951,https://uploads0.wikiart.org/images/gherasim-luca/transpercer-la-transparence-1-1951.jpg
Surrealism,Transpercer la transparence (2),Gherasim Luca,1951,https://uploads0.wikiart.org/images/gherasim-luca/transpercer-la-transparence-2-1951.jpg
Surrealism,Transpercer la transparence (3),Gherasim Luca,1951,https://uploads0.wikiart.org/images/gherasim-luca/transpercer-la-transparence-3-1951.jpg
Surrealism,Transpercer la transparence (4),Gherasim Luca,1951,https://uploads0.wikiart.org/images/gherasim-luca/transpercer-la-transparence-4-1951.jpg
Surrealism,Transpercer la transparence (5),Gherasim Luca,1951,https://uploads0.wikiart.org/images/gherasim-luca/transpercer-la-transparence-5-1951.jpg
Surrealism,Transpercer la transparence (6),Gherasim Luca,1951,https://uploads0.wikiart.org/images/gherasim-luca/transpercer-la-transparence-6-1951.jpg
Surrealism,Transpercer la transparence (7),Gherasim Luca,1951,https://uploads0.wikiart.org/images/gherasim-luca/transpercer-la-transparence-7-1951.jpg
Surrealism,Transpercer la transparence (8),Gherasim Luca,1951,https://uploads0.wikiart.org/images/gherasim-luca/transpercer-la-transparence-8-1951.jpg
Surrealism,Transpercer la transparence (9),Gherasim Luca,1951,https://uploads0.wikiart.org/images/gherasim-luca/transpercer-la-transparence-9-1951.jpg
Surrealism,Transpercer la transparence (10),Gherasim Luca,1951,https://uploads1.wikiart.org/images/gherasim-luca/transpercer-la-transparence-10-1951.jpg
Surrealism,Transpercer la transparence (11),Gherasim Luca,1951,https://uploads1.wikiart.org/images/gherasim-luca/transpercer-la-transparence-11-1951.jpg
Surrealism,Transpercer la transparence (12),Gherasim Luca,1951,https://uploads1.wikiart.org/images/gherasim-luca/transpercer-la-transparence-12-1951.jpg
Surrealism,Transpercer la transparence (13),Gherasim Luca,1951,https://uploads1.wikiart.org/images/gherasim-luca/transpercer-la-transparence-13-1951.jpg
Surrealism,Untitled,Hans Bellmer,1951,https://uploads5.wikiart.org/images/hans-bellmer/untitled-1951.jpg
Surrealism,The Wall,Frederick Sommer,1951,https://uploads0.wikiart.org/images/frederick-sommer/the-wall-1951.jpg
Surrealism,Moon Culminations,Frederick Sommer,1951,https://uploads0.wikiart.org/images/frederick-sommer/moon-culminations-1951.jpg
Surrealism,Sem título,Mario Cesariny,1951,https://uploads0.wikiart.org/images/mario-cesariny/sem-t-tulo-1951.jpg
Surrealism,Blue head,Gosta Adrian-Nilsson,1951,https://uploads5.wikiart.org/images/gosta-adrian-nilsson/blue-head-1951.jpg
Surrealism,Musical Chairs,Dorothea Tanning,1951,https://uploads6.wikiart.org/images/dorothea-tanning/musical-chairs-1951.jpg
Surrealism,El Gato,Leonora Carrington,1951,https://uploads1.wikiart.org/images/leonora-carrington/el-gato-1951.jpg
Surrealism,Untitled,Victor Brauner,1951,https://uploads7.wikiart.org/images/victor-brauner/untitled-1951.jpg
Surrealism,The arrival of the bird,Corneille,1951,https://uploads8.wikiart.org/images/corneille/the-arrival-of-the-bird-1951.jpg
Surrealism,Carrer Sense Cap Mèrit Arquelògit,Joan Ponc,1951,https://uploads0.wikiart.org/images/joan-ponc/carrer-sense-cap-m-rit-arquel-git-1951.jpg
Surrealism,M'han Pres La Cartera (Poema De Joan Brossa),Joan Ponc,1951,https://uploads0.wikiart.org/images/joan-ponc/m-han-pres-la-cartera-poema-de-joan-brossa-1951.jpg
Surrealism,Untitled,Joan Ponc,1951,https://uploads2.wikiart.org/images/joan-ponc/untitled-1951.jpg
Surrealism,Voluptas Mors,Philippe Halsman,1951,https://uploads5.wikiart.org/images/philippe-halsman/voluptas-mors-1951.jpg
Surrealism,La Cittá,Conrad Marca-Relli,1951,https://uploads1.wikiart.org/images/conrad-marca-relli/la-citt-1951.jpg
Surrealism,Unusual Thursday,Kay Sage,1951,https://uploads0.wikiart.org/images/kay-sage/unusual-thursday-1951.jpg
Surrealism,Interior with Sudden Joy,Dorothea Tanning,1951,https://uploads7.wikiart.org/images/dorothea-tanning/interior-with-sudden-joy-1951.jpg
Surrealism,Fakirs,Yasuo Kuniyoshi,1951,https://uploads6.wikiart.org/images/yasuo-kuniyoshi/fakirs-1951.jpg
Surrealism,Auschwitz savior II,Mathias Goeritz,1951,https://uploads1.wikiart.org/images/mathias-goeritz/auschwitz-savior-ii-1951.jpg
Surrealism,The Animal of Pedregal,Mathias Goeritz,1951,https://uploads4.wikiart.org/images/mathias-goeritz/the-animal-of-pedregal-1951.jpg
Surrealism,The other injured animal,Mathias Goeritz,1951,https://uploads6.wikiart.org/images/mathias-goeritz/the-other-injured-animal-1951.jpg
Surrealism,Across the Street,Yasuo Kuniyoshi,1951,https://uploads8.wikiart.org/images/yasuo-kuniyoshi/across-the-street-1951.jpg
Surrealism,Composition for Clarinets and Tin Horn,Ben Shahn,1951,https://uploads8.wikiart.org/images/ben-shahn/not-detected-274618.jpg
Surrealism,Head II,Graham Sutherland,1951,https://uploads7.wikiart.org/00228/images/graham-sutherland/head-ii-1951.jpg
Surrealism,The Origins of the Land,Graham Sutherland,1951,https://uploads5.wikiart.org/00228/images/graham-sutherland/the-origins-of-the-land-1951.jpg
Surrealism,Spring 1951. Bag,Mikuláš Medek,1951,https://uploads7.wikiart.org/00330/images/mikulas-medek/spring-1951-bag.jpg
Surrealism,Untitled,Luchita Hurtado,1951,https://uploads7.wikiart.org/00334/images/luchita-hurtado/untitled-1951.jpg
Surrealism,Consciousness of Shock,Victor Brauner,1951,https://uploads3.wikiart.org/images/victor-brauner/consciousness-of-shock-1951.jpg
Surrealism,"Mujer tocada, a modo de sombrero, con un pez que está cazando un camarón",Wols,XX cent.,https://uploads8.wikiart.org/images/wols/mujer-tocada-a-modo-de-sombrero-con-un-pez-que-est-cazando-un-camar-n.jpg
Surrealism,Planta tuberosa,Wols,XX cent.,https://uploads8.wikiart.org/images/wols/planta-tuberosa.jpg
Surrealism,Untitled,Wols,XX cent.,https://uploads3.wikiart.org/images/wols/untitled-3.jpg
Surrealism,Untitled,Wols,XX cent.,https://uploads3.wikiart.org/images/wols/untitled-7.jpg
Surrealism,Untitled 8,Wols,XX cent.,https://uploads3.wikiart.org/images/wols/untitled-8.jpg
Surrealism,Branch,Fernand Leger,1952,https://uploads4.wikiart.org/images/fernand-leger/branch-1952.jpg
Surrealism,Branch,Fernand Leger,1952,https://uploads6.wikiart.org/images/fernand-leger/branch-1952-1.jpg
Surrealism,Rockefeller branch,Fernand Leger,1952,https://uploads7.wikiart.org/images/fernand-leger/rockefeller-branch-1952.jpg
Surrealism,Rockefeller branch,Fernand Leger,1952,https://uploads0.wikiart.org/images/fernand-leger/rockefeller-branch-1952-1.jpg
Surrealism,Rooster and logs,Fernand Leger,1952,https://uploads5.wikiart.org/images/fernand-leger/rooster-and-logs-1952.jpg
Surrealism,The alignment star,Fernand Leger,1952,https://uploads7.wikiart.org/images/fernand-leger/the-alignment-star-1952.jpg
Surrealism,Surrealistic portrait of Marusia by the sea,David Burliuk,1952,https://uploads0.wikiart.org/images/david-burliuk/surrealistic-portrait-of-marusia-by-the-sea.jpg
Surrealism,Liberation,Marc Chagall,1937-1952,https://uploads7.wikiart.org/images/marc-chagall/liberation-1952.jpg
Surrealism,Resistance,Marc Chagall,1937-1952,https://uploads7.wikiart.org/images/marc-chagall/resistance-1952.jpg
Surrealism,Resurrection,Marc Chagall,1937-1952,https://uploads0.wikiart.org/images/marc-chagall/resurrection-1952.jpg
Surrealism,Dragon,M.C. Escher,1952,https://uploads5.wikiart.org/images/m-c-escher/dragon.jpg
Surrealism,Gravitation,M.C. Escher,1952,https://uploads1.wikiart.org/images/m-c-escher/gravitation.jpg
Surrealism,Memory of a Voyage,Rene Magritte,1952,https://uploads1.wikiart.org/images/rene-magritte/memory-of-a-voyage-1952(1).jpg
Surrealism,Personal values,Rene Magritte,1952,https://uploads7.wikiart.org/images/rene-magritte/personal-values-1952(1).jpg
Surrealism,The blow to the heart,Rene Magritte,1952,https://uploads4.wikiart.org/images/rene-magritte/the-blow-to-the-heart-1952(1).jpg
Surrealism,The explanation,Rene Magritte,1952,https://uploads7.wikiart.org/images/rene-magritte/the-explanation-1952(1).jpg
Surrealism,The Listening Room,Rene Magritte,1952,https://uploads1.wikiart.org/images/rene-magritte/the-listening-room-1952(1).jpg
Surrealism,The magician (Self-portrait with four arms),Rene Magritte,1952,https://uploads6.wikiart.org/images/rene-magritte/the-magician-self-portrait-with-four-arms-1952(1).jpg
Surrealism,Arithmosophic Cross,Salvador Dali,1952,https://uploads3.wikiart.org/images/salvador-dali/arithmosophic-cross.jpg
Surrealism,Assumpta Corpuscularia Lapislazulina,Salvador Dali,1952,https://uploads7.wikiart.org/images/salvador-dali/assumpta-corpuscularia-lapislazulina-1952.jpg
Surrealism,Corpuscular Madonna,Salvador Dali,1952,https://uploads3.wikiart.org/images/salvador-dali/corpuscular-madonna.jpg
Surrealism,Eucharistic Still Life,Salvador Dali,1952,https://uploads6.wikiart.org/images/salvador-dali/eucharistic-still-life.jpg
Surrealism,Galatea of the Spheres,Salvador Dali,1952,https://uploads6.wikiart.org/images/salvador-dali/galatea-of-the-spheres.jpg
Surrealism,Madonna in Particles,Salvador Dali,1952,https://uploads4.wikiart.org/images/salvador-dali/madonna-in-particles.jpg
Surrealism,Nuclear Cross,Salvador Dali,1952,https://uploads6.wikiart.org/images/salvador-dali/nuclear-cross.jpg
Surrealism,Opposition,Salvador Dali,1952,https://uploads3.wikiart.org/images/salvador-dali/opposition.jpg
Surrealism,The Angel of Port Lligat,Salvador Dali,1952,https://uploads8.wikiart.org/images/salvador-dali/the-angel-of-port-lligat.jpg
Surrealism,The Angel of Port Lligat,Salvador Dali,1952,https://uploads1.wikiart.org/images/salvador-dali/the-angel-of-port-lligat-1.jpg
Surrealism,Transparent Horse,Salvador Dali,1952,https://uploads1.wikiart.org/images/salvador-dali/transparent-horse.jpg
Surrealism,Girl in chair,Pablo Picasso,1952,https://uploads2.wikiart.org/images/pablo-picasso/girl-in-chair-1952.jpg
Surrealism,Crucifixion,Paul Delvaux,1952,https://uploads8.wikiart.org/images/paul-delvaux/crucifixion-1952.jpg
Surrealism,The Lustre,Paul Delvaux,1952,https://uploads7.wikiart.org/images/paul-delvaux/the-lustre-1952.jpg
Surrealism,Alarm Clock Wandering Seller,Jacek Yerka,XX cent.,https://uploads1.wikiart.org/images/jacek-yerka/alarm-clock-wandering-seller.jpg
Surrealism,Mushroom alley,Jacek Yerka,XX cent.,https://uploads5.wikiart.org/images/jacek-yerka/mushroom-alley.jpg
Surrealism,Tornado alley,Jacek Yerka,XX cent.,https://uploads4.wikiart.org/images/jacek-yerka/tornado-alley.jpg
Surrealism,Amazon Clock Maker,Jacek Yerka,XX cent.,https://uploads0.wikiart.org/images/jacek-yerka/amazon-clock-maker.jpg
Surrealism,Archipelag,Jacek Yerka,XX cent.,https://uploads1.wikiart.org/images/jacek-yerka/archipelag.jpg
Surrealism,Desert Island,Jacek Yerka,XX cent.,https://uploads4.wikiart.org/images/jacek-yerka/desert-island.jpg
Surrealism,Bishop of Sargasso Sea,Jacek Yerka,XX cent.,https://uploads4.wikiart.org/images/jacek-yerka/bishop-of-sargasso-sea.jpg
Surrealism,Boudoir,Jacek Yerka,XX cent.,https://uploads7.wikiart.org/images/jacek-yerka/boudoir.jpg
Surrealism,Country & Eastern,Jacek Yerka,XX cent.,https://uploads6.wikiart.org/images/jacek-yerka/country-eastern.jpg
Surrealism,Cowan City,Jacek Yerka,XX cent.,https://uploads1.wikiart.org/images/jacek-yerka/cowan-city.jpg
Surrealism,Four seasons,Jacek Yerka,XX cent.,https://uploads3.wikiart.org/images/jacek-yerka/four-seasons.jpg
Surrealism,Enhabited oak,Jacek Yerka,XX cent.,https://uploads4.wikiart.org/images/jacek-yerka/enhabited-oak.jpg
Surrealism,The roof of the World,Jacek Yerka,XX cent.,https://uploads3.wikiart.org/images/jacek-yerka/the-roof-of-the-world.jpg
Surrealism,House on the Prairie,Jacek Yerka,XX cent.,https://uploads2.wikiart.org/images/jacek-yerka/house-on-the-prairie.jpg
Surrealism,Double Life,Jacek Yerka,XX cent.,https://uploads2.wikiart.org/images/jacek-yerka/double-life.jpg
Surrealism,Vacancy lifetime,Jacek Yerka,XX cent.,https://uploads7.wikiart.org/images/jacek-yerka/vacancy-lifetime.jpg
Surrealism,Road,Jacek Yerka,XX cent.,https://uploads4.wikiart.org/images/jacek-yerka/road.jpg
Surrealism,Second Day of Creation,Jacek Yerka,XX cent.,https://uploads4.wikiart.org/images/jacek-yerka/second-day-of-creation.jpg
Surrealism,Strawberry tree,Jacek Yerka,XX cent.,https://uploads6.wikiart.org/images/jacek-yerka/strawberry-tree.jpg
Surrealism,The World tree,Jacek Yerka,XX cent.,https://uploads5.wikiart.org/images/jacek-yerka/the-world-tree.jpg
Surrealism,Enclave,Jacek Yerka,XX cent.,https://uploads7.wikiart.org/images/jacek-yerka/enclave.jpg
Surrealism,Epitaph,Jacek Yerka,XX cent.,https://uploads7.wikiart.org/images/jacek-yerka/epitaph.jpg
Surrealism,Erroll'S Holiday,Jacek Yerka,XX cent.,https://uploads7.wikiart.org/images/jacek-yerka/erroll-s-holiday.jpg
Surrealism,Piano,Jacek Yerka,XX cent.,https://uploads5.wikiart.org/images/jacek-yerka/piano.jpg
Surrealism,Orange grove,Jacek Yerka,XX cent.,https://uploads3.wikiart.org/images/jacek-yerka/orange-grove.jpg
Surrealism,Gardener`s Cottage,Jacek Yerka,XX cent.,https://uploads0.wikiart.org/images/jacek-yerka/gardener-s-cottage.jpg
Surrealism,Goral tea,Jacek Yerka,XX cent.,https://uploads0.wikiart.org/images/jacek-yerka/goral-tea.jpg
Surrealism,War Games,Jacek Yerka,XX cent.,https://uploads0.wikiart.org/images/jacek-yerka/war-games.jpg
Surrealism,Habitat,Jacek Yerka,XX cent.,https://uploads7.wikiart.org/images/jacek-yerka/habitat.jpg
Surrealism,Apple mania,Jacek Yerka,XX cent.,https://uploads2.wikiart.org/images/jacek-yerka/apple-mania.jpg
Surrealism,Autumn In Madeira,Jacek Yerka,XX cent.,https://uploads8.wikiart.org/images/jacek-yerka/autumn-in-madeira.jpg
Surrealism,Autumn,Jacek Yerka,XX cent.,https://uploads6.wikiart.org/images/jacek-yerka/autumn.jpg
Surrealism,Autumn Labyrinth,Jacek Yerka,XX cent.,https://uploads7.wikiart.org/images/jacek-yerka/autumn-labyrinth.jpg
Surrealism,Underwater life,Jacek Yerka,XX cent.,https://uploads6.wikiart.org/images/jacek-yerka/underwater-life.jpg
Surrealism,Ecumenical cat,Jacek Yerka,XX cent.,https://uploads5.wikiart.org/images/jacek-yerka/ecumenical-cat.jpg
Surrealism,Mordor Nights,Jacek Yerka,XX cent.,https://uploads4.wikiart.org/images/jacek-yerka/mordor-nights.jpg
Surrealism,I like the Sorrow,Jacek Yerka,XX cent.,https://uploads8.wikiart.org/images/jacek-yerka/i-like-the-sorrow.jpg
Surrealism,In Landscapes,Jacek Yerka,XX cent.,https://uploads4.wikiart.org/images/jacek-yerka/in-landscapes.jpg
Surrealism,November,Jacek Yerka,XX cent.,https://uploads8.wikiart.org/images/jacek-yerka/november.jpg
Surrealism,Summer kitchen,Jacek Yerka,XX cent.,https://uploads5.wikiart.org/images/jacek-yerka/summer-kitchen.jpg
Surrealism,Dragon hunting,Jacek Yerka,XX cent.,https://uploads5.wikiart.org/images/jacek-yerka/dragon-hunting.jpg
Surrealism,Scene Under the Stairs,Jacek Yerka,XX cent.,https://uploads4.wikiart.org/images/jacek-yerka/scene-under-the-stairs.jpg
Surrealism,Weather under the lilac,Jacek Yerka,XX cent.,https://uploads5.wikiart.org/images/jacek-yerka/weather-under-the-lilac.jpg
Surrealism,Dutch bouquet,Jacek Yerka,XX cent.,https://uploads4.wikiart.org/images/jacek-yerka/dutch-bouquet.jpg
Surrealism,Summer in the city,Jacek Yerka,XX cent.,https://uploads0.wikiart.org/images/jacek-yerka/summer-in-the-city.jpg
Surrealism,Life on stump,Jacek Yerka,XX cent.,https://uploads4.wikiart.org/images/jacek-yerka/life-on-stump.jpg
Surrealism,Grandma's Kitchen,Jacek Yerka,XX cent.,https://uploads8.wikiart.org/images/jacek-yerka/grandma-s-kitchen.jpg
Surrealism,Under the Garden Towers,Jacek Yerka,XX cent.,https://uploads5.wikiart.org/images/jacek-yerka/under-the-garden-towers.jpg
Surrealism,Fantastic landscape,Jacek Yerka,XX cent.,https://uploads1.wikiart.org/images/jacek-yerka/fantastic-landscape.jpg
Surrealism,Underwater landscape,Jacek Yerka,XX cent.,https://uploads2.wikiart.org/images/jacek-yerka/underwater-landscape.jpg
Surrealism,Playhouse,Jacek Yerka,XX cent.,https://uploads0.wikiart.org/images/jacek-yerka/playhouse.jpg
Surrealism,Orange grove,Jacek Yerka,XX cent.,https://uploads5.wikiart.org/images/jacek-yerka/orange-grove-1.jpg
Surrealism,Bed amidst green,Jacek Yerka,XX cent.,https://uploads0.wikiart.org/images/jacek-yerka/among-the-messages-of-green.jpg
Surrealism,Private Wave,Jacek Yerka,XX cent.,https://uploads3.wikiart.org/images/jacek-yerka/private-wave.jpg
Surrealism,The Cider Recipe,Jacek Yerka,XX cent.,https://uploads7.wikiart.org/images/jacek-yerka/the-cider-recipe.jpg
Surrealism,Paradise in the courtyard (Called three times),Jacek Yerka,XX cent.,https://uploads8.wikiart.org/images/jacek-yerka/paradise-in-the-courtyard-called-three-times.jpg
Surrealism,Three Seasons,Jacek Yerka,XX cent.,https://uploads4.wikiart.org/images/jacek-yerka/three-seasons.jpg
Surrealism,Villa,Jacek Yerka,XX cent.,https://uploads5.wikiart.org/images/jacek-yerka/villa.jpg
Surrealism,Recreation Creator,Jacek Yerka,XX cent.,https://uploads0.wikiart.org/images/jacek-yerka/recreation-creator.jpg
Surrealism,Close this window,Jacek Yerka,XX cent.,https://uploads8.wikiart.org/images/jacek-yerka/close-this-window.jpg
Surrealism,Cabins,Jacek Yerka,XX cent.,https://uploads6.wikiart.org/images/jacek-yerka/cabins.jpg
Surrealism,Cathedral,Jacek Yerka,XX cent.,https://uploads0.wikiart.org/images/jacek-yerka/cathedral.jpg
Surrealism,Cathedral,Jacek Yerka,XX cent.,https://uploads2.wikiart.org/images/jacek-yerka/cathedral-1.jpg
Surrealism,Personal forest,Jacek Yerka,XX cent.,https://uploads6.wikiart.org/images/jacek-yerka/personal-forest.jpg
Surrealism,King Boletus,Jacek Yerka,XX cent.,https://uploads3.wikiart.org/images/jacek-yerka/king-boletus.jpg
Surrealism,Artist's Kitchen,Jacek Yerka,XX cent.,https://uploads7.wikiart.org/images/jacek-yerka/artist-s-kitchen.jpg
Surrealism,Grandma's Kitchen,Jacek Yerka,XX cent.,https://uploads1.wikiart.org/images/jacek-yerka/grandma-s-kitchen-1.jpg
Surrealism,Oceanic Kitchen,Jacek Yerka,XX cent.,https://uploads6.wikiart.org/images/jacek-yerka/oceanic-kitchen.jpg
Surrealism,Ball,Jacek Yerka,XX cent.,https://uploads4.wikiart.org/images/jacek-yerka/ball.jpg
Surrealism,Loading cities,Jacek Yerka,XX cent.,https://uploads5.wikiart.org/images/jacek-yerka/loading-cities.jpg
Surrealism,Time breaker,Jacek Yerka,XX cent.,https://uploads3.wikiart.org/images/jacek-yerka/time-breaker.jpg
Surrealism,Summer,Jacek Yerka,XX cent.,https://uploads6.wikiart.org/images/jacek-yerka/summer.jpg
Surrealism,Oceanic bathroom,Jacek Yerka,XX cent.,https://uploads7.wikiart.org/images/jacek-yerka/oceanic-bathroom.jpg
Surrealism,Summer Bedroom,Jacek Yerka,XX cent.,https://uploads5.wikiart.org/images/jacek-yerka/summer-bedroom.jpg
Surrealism,Summer Bedroom,Jacek Yerka,XX cent.,https://uploads7.wikiart.org/images/jacek-yerka/summer-bedroom-1.jpg
Surrealism,Medieval Surfing,Jacek Yerka,XX cent.,https://uploads7.wikiart.org/images/jacek-yerka/medieval-surfing.jpg
Surrealism,Philip's site,Jacek Yerka,XX cent.,https://uploads4.wikiart.org/images/jacek-yerka/philip-s-site.jpg
Surrealism,Narnia,Jacek Yerka,XX cent.,https://uploads6.wikiart.org/images/jacek-yerka/narnia.jpg
Surrealism,Birth of Life,Jacek Yerka,XX cent.,https://uploads4.wikiart.org/images/jacek-yerka/birth-of-life.jpg
Surrealism,Niagara,Jacek Yerka,XX cent.,https://uploads7.wikiart.org/images/jacek-yerka/niagara.jpg
Surrealism,Dutch Landscape,Jacek Yerka,XX cent.,https://uploads6.wikiart.org/images/jacek-yerka/dutch-landscape.jpg
Surrealism,Breath of the Dragon,Jacek Yerka,XX cent.,https://uploads2.wikiart.org/images/jacek-yerka/breath-of-the-dragon.jpg
Surrealism,Party on the Island,Jacek Yerka,XX cent.,https://uploads1.wikiart.org/images/jacek-yerka/party-on-the-island.jpg
Surrealism,Full bowl,Jacek Yerka,XX cent.,https://uploads0.wikiart.org/images/jacek-yerka/full-bowl.jpg
Surrealism,Little Dog's Rock,Jacek Yerka,XX cent.,https://uploads8.wikiart.org/images/jacek-yerka/little-dog-s-rock.jpg
Surrealism,Techno beach,Jacek Yerka,XX cent.,https://uploads3.wikiart.org/images/jacek-yerka/techno-beach.jpg
Surrealism,Underwater Tower,Jacek Yerka,XX cent.,https://uploads7.wikiart.org/images/jacek-yerka/underwater-tower.jpg
Surrealism,Little room on the Mount,Jacek Yerka,XX cent.,https://uploads6.wikiart.org/images/jacek-yerka/little-room-on-the-mount.jpg
Surrealism,Think of the Weekend,Jacek Yerka,XX cent.,https://uploads2.wikiart.org/images/jacek-yerka/think-of-the-weekend.jpg
Surrealism,Lion afternoon,Jacek Yerka,XX cent.,https://uploads5.wikiart.org/images/jacek-yerka/lion-afternoon.jpg
Surrealism,Hunter's morning,Jacek Yerka,XX cent.,https://uploads7.wikiart.org/images/jacek-yerka/hunter-s-morning.jpg
Surrealism,Port,Jacek Yerka,XX cent.,https://uploads4.wikiart.org/images/jacek-yerka/port.jpg
Surrealism,Back to Home,Jacek Yerka,XX cent.,https://uploads5.wikiart.org/images/jacek-yerka/back-to-home-1.jpg
Surrealism,Back from Safari,Jacek Yerka,XX cent.,https://uploads7.wikiart.org/images/jacek-yerka/back-from-safari.jpg
Surrealism,Private Wave,Jacek Yerka,XX cent.,https://uploads5.wikiart.org/images/jacek-yerka/private-wave-1.jpg
Surrealism,Paradise in the yard,Jacek Yerka,XX cent.,https://uploads2.wikiart.org/images/jacek-yerka/paradise-in-the-yard.jpg
Surrealism,Relaxation Time,Jacek Yerka,XX cent.,https://uploads6.wikiart.org/images/jacek-yerka/relaxation-time.jpg
Surrealism,Rock Street,Jacek Yerka,XX cent.,https://uploads2.wikiart.org/images/jacek-yerka/rock-street.jpg
Surrealism,Chisel landscape,Jacek Yerka,XX cent.,https://uploads7.wikiart.org/images/jacek-yerka/chisel-landscape.jpg
Surrealism,Strawberry garden,Jacek Yerka,XX cent.,https://uploads8.wikiart.org/images/jacek-yerka/strawberry-garden.jpg
Surrealism,Garden,Jacek Yerka,XX cent.,https://uploads6.wikiart.org/images/jacek-yerka/garden.jpg
Surrealism,Habitat,Jacek Yerka,XX cent.,https://uploads0.wikiart.org/images/jacek-yerka/habitat-1.jpg
Surrealism,Snail's rent,Jacek Yerka,XX cent.,https://uploads3.wikiart.org/images/jacek-yerka/snail-s-rent.jpg
Surrealism,City of death,Jacek Yerka,XX cent.,https://uploads4.wikiart.org/images/jacek-yerka/city-of-death.jpg
Surrealism,Sonnet,Jacek Yerka,XX cent.,https://uploads6.wikiart.org/images/jacek-yerka/sonnet.jpg
Surrealism,State Of Water,Jacek Yerka,XX cent.,https://uploads5.wikiart.org/images/jacek-yerka/state-of-water.jpg
Surrealism,Cover a little table,Jacek Yerka,XX cent.,https://uploads2.wikiart.org/images/jacek-yerka/cover-a-little-table.jpg
Surrealism,Strawberry Fields,Jacek Yerka,XX cent.,https://uploads8.wikiart.org/images/jacek-yerka/strawberry-fields.jpg
Surrealism,Sun Spots,Jacek Yerka,XX cent.,https://uploads0.wikiart.org/images/jacek-yerka/sun-spots.jpg
Surrealism,Festive Room,Jacek Yerka,XX cent.,https://uploads3.wikiart.org/images/jacek-yerka/festive-room.jpg
Surrealism,Swimming Lesson,Jacek Yerka,XX cent.,https://uploads6.wikiart.org/images/jacek-yerka/swimming-lesson.jpg
Surrealism,Cabinet webcam,Jacek Yerka,XX cent.,https://uploads5.wikiart.org/images/jacek-yerka/cabinet-webcam.jpg
Surrealism,The Secret Garden,Jacek Yerka,XX cent.,https://uploads8.wikiart.org/images/jacek-yerka/the-secret-garden.jpg
Surrealism,Tectonics,Jacek Yerka,XX cent.,https://uploads0.wikiart.org/images/jacek-yerka/tectonics.jpg
Surrealism,Strawberry Fields,Jacek Yerka,XX cent.,https://uploads1.wikiart.org/images/jacek-yerka/strawberry-fields-1.jpg
Surrealism,Twilight In The Nursery,Jacek Yerka,XX cent.,https://uploads5.wikiart.org/images/jacek-yerka/twilight-in-the-nursery.jpg
Surrealism,Ursus Winner,Jacek Yerka,XX cent.,https://uploads3.wikiart.org/images/jacek-yerka/ursus-winner.jpg
Surrealism,In the Shadow of the Cathedral,Jacek Yerka,XX cent.,https://uploads3.wikiart.org/images/jacek-yerka/in-the-shadow-of-the-cathedral.jpg
Surrealism,Wind of History,Jacek Yerka,XX cent.,https://uploads6.wikiart.org/images/jacek-yerka/wind-of-history.jpg
Surrealism,Vision over the Gulf of Genoa,Jacek Yerka,XX cent.,https://uploads2.wikiart.org/images/jacek-yerka/vision-over-the-gulf-of-genoa.jpg
Surrealism,Easter,Jacek Yerka,XX cent.,https://uploads6.wikiart.org/images/jacek-yerka/easter.jpg
Surrealism,The great departure,Jacek Yerka,XX cent.,https://uploads1.wikiart.org/images/jacek-yerka/the-great-departure.jpg
Surrealism,Villa,Jacek Yerka,XX cent.,https://uploads7.wikiart.org/images/jacek-yerka/villa-1.jpg
Surrealism,From the depths of,Jacek Yerka,XX cent.,https://uploads0.wikiart.org/images/jacek-yerka/from-the-depths-of.jpg
Surrealism,Profile,Jacek Yerka,XX cent.,https://uploads7.wikiart.org/images/jacek-yerka/profile.jpg
Surrealism,Confusion In The Kitchen,Jacek Yerka,XX cent.,https://uploads6.wikiart.org/images/jacek-yerka/confusion-in-the-kitchen.jpg
Surrealism,Jealousy,Jacek Yerka,XX cent.,https://uploads8.wikiart.org/images/jacek-yerka/jealousy.jpg
Surrealism,Clock,Jacek Yerka,XX cent.,https://uploads5.wikiart.org/images/jacek-yerka/clock.jpg
Surrealism,Zeppelin,Jacek Yerka,XX cent.,https://uploads8.wikiart.org/images/jacek-yerka/zeppelin.jpg
Surrealism,Green age,Jacek Yerka,XX cent.,https://uploads0.wikiart.org/images/jacek-yerka/green-age.jpg
Surrealism,Beneath The Dunes,Jacek Yerka,XX cent.,https://uploads8.wikiart.org/images/jacek-yerka/beneath-the-dunes.jpg
Surrealism,House over the waterfall,Jacek Yerka,XX cent.,https://uploads6.wikiart.org/images/jacek-yerka/house-over-the-waterfall.jpg
Surrealism,Europe,Jacek Yerka,XX cent.,https://uploads6.wikiart.org/images/jacek-yerka/europe.jpg
Surrealism,Adventure On Vacation,Jacek Yerka,XX cent.,https://uploads3.wikiart.org/images/jacek-yerka/foraging-in-the-field.jpg
Surrealism,In the  Oligocene Gardens,Jacek Yerka,XX cent.,https://uploads6.wikiart.org/images/jacek-yerka/in-the-oligocene-gardens.jpg
Surrealism,Metropolis II,Jacek Yerka,XX cent.,https://uploads4.wikiart.org/images/jacek-yerka/metropolis-ii.jpg
Surrealism,Paradise,Jacek Yerka,XX cent.,https://uploads8.wikiart.org/images/jacek-yerka/paradise.jpg
Surrealism,The Agitators,Jacek Yerka,XX cent.,https://uploads4.wikiart.org/images/jacek-yerka/the-agitators.jpg
Surrealism,The Cosmic Barnyard,Jacek Yerka,XX cent.,https://uploads1.wikiart.org/images/jacek-yerka/the-cosmic-barnyard.jpg
Surrealism,The Creation Of Water,Jacek Yerka,XX cent.,https://uploads3.wikiart.org/images/jacek-yerka/the-creation-of-water.jpg
Surrealism,Theory Of Tension,Jacek Yerka,XX cent.,https://uploads8.wikiart.org/images/jacek-yerka/theory-of-tension.jpg
Surrealism,Traffic Prohibited,Jacek Yerka,XX cent.,https://uploads0.wikiart.org/images/jacek-yerka/traffic-prohibited.jpg
Surrealism,Truancy At The Pond,Jacek Yerka,XX cent.,https://uploads1.wikiart.org/images/jacek-yerka/truancy-at-the-pond.jpg
Surrealism,A door,Jacek Yerka,XX cent.,https://uploads6.wikiart.org/images/jacek-yerka/a-door.jpg
Surrealism,Depressed Woodcock,Andre Masson,1952,https://uploads1.wikiart.org/images/andre-masson/depressed-woodcock.jpg
Surrealism,Fighting Centaur,Frederick Sommer,1952,https://uploads8.wikiart.org/images/frederick-sommer/fighting-centaur-1952.jpg
Surrealism,Peinture,Simon Hantai,1952,https://uploads5.wikiart.org/images/simon-hantai/peinture-1952.jpg
Surrealism,Root Dance,Endre Balint,1952,https://uploads7.wikiart.org/images/endre-balint/root-dance-1952.jpg
Surrealism,Stone Bird,Endre Balint,1952,https://uploads7.wikiart.org/images/endre-balint/stone-bird-1952.jpg
Surrealism,The Eclipse,Carlos Orozco Romero,1952,https://uploads7.wikiart.org/images/carlos-orozco-romero/the-eclipse-1952.jpg
Surrealism,Angoisse cosmique,Dolfi Trost,1952,https://uploads4.wikiart.org/images/dolfi-trost/angoisse-cosmique-1952.jpg
Surrealism,Scissor plant,Gosta Adrian-Nilsson,1952,https://uploads0.wikiart.org/images/gosta-adrian-nilsson/scissor-plant-1952.jpg
Surrealism,Some Roses and Their Phantoms,Dorothea Tanning,1952,https://uploads3.wikiart.org/images/dorothea-tanning/some-roses-and-their-phantoms-1952.jpg
Surrealism,Fluctuating Planes,Jock Macdonald,1952,https://uploads8.wikiart.org/images/jock-macdonald/fluctuating-planes-1952.jpg
Surrealism,Toward the Blue Peninsula,Joseph Cornell,1952,https://uploads6.wikiart.org/images/joseph-cornell/toward-the-blue-peninsula-1952.jpg
Surrealism,Untitled (Medici Boy),Joseph Cornell,1952,https://uploads0.wikiart.org/images/joseph-cornell/untitled-medici-boy-1952.jpg
Surrealism,Untitled (Medici Prince),Joseph Cornell,1952,https://uploads3.wikiart.org/images/joseph-cornell/untitled-medici-prince-1952.jpg
Surrealism,La revolte des Anges,Felix Labisse,1952,https://uploads0.wikiart.org/images/felix-labisse/la-revolte-des-anges-1952.jpg
Surrealism,La relation I,Victor Brauner,1952,https://uploads3.wikiart.org/images/victor-brauner/la-relation-i-1952.jpg
Surrealism,Untitled,Joan Ponc,1952,https://uploads2.wikiart.org/images/joan-ponc/untitled-1952.jpg
Surrealism,On the Contrary,Kay Sage,1952,https://uploads8.wikiart.org/images/kay-sage/on-the-contrary-1952.jpg
Surrealism,The Guest Room,Dorothea Tanning,1952,https://uploads6.wikiart.org/images/dorothea-tanning/the-guest-room-1952.jpg
Surrealism,Pan-tree (front),Xul Solar,1952,https://uploads8.wikiart.org/images/xul-solar/pan-tree-front-1952.jpg
Surrealism,Pan-tree (back),Xul Solar,1952,https://uploads7.wikiart.org/images/xul-solar/pan-tree-back-1952.jpg
Surrealism,Det bla nabbets kyss,Max Walter Svanberg,1952,https://uploads6.wikiart.org/images/max-walter-svanberg/det-bla-nabbets-kyss-1952.jpg
Surrealism,Mr. Ace,Yasuo Kuniyoshi,1952,https://uploads6.wikiart.org/images/yasuo-kuniyoshi/mr-ace-1952.jpg
Surrealism,The Sun Embracing the Lover,Joan Miro,1952,https://uploads3.wikiart.org/images/joan-miro/the-sun-embracing-the-lover-1952.jpg
Surrealism,Portrait of Berthe David Weill (1952),Salvador Dali,1952,https://uploads8.wikiart.org/00152/images/salvador-dali/zzz-salvadore-dali-berthe-david-weill1952.jpg
Surrealism,Standing Forms II,Graham Sutherland,1952,https://uploads8.wikiart.org/00229/images/graham-sutherland/standing-forms-ii-1952.jpg
Surrealism,Bercy Embankment,Marc Chagall,1953,https://uploads5.wikiart.org/images/marc-chagall/bercy-enbankement-1953.jpg
Surrealism,Night,Marc Chagall,1953,https://uploads2.wikiart.org/images/marc-chagall/night-1953.jpg
Surrealism,Vence: night,Marc Chagall,1953,https://uploads3.wikiart.org/images/marc-chagall/vence-night.jpg
Surrealism,Relativity lattice,M.C. Escher,1953,https://uploads8.wikiart.org/images/m-c-escher/relativity-lattice.jpg
Surrealism,Golconda,Rene Magritte,1953,https://uploads0.wikiart.org/images/rene-magritte/gonconda-1953(1).jpg
Surrealism,The happy hand,Rene Magritte,1953,https://uploads6.wikiart.org/images/rene-magritte/the-happy-hand-1953(1).jpg
Surrealism,The seducer,Rene Magritte,1953,https://uploads3.wikiart.org/images/rene-magritte/the-seducer-1953(1).jpg
Surrealism,The seducer,Rene Magritte,1953,https://uploads5.wikiart.org/images/rene-magritte/the-seducer-1953-1(1).jpg
Surrealism,The Royal Heart,Salvador Dali,1953,https://uploads8.wikiart.org/images/salvador-dali/the-royal-heart.jpg
Surrealism,Mother and child,Pablo Picasso,1953,https://uploads5.wikiart.org/images/pablo-picasso/mother-and-child-1953.jpg
Surrealism,Seated woman,Pablo Picasso,1953,https://uploads1.wikiart.org/images/pablo-picasso/seated-woman-1953.jpg
Surrealism,The shadow,Pablo Picasso,1953,https://uploads8.wikiart.org/images/pablo-picasso/the-shadow-1953.jpg
Surrealism,Woman sitting in an armchair,Pablo Picasso,1953,https://uploads8.wikiart.org/images/pablo-picasso/woman-sitting-in-an-armchair-1953.jpg
Surrealism,Ladders Cross the Blue Sky in a Wheel of Fire,Joan Miro,1953,https://uploads7.wikiart.org/images/joan-miro/ladders-cross-the-blue-sky-in-a-wheel-of-fire.jpg
Surrealism,Series I,Joan Miro,1952-1953,https://uploads2.wikiart.org/images/joan-miro/series-i-1953.jpg
Surrealism,The Smile of the Flamboyant Wings,Joan Miro,1953,https://uploads4.wikiart.org/images/joan-miro/the-smile-of-the-flamboyant-wings.jpg
Surrealism,"Colorado of Medusa, Color Raft of Medusa",Max Ernst,1953,https://uploads6.wikiart.org/images/max-ernst/colorado-of-medusa-color-raft-of-medusa-1953.jpg
Surrealism,Compendium of the History of the Universe,Max Ernst,1953,https://uploads8.wikiart.org/images/max-ernst/compendium-of-the-history-of-the-universe-1953.jpg
Surrealism,Untitled,Jean Arp,1953,https://uploads7.wikiart.org/images/jean-arp/untitled-1.jpg
Surrealism,Premonition,Remedios Varo,1953,https://uploads0.wikiart.org/images/remedios-varo/premonition-1953.jpg
Surrealism,Feuilles mortes,Georges Papazoff,1953,https://uploads7.wikiart.org/images/georges-papazoff/feuilles-mortes-1953.jpg
Surrealism,Paysage,Josef Sima,1953,https://uploads0.wikiart.org/images/josef-ma/paysage-1953.jpg
Surrealism,Car,Saul Steinberg,1953,https://uploads2.wikiart.org/images/saul-steinberg/car-1953.jpg
Surrealism,Enigma of the Night,Conroy Maddox,1953,https://uploads8.wikiart.org/images/conroy-maddox/enigma-of-the-night-1953.jpg
Surrealism,Ensayo de color,Carlos Orozco Romero,1953,https://uploads2.wikiart.org/images/carlos-orozco-romero/ensayo-de-color-1953.jpg
Surrealism,Montreur d’ours au long du Bosphore,Brassai,1953,https://uploads0.wikiart.org/images/brassai/montreur-d-ours-au-long-du-bosphore-1953.jpg
Surrealism,Figures on Landscape,Roberto Aizenberg,1953,https://uploads4.wikiart.org/images/roberto-aizenberg/figures-on-landscape-1953.jpg
Surrealism,Glass Bouquet,Kansuke Yamamoto,1953,https://uploads5.wikiart.org/images/kansuke-yamamoto/glass-bouquet-1953.jpg
Surrealism,In Kobe,Kansuke Yamamoto,1953,https://uploads8.wikiart.org/images/kansuke-yamamoto/in-kobe-1953.jpg
Surrealism,Reminiscence,Kansuke Yamamoto,1953,https://uploads4.wikiart.org/images/kansuke-yamamoto/reminiscence-1953.jpg
Surrealism,Untitled,Kansuke Yamamoto,1953,https://uploads0.wikiart.org/images/kansuke-yamamoto/untitled-1953.jpg
Surrealism,A Parrot for Juan Gris,Joseph Cornell,1953,https://uploads3.wikiart.org/images/joseph-cornell/a-parrot-for-juan-gris-1953.jpg
Surrealism,Object (Roses des Vents),Joseph Cornell,1953,https://uploads3.wikiart.org/images/joseph-cornell/object-roses-des-vents-1953.jpg
Surrealism,I was dreaming (first version),Le Corbusier,1953,https://uploads7.wikiart.org/images/le-corbusier/i-was-dreaming-first-version-1953.jpg
Surrealism,Dama en la playa,Jose Manuel Capuletti,1953,https://uploads4.wikiart.org/images/jose-manuel-capuletti/dama-en-la-playa-1953.jpg
Surrealism,Portrait aux fleurs,Victor Brauner,1953,https://uploads0.wikiart.org/images/victor-brauner/portrait-aux-fleurs-1953.jpg
Surrealism,Paysage,Victor Brauner,1953,https://uploads6.wikiart.org/images/victor-brauner/paysage-1953.jpg
Surrealism,Tapis vert,Victor Brauner,1953,https://uploads0.wikiart.org/images/victor-brauner/tapis-vert-1953.jpg
Surrealism,Suite Toros,Joan Ponc,1953,https://uploads5.wikiart.org/images/joan-ponc/suite-toros-1953.jpg
Surrealism,Suite Toros,Joan Ponc,1953,https://uploads7.wikiart.org/images/joan-ponc/suite-toros-1953-1.jpg
Surrealism,Suite Toros,Joan Ponc,1953,https://uploads7.wikiart.org/images/joan-ponc/suite-toros-1953-2.jpg
Surrealism,Suite Toros,Joan Ponc,1953,https://uploads7.wikiart.org/images/joan-ponc/suite-toros-1953-3.jpg
Surrealism,Untitled,Joan Ponc,1953,https://uploads2.wikiart.org/images/joan-ponc/untitled-1953.jpg
Surrealism,Salvador Dali,Philippe Halsman,1953,https://uploads5.wikiart.org/images/philippe-halsman/salvador-dali-1953.jpg
Surrealism,Je rêvais (1ère version),Le Corbusier,1953,https://uploads1.wikiart.org/images/le-corbusier/je-r-vais-1-re-version-1953.jpg
Surrealism,Untitled,Gunther Gerzso,1953,https://uploads7.wikiart.org/images/gunther-gerzso/untitled-1953.jpg
Surrealism,Zodiaco,Xul Solar,1953,https://uploads1.wikiart.org/images/xul-solar/zodiaco-1953.jpg
Surrealism,Desarrollo de Yi Ching,Xul Solar,1953,https://uploads7.wikiart.org/images/xul-solar/desarrollo-de-yi-ching-1953.jpg
Surrealism,Untitled,Mimi Parent,1953,https://uploads4.wikiart.org/images/mimi-parent/untitled-1953.jpg
Surrealism,Self-Portrait in a Crystal Ball,Roberto Montenegro,1953,https://uploads6.wikiart.org/00108/images/robert-montenegro/self-portrait-in-a-crystal-ball.jpg
Surrealism,Portrait of  Ann Woodward (1953),Salvador Dali,1953,https://uploads4.wikiart.org/00152/images/salvador-dali/zzz-salvadore-dali-ann-woodward-1953.jpeg!PinterestSmall.jpeg
Surrealism,Portrait of Mrs Eric Phillips (1953),Salvador Dali,1953,https://uploads7.wikiart.org/00152/images/salvador-dali/zzz-salvadore-dali-mrs-eric-phillips1953.jpg
Surrealism,Girl in Love,Salvador Dali,1953,https://uploads5.wikiart.org/00152/images/salvador-dali/zzz-girl-in-love1953.jpg
Surrealism,ARAIGNÉE,Alexander Calder,1953,https://uploads5.wikiart.org/00209/images/alexander-calder/araign-e-1953.jpg
Surrealism,Untitled,Alexander Calder,1953,https://uploads5.wikiart.org/00209/images/alexander-calder/untitled-1953.jpg
Surrealism,BUGS AND FLOWER,Alexander Calder,1953,https://uploads3.wikiart.org/00209/images/alexander-calder/bugs-and-flower-1953.jpg
Surrealism,La Petite Afrique I,Graham Sutherland,1953,https://uploads1.wikiart.org/00229/images/graham-sutherland/la-petite-afrique-i-1953.jpg
Surrealism,Head III,Graham Sutherland,1953,https://uploads8.wikiart.org/00229/images/graham-sutherland/head-iii-1953.jpg
Surrealism,Le Cirque,Jacqueline Lamba,1953,https://uploads0.wikiart.org/00333/images/jacqueline-lamba/le-cirque-1953.jpg
Surrealism,Hera,Francis Picabia,XIX-XX cent.,https://uploads8.wikiart.org/images/francis-picabia/hera.jpg
Surrealism,"Jeannine, Lorenzo and Bunny",Francis Picabia,XIX-XX cent.,https://uploads3.wikiart.org/images/francis-picabia/jeannine-lorenzo-and-bunny.jpg
Surrealism,Meliboeus,Francis Picabia,XIX-XX cent.,https://uploads4.wikiart.org/images/francis-picabia/meliboeus.jpg
Surrealism,Optophone II,Francis Picabia,XIX-XX cent.,https://uploads7.wikiart.org/images/francis-picabia/optophone-ii.jpg
Surrealism,Psi,Francis Picabia,XIX-XX cent.,https://uploads7.wikiart.org/images/francis-picabia/psi.jpg
Surrealism,Salome,Francis Picabia,XIX-XX cent.,https://uploads1.wikiart.org/images/francis-picabia/salome.jpg
Surrealism,The beautiful butcher,Francis Picabia,XIX-XX cent.,https://uploads7.wikiart.org/images/francis-picabia/the-beautiful-butcher.jpg
Surrealism,Trice,Francis Picabia,XIX-XX cent.,https://uploads0.wikiart.org/images/francis-picabia/trice.jpg
Surrealism,Young Woman with an Umbrella,Francis Picabia,XIX-XX cent.,https://uploads5.wikiart.org/images/francis-picabia/young-woman-with-an-umbrella.jpg
Surrealism,Marxism Will Give Health to the Sick,Frida Kahlo,1954,https://uploads8.wikiart.org/images/magdalena-carmen-frieda-kahlo-y-calderón-de-rivera/marxism-will-give-health-to-the-sick-1954.jpg
Surrealism,Multiplication of the Arcs,Yves Tanguy,1954,https://uploads5.wikiart.org/images/yves-tanguy/multiplicatiion-of-the-arcs-1954.jpg
Surrealism,Composition on yellow background (green Logs),Fernand Leger,1954,https://uploads5.wikiart.org/images/fernand-leger/composition-on-yellow-background-green-logs-1954.jpg
Surrealism,Kindergarten,Fernand Leger,1954,https://uploads1.wikiart.org/images/fernand-leger/kindergarten-1954.jpg
Surrealism,Bridges over the Seine,Marc Chagall,1954,https://uploads1.wikiart.org/images/marc-chagall/bridges-over-the-seine-1954.jpg
Surrealism,Red Roofs,Marc Chagall,1953-1954,https://uploads6.wikiart.org/images/marc-chagall/red-roofs-1954.jpg
Surrealism,The Sky inflames,Marc Chagall,1954,https://uploads4.wikiart.org/images/marc-chagall/the-sky-inflames-1954.jpg
Surrealism,Tetrahedral Planetoid,M.C. Escher,1954,https://uploads2.wikiart.org/images/m-c-escher/tetrahedral-planetoid.jpg
Surrealism,Invisible world,Rene Magritte,1954,https://uploads7.wikiart.org/images/rene-magritte/invisible-world-1954(1).jpg
Surrealism,The empire of lights,Rene Magritte,1954,https://uploads3.wikiart.org/images/rene-magritte/the-empire-of-lights-1954(1).jpg
Surrealism,The empire of lights,Rene Magritte,1954,https://uploads5.wikiart.org/images/rene-magritte/the-empire-of-lights-1954-1(1).jpg
Surrealism,The evening gown,Rene Magritte,1954,https://uploads8.wikiart.org/images/rene-magritte/the-evening-gown-1954(1).jpg
Surrealism,The great century,Rene Magritte,1954,https://uploads0.wikiart.org/images/rene-magritte/the-great-century-1954(1).jpg
Surrealism,The schoolmaster,Rene Magritte,1954,https://uploads8.wikiart.org/images/rene-magritte/the-schoolmaster-1954(1).jpg
Surrealism,The Painter's Studio,Diego Rivera,1954,https://uploads8.wikiart.org/images/diego-rivera/the-painter-s-studio-1954.jpg
Surrealism,Crucifixion,Salvador Dali,1954,https://uploads4.wikiart.org/images/salvador-dali/crucifixion.jpg
Surrealism,Crucifixion (Corpus Hypercubicus),Salvador Dali,1953-1954,https://uploads2.wikiart.org/images/salvador-dali/crucifixion-corpus-hypercubicus-1954.jpg
Surrealism,"Dali Nude, in Contemplation Before the Five Regular Bodies",Salvador Dali,1954,https://uploads5.wikiart.org/images/salvador-dali/dali-nude-in-contemplation-before-the-five-regular-bodies.jpg
Surrealism,Equestrian Fantasy Portrait of Lady Dunn,Salvador Dali,1954,https://uploads6.wikiart.org/images/salvador-dali/equestrian-fantasy-portrait-of-lady-dunn.jpg
Surrealism,Galatée,Salvador Dali,1954,https://uploads0.wikiart.org/images/salvador-dali/galatée.jpg
Surrealism,Head Bombarded with Grains of Wheat (Particle Head Over the Village of Cadaques),Salvador Dali,1954,https://uploads8.wikiart.org/images/salvador-dali/head-bombarded-with-grains-of-wheat-particle-head-over-the-village-of-cadaques.jpg
Surrealism,Melting Watch,Salvador Dali,1954,https://uploads6.wikiart.org/images/salvador-dali/melting-watch.jpg
Surrealism,Microphysical Madonna,Salvador Dali,1954,https://uploads5.wikiart.org/images/salvador-dali/microphysical-madonna.jpg
Surrealism,Portrait of Gala with Rhinocerotic Symptoms,Salvador Dali,1954,https://uploads0.wikiart.org/images/salvador-dali/portrait-of-gala-with-rhinocerotic-symptoms.jpg
Surrealism,Portrait of Mrs. Ann Woodward,Salvador Dali,1954,https://uploads3.wikiart.org/images/salvador-dali/portrait-of-mrs-ann-woodward.jpg
Surrealism,Portrait of Mrs. Reeves,Salvador Dali,1954,https://uploads6.wikiart.org/images/salvador-dali/portrait-of-mrs-reeves.jpg
Surrealism,Rhinocerotic Figure of Phidias' Illisos,Salvador Dali,1954,https://uploads4.wikiart.org/images/salvador-dali/rhinocerotic-figure-of-phidias-illisos.jpg
Surrealism,Statue of Olympic Zeus,Salvador Dali,1954,https://uploads6.wikiart.org/images/salvador-dali/statue-of-olympic-zeus.jpg
Surrealism,The Colossus of Rhodes,Salvador Dali,1954,https://uploads2.wikiart.org/images/salvador-dali/the-colossus-of-rhodes-1954.jpg
Surrealism,The Disintegration of the Persistence of Memory,Salvador Dali,1952-1954,https://uploads4.wikiart.org/images/salvador-dali/the-disintegration-of-the-persistence-of-memory.jpg
Surrealism,The Lighthouse at Alexandria,Salvador Dali,1954,https://uploads3.wikiart.org/images/salvador-dali/the-lighthouse-at-alexandria.jpg
Surrealism,The Lighthouse at Alexandria,Salvador Dali,1954,https://uploads5.wikiart.org/images/salvador-dali/the-lighthouse-at-alexandria-1.jpg
Surrealism,The Maximum Speed of Raphael's Madonna,Salvador Dali,1954,https://uploads4.wikiart.org/images/salvador-dali/the-maximum-speed-of-raphael-s-madonna.jpg
Surrealism,Two Adolescents,Salvador Dali,1954,https://uploads8.wikiart.org/images/salvador-dali/two-adolescents.jpg
Surrealism,Young Virgin Auto-Sodomized by the Horns of Her Own Chastity,Salvador Dali,1954,https://uploads8.wikiart.org/images/salvador-dali/young-virgin-auto-sodomized-by-the-horns-of-her-own-chastity.jpg
Surrealism,Reclining woman,Pablo Picasso,1954,https://uploads4.wikiart.org/images/pablo-picasso/reclining-woman-1954.jpg
Surrealism,Prelude to a Civilization,Victor Brauner,1954,https://uploads6.wikiart.org/images/victor-brauner/prelude-to-a-civilization-1954.jpg
Surrealism,Initiation Into Liberty,Victor Brauner,1954,https://uploads4.wikiart.org/images/victor-brauner/initiation-into-liberty-1954.jpg
Surrealism,Portrait of Frederick Kiesler,Hedda Sterne,1954,https://uploads8.wikiart.org/images/hedda-sterne/portrait-of-frederick-kiesler-1954.jpg
Surrealism,Children's Labyrinth,Saul Steinberg,1954,https://uploads1.wikiart.org/images/saul-steinberg/children-s-labyrinth-1954.jpg
Surrealism,Woman Machine-Gunner in a State of Grace,Hans Bellmer,1954,https://uploads1.wikiart.org/images/hans-bellmer/woman-machine-gunner-in-a-state-of-grace-1954.jpg
Surrealism,The Articulated Hands,Hans Bellmer,1954,https://uploads0.wikiart.org/images/hans-bellmer/the-articulated-hands-1954.jpg
Surrealism,Untitled (Double-Sided Portrait of Unica Zürn) (recto),Hans Bellmer,1954,https://uploads2.wikiart.org/images/hans-bellmer/untitled-double-sided-portrait-of-unica-z-rn-recto-1954.jpg
Surrealism,Untitled (Double-Sided Portrait of Unica Zürn) (verso),Hans Bellmer,1954,https://uploads2.wikiart.org/images/hans-bellmer/untitled-double-sided-portrait-of-unica-z-rn-verso-1954.jpg
Surrealism,Hiroshima,Kansuke Yamamoto,1954,https://uploads1.wikiart.org/images/kansuke-yamamoto/hiroshima-1954.jpg
Surrealism,Untitled (Apollinaris),Joseph Cornell,1954,https://uploads1.wikiart.org/images/joseph-cornell/untitled-apollinaris-1954.jpg
Surrealism,Imaginary Portrait,Richard Oelze,1954,https://uploads7.wikiart.org/images/richard-oelze/imaginary-portrait-1954.jpg
Surrealism,Le soleil du dimanche,Felix Labisse,1954,https://uploads1.wikiart.org/images/felix-labisse/le-soleil-du-dimanche-1954.jpg
Surrealism,Illustration for L’extrême-Occidentale by Ghérasim Luca,Victor Brauner,1954,https://uploads0.wikiart.org/images/victor-brauner/illustration-for-l-extr-me-occidentale-by-gh-rasim-luca-1954.jpg
Surrealism,La Madmoiselle du Jamaica,Enrico Baj,1954,https://uploads2.wikiart.org/images/enrico-baj/la-madmoiselle-du-jamaica-1954.jpg
Surrealism,Hyphen,Kay Sage,1954,https://uploads8.wikiart.org/images/kay-sage/hyphen-1954.jpg
Surrealism,No Passing,Kay Sage,1954,https://uploads3.wikiart.org/images/kay-sage/no-passing-1954.jpg
Surrealism,Femme,Le Corbusier,1954,https://uploads2.wikiart.org/images/le-corbusier/femme-1954.jpg
Surrealism,Taureau IX,Le Corbusier,1954,https://uploads7.wikiart.org/images/le-corbusier/taureau-ix-1954.jpg
Surrealism,Taureau V,Le Corbusier,1954,https://uploads6.wikiart.org/images/le-corbusier/taureau-v-1954.jpg
Surrealism,Taureau VI,Le Corbusier,1954,https://uploads7.wikiart.org/images/le-corbusier/taureau-vi-1954.jpg
Surrealism,Taureau VIII,Le Corbusier,1954,https://uploads0.wikiart.org/images/le-corbusier/taureau-viii-1954.jpg
Surrealism,Estructuras,Gunther Gerzso,1954,https://uploads1.wikiart.org/images/gunther-gerzso/estructuras-1954.jpg
Surrealism,Figures In A Moroccan Landscape,Brion Gysin,1954,https://uploads0.wikiart.org/images/brion-gysin/figures-in-a-moroccan-landscape-1954.jpg
Surrealism,Proyecto Fachada Delta (#1),Xul Solar,1954,https://uploads0.wikiart.org/images/xul-solar/proyecto-fachada-delta-1-1954.jpg
Surrealism,Proyecto Fachada Delta (#2),Xul Solar,1954,https://uploads0.wikiart.org/images/xul-solar/proyecto-fachada-delta-2-1954.jpg
Surrealism,La Gardienne des Phénix,Leonor Fini,1954,https://uploads1.wikiart.org/images/leonor-fini/la-gardienne-des-ph-nix-1954.jpg
Surrealism,Acrobats,Jorge Camacho,1954,https://uploads6.wikiart.org/images/jorge-camacho/acrobats-1954.jpg
Surrealism,ZŁOTOWŁOSE,Kazimierz Mikulski,1954,https://uploads3.wikiart.org/00136/images/kazimierz-mikulski/z-otow-ose-1954.jpg
Surrealism,Portrait of the Prince Gourielli,Salvador Dali,1954,https://uploads7.wikiart.org/00152/images/salvador-dali/zzz-portrait-of-the-prince-gourielli1954.jpg
Surrealism,Hydrant II,Graham Sutherland,1954,https://uploads1.wikiart.org/00229/images/graham-sutherland/hydrant-ii-1954.jpg
Surrealism,Hippodrome Sous La Pluie,Maurice Tabard,1954,https://uploads1.wikiart.org/00302/images/maurice-tabard/hippodrome-sous-la-pluie-1954.jpg
Surrealism,Naked in Thorns,Mikuláš Medek,1954,https://uploads3.wikiart.org/00330/images/mikulas-medek/naked-in-thorns-1954.jpg
Surrealism,Sensitive Action,Mikuláš Medek,1954,https://uploads4.wikiart.org/00330/images/mikulas-medek/sensitive-action-1954.jpg
Surrealism,Cranach's Super Lyrics with Imperialist Flower,Mikuláš Medek,1953-1954,https://uploads1.wikiart.org/00330/images/mikulas-medek/cranach-s-super-lyrics-with-imperialist-flower-1953-54.jpg
Surrealism,Chateau Des Trésors,Boleslas Biegas,XIX-XX cent.,https://uploads0.wikiart.org/00233/images/boleslas-biegas/chateau-des-tr-sors-pa-ac-skarb-w.jpg
Surrealism,Scène fantastique,Boleslas Biegas,XIX-XX cent.,https://uploads2.wikiart.org/00233/images/boleslas-biegas/sc-ne-fantastique-huile-sur-panneau.jpg
Surrealism,Self Portrait,Claude Cahun,XIX-XX cent.,https://uploads1.wikiart.org/00302/images/claude-cahun/self-portrait.jpg
Surrealism,Branches (Logs),Fernand Leger,1955,https://uploads2.wikiart.org/images/fernand-leger/branches-logs-1955.jpg
Surrealism,Field of Mars,Marc Chagall,1954-1955,https://uploads1.wikiart.org/images/marc-chagall/field-of-mars-1955.jpg
Surrealism,Christmas Card,M.C. Escher,1955,https://uploads4.wikiart.org/images/m-c-escher/christmas-card.jpg
Surrealism,Convex and Concave,M.C. Escher,1955,https://uploads8.wikiart.org/images/m-c-escher/convex-and-concave.jpg
Surrealism,Rind,M.C. Escher,1955,https://uploads5.wikiart.org/00187/images/m-c-escher/m-c-escher-rind-1955-760x1113.jpg
Surrealism,Banquet,Rene Magritte,1955,https://uploads8.wikiart.org/images/rene-magritte/banquet-1955(1).jpg
Surrealism,Memory of a journey,Rene Magritte,1955,https://uploads2.wikiart.org/images/rene-magritte/memory-of-a-journey-1955(1).jpg
Surrealism,Memory of a Voyage,Rene Magritte,1955,https://uploads1.wikiart.org/images/rene-magritte/memory-of-a-voyage-1955(1).jpg
Surrealism,The fanatics,Rene Magritte,1955,https://uploads4.wikiart.org/images/rene-magritte/the-fanatics-1955(1).jpg
Surrealism,The masterpiece or the mysteries of the horizon,Rene Magritte,1955,https://uploads3.wikiart.org/images/rene-magritte/the-masterpiece-or-the-mysteries-of-the-horizon-1955(1).jpg
Surrealism,The spot on the map,Rene Magritte,1955,https://uploads2.wikiart.org/images/rene-magritte/the-spot-on-the-map-1955(1).jpg
Surrealism,Where Euclide walked,Rene Magritte,1955,https://uploads3.wikiart.org/images/rene-magritte/where-euclide-walked-1955(1).jpg
Surrealism,Ascensionist Saint Cecilia,Salvador Dali,1955,https://uploads1.wikiart.org/images/salvador-dali/ascensionist-saint-cecilia.jpg
Surrealism,Blue Horns. Design for a Scarf,Salvador Dali,1955,https://uploads4.wikiart.org/images/salvador-dali/blue-horns-design-for-a-scarf.jpg
Surrealism,Dali Combat,Salvador Dali,1955,https://uploads4.wikiart.org/images/salvador-dali/dali-combat.jpg
Surrealism,Portrait of Laurence Olivier in the Role of Richard III,Salvador Dali,1955,https://uploads3.wikiart.org/images/salvador-dali/portrait-of-laurence-olivier-in-the-role-of-richard-iii.jpg
Surrealism,Rhinocerotic Figures,Salvador Dali,1955,https://uploads4.wikiart.org/images/salvador-dali/rhinocerotic-figures.jpg
Surrealism,Rhinocerotic Portrait of Vermeer's 'Lacemaker',Salvador Dali,1955,https://uploads1.wikiart.org/images/salvador-dali/rhinocerotic-portrait-of-vermeer-s-lacemaker.jpg
Surrealism,The Paranoiac-Critical Study of Vermeer's Lacemaker,Salvador Dali,1954-1955,https://uploads4.wikiart.org/images/salvador-dali/the-paranoiac-critical-study-of-vermeer-s-lacemaker-1955.jpg
Surrealism,The Sacrament of the Last Supper,Salvador Dali,1955,https://uploads3.wikiart.org/images/salvador-dali/the-sacrament-of-the-last-supper-1955.jpg
Surrealism,Algerian women,Pablo Picasso,1955,https://uploads3.wikiart.org/images/pablo-picasso/algerian-women-1955.jpg
Surrealism,Bullfighting Scene (The picador raised),Pablo Picasso,1955,https://uploads8.wikiart.org/images/pablo-picasso/bullfighting-scene-the-picador-raised-1955.jpg
Surrealism,Bullfighting Scene (The torero is raised),Pablo Picasso,1955,https://uploads1.wikiart.org/images/pablo-picasso/bullfighting-scene-the-torero-is-raised-1955.jpg
Surrealism,Lying naked woman (The Voyeurs),Pablo Picasso,1955,https://uploads0.wikiart.org/images/pablo-picasso/lying-naked-woman-the-voyeurs-1955.jpg
Surrealism,The beach in Garoupe,Pablo Picasso,1955,https://uploads0.wikiart.org/images/pablo-picasso/the-beach-in-garoupe-1955.jpg
Surrealism,The beach in Garoupe,Pablo Picasso,1955,https://uploads2.wikiart.org/images/pablo-picasso/the-beach-in-garoupe-1955-1.jpg
Surrealism,Women of Algiers,Pablo Picasso,1955,https://uploads5.wikiart.org/images/pablo-picasso/women-of-algiers-1955.jpg
Surrealism,Praise to Tanguy,Max Ernst,1955,https://uploads8.wikiart.org/images/max-ernst/not_detected_234399.jpg
Surrealism,The Annunciation,Paul Delvaux,1955,https://uploads4.wikiart.org/images/paul-delvaux/the-annunciation-1955.jpg
Surrealism,Figure in Front of a Mantel,Balthus,1955,https://uploads1.wikiart.org/images/balthus/figure-in-front-of-a-mantel-1955.jpg